{
"type": "FeatureCollection",
"name": "vancouver_chsa_boundaries",
"crs": { "type": "name", "properties": { "name": "urn:ogc:def:crs:OGC:1.3:CRS84" } },
"features": [
{ "type": "Feature", "properties": { "CMNTY_HLTH_SERV_AREA_CODE": "3211", "CMNTY_HLTH_SERV_AREA_NAME": "Downtown Vancouver", "LOCAL_HLTH_AREA_CODE": "321", "LOCAL_HLTH_AREA_NAME": "Vancouver - City Centre", "HLTH_AUTHORITY_CODE": "3", "HLTH_AUTHORITY_NAME": "Vancouver Coastal", "OBJECTID": 1623, "CityOverlapShare": 1.0, "VancouverCityIncluded": true }, "geometry": { "type": "Polygon", "coordinates": [ [ [ -123.116470921129334, 49.272544837588825 ], [ -123.117242116788603, 49.273366640559978 ], [ -123.117308751743195, 49.273418204268125 ], [ -123.11710644412473, 49.274197305539758 ], [ -123.117534032069685, 49.27445819434309 ], [ -123.118886730693148, 49.274624911081219 ], [ -123.119219300244893, 49.274624820068638 ], [ -123.118136100559781, 49.275980318170014 ], [ -123.118047086426444, 49.276041874811717 ], [ -123.117952265703892, 49.276108703191639 ], [ -123.117917928116682, 49.276218582329513 ], [ -123.11664048623399, 49.277116706120985 ], [ -123.116602592385135, 49.277173343647419 ], [ -123.115438915111454, 49.277919693373974 ], [ -123.115205255264058, 49.278069593575111 ], [ -123.114978029582559, 49.278215314760871 ], [ -123.113292832552929, 49.279326815194771 ], [ -123.114271447774613, 49.279942915096541 ], [ -123.115221136974867, 49.280581714477783 ], [ -123.115765909434799, 49.280933776608379 ], [ -123.116206744268894, 49.281218704798185 ], [ -123.114470661398627, 49.282373015350046 ], [ -123.11338320147452, 49.283090164343669 ], [ -123.112879858745117, 49.283422111582659 ], [ -123.112444985072102, 49.283708739953752 ], [ -123.111923857422298, 49.284052210919235 ], [ -123.111448615544703, 49.284369963149189 ], [ -123.110934246052366, 49.284713916452795 ], [ -123.110906799446227, 49.2847087045308 ], [ -123.108838344440571, 49.284316407219052 ], [ -123.108691062442389, 49.28465030497896 ], [ -123.108743455821056, 49.284972781346006 ], [ -123.108772883544404, 49.285191325197246 ], [ -123.108801298983252, 49.28540252265249 ], [ -123.108828028525835, 49.28560086493205 ], [ -123.108857769279879, 49.285821807407522 ], [ -123.10888834987361, 49.286048903435592 ], [ -123.108738504726873, 49.286283175229315 ], [ -123.109031995805552, 49.286231769257427 ], [ -123.109543790111076, 49.286369457935336 ], [ -123.109413456465873, 49.286439791848416 ], [ -123.109420732924775, 49.286515984237724 ], [ -123.108879671897341, 49.28670669103014 ], [ -123.108946847715529, 49.286805137117064 ], [ -123.108977868438089, 49.286840204714068 ], [ -123.109314342508526, 49.286706788861437 ], [ -123.109351531045306, 49.286771679219484 ], [ -123.108878902888122, 49.286939448602709 ], [ -123.1089179834334, 49.286973989845279 ], [ -123.108711746020234, 49.287057693466771 ], [ -123.108749702991702, 49.287137804097092 ], [ -123.108817035842208, 49.287171799492427 ], [ -123.109047107523537, 49.287107487576883 ], [ -123.109117183866459, 49.287137340912956 ], [ -123.109486998178596, 49.287036436697591 ], [ -123.109550064844569, 49.287004424087669 ], [ -123.109580569693392, 49.287038736389356 ], [ -123.109245809224547, 49.287172198928687 ], [ -123.109313502898956, 49.287271400730731 ], [ -123.109877897190856, 49.28703924778636 ], [ -123.109947224156002, 49.287137777736113 ], [ -123.111045988147794, 49.286737376100682 ], [ -123.111675088525942, 49.286972407325244 ], [ -123.111648748046136, 49.287072973110732 ], [ -123.112915217559532, 49.287538341625236 ], [ -123.111869894068178, 49.28794410495582 ], [ -123.108985897914792, 49.288970051069292 ], [ -123.108977873626827, 49.289071996408929 ], [ -123.109881356942751, 49.289313094105239 ], [ -123.110518839569806, 49.289469703173744 ], [ -123.113862155585736, 49.288284105779674 ], [ -123.114478527120298, 49.288038086951914 ], [ -123.115426562986656, 49.288341767161704 ], [ -123.116417299222292, 49.288606663313239 ], [ -123.11562391914849, 49.288900956575972 ], [ -123.115417448691176, 49.288770511958376 ], [ -123.115280876537199, 49.288839200706924 ], [ -123.115416902850214, 49.288972593208221 ], [ -123.114912118579312, 49.289206295062236 ], [ -123.114449557389037, 49.289376003808179 ], [ -123.114477420342453, 49.289468548323036 ], [ -123.11467235727288, 49.289472351680566 ], [ -123.114873095411994, 49.289439898691484 ], [ -123.115417046672391, 49.289274051411525 ], [ -123.115810891743024, 49.289534885553373 ], [ -123.115379917250678, 49.289705115873332 ], [ -123.115514961039892, 49.289836229091655 ], [ -123.11555599075426, 49.289800164808966 ], [ -123.115937539830526, 49.289612889137949 ], [ -123.116507863334888, 49.289441325156723 ], [ -123.116780061241087, 49.289442068364302 ], [ -123.117349628231921, 49.289503831512882 ], [ -123.117657983482488, 49.289506858236237 ], [ -123.118037713373738, 49.289440276921106 ], [ -123.118655217687717, 49.289438849309249 ], [ -123.118887035145008, 49.289500288850427 ], [ -123.119148038937439, 49.289537196843284 ], [ -123.119148509639942, 49.289640226378744 ], [ -123.11891252012316, 49.289705141995611 ], [ -123.11891168997353, 49.289773798423461 ], [ -123.119613948688212, 49.289670939623356 ], [ -123.119881452721543, 49.289873134104418 ], [ -123.120780008244893, 49.289872942379453 ], [ -123.120845086678443, 49.289933189978356 ], [ -123.120972265809797, 49.29000263494973 ], [ -123.121125951097312, 49.290040644950928 ], [ -123.121524861119369, 49.290208724334754 ], [ -123.121713656391819, 49.290273506922539 ], [ -123.122330894130428, 49.290278877310975 ], [ -123.12254201826407, 49.290303035654155 ], [ -123.123017571138689, 49.290437900997489 ], [ -123.123256298889885, 49.290542408909829 ], [ -123.123651531175256, 49.290704549084964 ], [ -123.123877929906186, 49.290704724301349 ], [ -123.124140900605113, 49.290596563403447 ], [ -123.124568615357788, 49.290453693413305 ], [ -123.124826301796872, 49.290407172696298 ], [ -123.125104735136929, 49.290406940339842 ], [ -123.125551045308796, 49.290472185236908 ], [ -123.126229984275696, 49.290548219683245 ], [ -123.126463065585597, 49.290647984555896 ], [ -123.126884315082222, 49.290906917409025 ], [ -123.127056912114654, 49.290841652630775 ], [ -123.127845192881992, 49.291372133639626 ], [ -123.128112660363726, 49.291436948065787 ], [ -123.128318288620335, 49.291307312539139 ], [ -123.128444400822943, 49.291499429643693 ], [ -123.128294594370956, 49.291629203429451 ], [ -123.128545006430258, 49.291785764561119 ], [ -123.128685654680254, 49.291673419474058 ], [ -123.128785124668354, 49.291704211162838 ], [ -123.128663294631878, 49.291852804446933 ], [ -123.128413153925138, 49.291989691837664 ], [ -123.128294867089707, 49.292064565194501 ], [ -123.12818669034084, 49.292168882605921 ], [ -123.128121370803413, 49.292291887973981 ], [ -123.128108154610956, 49.292379857667328 ], [ -123.128051517729403, 49.29247107150924 ], [ -123.127910885545589, 49.292528775554921 ], [ -123.127795088687634, 49.292629097952961 ], [ -123.127784634166716, 49.29273788942573 ], [ -123.127942774460138, 49.292839566042808 ], [ -123.128127679934096, 49.292928590640976 ], [ -123.128774775914465, 49.29315211131096 ], [ -123.128954863598537, 49.293239110315938 ], [ -123.129103276183329, 49.293362796029363 ], [ -123.129273107361428, 49.293404002568401 ], [ -123.129683832766759, 49.29334062626689 ], [ -123.130149988509956, 49.293073866354142 ], [ -123.130050500329105, 49.29300438275672 ], [ -123.130587071550352, 49.292640303658608 ], [ -123.130836479461166, 49.292828333921747 ], [ -123.131089428400188, 49.29294580459927 ], [ -123.131213522895663, 49.293035854319825 ], [ -123.131337122727885, 49.293098495293755 ], [ -123.131491112907085, 49.293106850810013 ], [ -123.131936237345855, 49.293333581904477 ], [ -123.132251309158278, 49.293573166960158 ], [ -123.132273049230236, 49.293573324585097 ], [ -123.13237889464277, 49.293634155215777 ], [ -123.132468315417981, 49.293571986332175 ], [ -123.132588969701033, 49.293480988811126 ], [ -123.132528743572365, 49.293449916262162 ], [ -123.132795751677619, 49.293268313295997 ], [ -123.133109941077834, 49.293054608831923 ], [ -123.133456313692236, 49.292818487556659 ], [ -123.133734253350298, 49.292628996910224 ], [ -123.132129744130381, 49.291611816137085 ], [ -123.130612752550618, 49.290580797871414 ], [ -123.130092213901449, 49.290236218382475 ], [ -123.129417749411417, 49.289789701200512 ], [ -123.128239969083694, 49.289010809586365 ], [ -123.126889072485241, 49.288141719330135 ], [ -123.125345659909954, 49.287141413703957 ], [ -123.123147539666803, 49.285729109688297 ], [ -123.121112456839654, 49.284414715398817 ], [ -123.121681262825902, 49.284020116739718 ], [ -123.122055714831461, 49.283779081586353 ], [ -123.122228856135152, 49.283667621667249 ], [ -123.12281934473333, 49.28328750019282 ], [ -123.123375271434199, 49.282924606609683 ], [ -123.124437825678015, 49.282230912363083 ], [ -123.124984275154688, 49.28188610922458 ], [ -123.125446107381748, 49.28158983230778 ], [ -123.126053338547308, 49.281200310629636 ], [ -123.126540047784886, 49.280865733828051 ], [ -123.127094040554951, 49.280484895242054 ], [ -123.127247687830931, 49.280382549793131 ], [ -123.127440497975428, 49.280254119528884 ], [ -123.127640164371911, 49.28012110028746 ], [ -123.12864136292103, 49.279454346382792 ], [ -123.128663356080679, 49.27943970124484 ], [ -123.12919823953105, 49.279083500554059 ], [ -123.129718912008968, 49.278745195727595 ], [ -123.130042986827178, 49.278534609546789 ], [ -123.130303557553049, 49.278365312597053 ], [ -123.130801750936811, 49.278042599824424 ], [ -123.13136323536132, 49.277674696368926 ], [ -123.131832012266628, 49.277366506567468 ], [ -123.132244163250533, 49.277095534735409 ], [ -123.132355878639984, 49.277066962363214 ], [ -123.132483803662168, 49.276998318127966 ], [ -123.132669356550963, 49.27690867140506 ], [ -123.133057975245748, 49.276782924782268 ], [ -123.133230238229288, 49.276727219687942 ], [ -123.134220031578295, 49.276394023293008 ], [ -123.134232271032133, 49.276389910427262 ], [ -123.136202538798457, 49.275756344785982 ], [ -123.136176458366876, 49.275725895090517 ], [ -123.136128535791215, 49.275701260936394 ], [ -123.135968734393643, 49.275619114717031 ], [ -123.135212767684379, 49.275781507573882 ], [ -123.134966267583437, 49.275727313757237 ], [ -123.13530872833519, 49.275493801286409 ], [ -123.134784362136415, 49.274926910762595 ], [ -123.134714853787244, 49.27455811351625 ], [ -123.134680784485141, 49.274527866519882 ], [ -123.134564044932816, 49.274424218833502 ], [ -123.134248037533681, 49.274415614894089 ], [ -123.134508768401133, 49.274199212697233 ], [ -123.134109251600279, 49.274199210680827 ], [ -123.13366315379254, 49.273912901591515 ], [ -123.133339922504007, 49.274128003176862 ], [ -123.133242926670349, 49.274056703279683 ], [ -123.133310644247842, 49.273669418285301 ], [ -123.132787656399543, 49.273291901748856 ], [ -123.132589336962781, 49.273010919017672 ], [ -123.132566536582871, 49.272978617013507 ], [ -123.1325048358553, 49.27293862162422 ], [ -123.132386349465278, 49.272861812043374 ], [ -123.131836633596322, 49.272780703721551 ], [ -123.131478848923976, 49.272565615357301 ], [ -123.130859652293054, 49.272602596033423 ], [ -123.130696036392095, 49.272475902676412 ], [ -123.130845547288914, 49.272359120377033 ], [ -123.130831360942551, 49.272215203589006 ], [ -123.130060639569734, 49.271793699025807 ], [ -123.130170450768929, 49.271658416737658 ], [ -123.130046649986397, 49.271523115098653 ], [ -123.129786143803528, 49.271524495057918 ], [ -123.12923602126375, 49.271785103988677 ], [ -123.128021644841951, 49.270904019529297 ], [ -123.127887533099354, 49.270806712417176 ], [ -123.127239229460855, 49.270546105971192 ], [ -123.12627664177289, 49.270484807680326 ], [ -123.125892245217727, 49.270278308322958 ], [ -123.125149941946916, 49.270665705723914 ], [ -123.124807236132824, 49.27066570274237 ], [ -123.124710341513634, 49.270494813627465 ], [ -123.124420631477349, 49.270459214905635 ], [ -123.124338930068589, 49.270288314023027 ], [ -123.123732939353772, 49.270225603800064 ], [ -123.12340465904569, 49.270438991777993 ], [ -123.122499249501317, 49.271027511314912 ], [ -123.121906449266021, 49.270776814325998 ], [ -123.121412754116676, 49.270857996373614 ], [ -123.12099814900769, 49.270669997713483 ], [ -123.120554621472522, 49.270899358789777 ], [ -123.120422649765985, 49.270967604156837 ], [ -123.119926328591461, 49.270869410600078 ], [ -123.119735035803146, 49.270967603023351 ], [ -123.119556352858652, 49.271085794537804 ], [ -123.119544165706245, 49.271256813783438 ], [ -123.119695446355095, 49.271382114232253 ], [ -123.118830054532339, 49.271958900437006 ], [ -123.1189123573145, 49.271994514411382 ], [ -123.119049857252946, 49.271894801109362 ], [ -123.119118156966124, 49.271958913944786 ], [ -123.119010057873993, 49.272102701043195 ], [ -123.119173740183783, 49.272003007329822 ], [ -123.119284338747235, 49.272065698189508 ], [ -123.119104752166322, 49.272173906354766 ], [ -123.119174025267924, 49.272209502880933 ], [ -123.119338658907509, 49.272119800862725 ], [ -123.119434924713786, 49.272165401433561 ], [ -123.119271733458618, 49.272317804709139 ], [ -123.119448651598972, 49.27219101604512 ], [ -123.119531852304817, 49.272236611002967 ], [ -123.119382140229405, 49.272407512976351 ], [ -123.119437145830759, 49.272587002269496 ], [ -123.119255932030924, 49.272712489071687 ], [ -123.119202754097813, 49.272749313636972 ], [ -123.119023946619464, 49.272722319190805 ], [ -123.119024022830644, 49.272534306414499 ], [ -123.118913128848973, 49.272525707777667 ], [ -123.118914032886565, 49.272696605922583 ], [ -123.11869364012037, 49.27269659629971 ], [ -123.118694850839034, 49.272453118223332 ], [ -123.118653843592867, 49.27270522121411 ], [ -123.118350438440729, 49.272705197052638 ], [ -123.118350655796476, 49.272390402615841 ], [ -123.118239352809368, 49.272390406001065 ], [ -123.118156250631841, 49.272156820168895 ], [ -123.118019131335103, 49.272175400544498 ], [ -123.118019737128307, 49.272661001159804 ], [ -123.117663933948577, 49.272661002682682 ], [ -123.117661754295966, 49.272400397572504 ], [ -123.117566246829071, 49.272391806710175 ], [ -123.117526949183357, 49.272652495804635 ], [ -123.117210429245077, 49.272652509999148 ], [ -123.117208543643258, 49.272337696094148 ], [ -123.117112935701172, 49.272329199419325 ], [ -123.117114663544839, 49.272698113989577 ], [ -123.118062758635816, 49.272696602678991 ], [ -123.118061934065324, 49.272786406481828 ], [ -123.116839129351646, 49.272779211775706 ], [ -123.116811849753873, 49.272562803999392 ], [ -123.116686249122466, 49.272545702762379 ], [ -123.116470921129334, 49.272544837588825 ] ] ] } },
{ "type": "Feature", "properties": { "CMNTY_HLTH_SERV_AREA_CODE": "3212", "CMNTY_HLTH_SERV_AREA_NAME": "West End", "LOCAL_HLTH_AREA_CODE": "321", "LOCAL_HLTH_AREA_NAME": "Vancouver - City Centre", "HLTH_AUTHORITY_CODE": "3", "HLTH_AUTHORITY_NAME": "Vancouver Coastal", "OBJECTID": 1624, "CityOverlapShare": 1.0000000000000013, "VancouverCityIncluded": true }, "geometry": { "type": "Polygon", "coordinates": [ [ [ -123.13237889464277, 49.293634155215777 ], [ -123.132514715205389, 49.293706580081214 ], [ -123.132653019535738, 49.29384022305949 ], [ -123.132978996945468, 49.294037506089879 ], [ -123.133147212617388, 49.294171366902354 ], [ -123.13361619815349, 49.294373229694365 ], [ -123.133710785760726, 49.294470632418587 ], [ -123.133749398833118, 49.294574424070241 ], [ -123.133682521947293, 49.294671778744075 ], [ -123.133748483856621, 49.294833055840819 ], [ -123.134246573518098, 49.295137373747266 ], [ -123.134746479694272, 49.295402219608896 ], [ -123.134782011716041, 49.295404244987196 ], [ -123.135315754864934, 49.295270727631696 ], [ -123.135583678351011, 49.295273413155385 ], [ -123.135681699216221, 49.295441294468034 ], [ -123.13568107185877, 49.295671372509538 ], [ -123.135612767142788, 49.295838062003362 ], [ -123.135413303006288, 49.296206375563301 ], [ -123.135283004850834, 49.296340241291709 ], [ -123.135158480367437, 49.296492138621154 ], [ -123.134980467472275, 49.296640238065592 ], [ -123.134445791327011, 49.296640332294309 ], [ -123.134484334996543, 49.296739586461783 ], [ -123.134049861325309, 49.296773862401935 ], [ -123.133919193630518, 49.296906965539897 ], [ -123.133650301040632, 49.296972221538233 ], [ -123.133278410910677, 49.296971230102251 ], [ -123.132978604949329, 49.296937338705931 ], [ -123.132445704924905, 49.29680425161466 ], [ -123.132182472432447, 49.296872342850655 ], [ -123.131784421637292, 49.297070530021095 ], [ -123.131615896767514, 49.297204204856726 ], [ -123.131420924876181, 49.29730181780986 ], [ -123.131245892485026, 49.297408883186201 ], [ -123.131050582403361, 49.297540831453645 ], [ -123.130814419052157, 49.297605024336825 ], [ -123.130513842926064, 49.297639384038128 ], [ -123.130218243490901, 49.29760525278548 ], [ -123.130010572392379, 49.297504598187906 ], [ -123.129881514131995, 49.297335872548572 ], [ -123.129784013066981, 49.297171522403232 ], [ -123.129647106267882, 49.297040812022914 ], [ -123.129448054630686, 49.296705278764591 ], [ -123.129318487440187, 49.296571478099509 ], [ -123.129145612445583, 49.296434480485949 ], [ -123.128979628371866, 49.296302659157085 ], [ -123.128805910058347, 49.296198884696999 ], [ -123.128617042487306, 49.296072723999806 ], [ -123.128448980993738, 49.295972951543398 ], [ -123.128112570378661, 49.295904098970418 ], [ -123.12783708086458, 49.295974155046181 ], [ -123.127646017616257, 49.296007727290203 ], [ -123.127582570624085, 49.296035841721896 ], [ -123.127419506166319, 49.296140425602864 ], [ -123.127282570204869, 49.296273522091958 ], [ -123.127182934155101, 49.29643730098924 ], [ -123.127013992155483, 49.296605825449802 ], [ -123.126915922594122, 49.296773803317706 ], [ -123.12678117060284, 49.296912731552233 ], [ -123.126648034063521, 49.297071450193719 ], [ -123.126477168822106, 49.297206749334116 ], [ -123.126314979962615, 49.297302622662073 ], [ -123.125720969309754, 49.297604046180204 ], [ -123.125182918398636, 49.297739018282563 ], [ -123.12448066342786, 49.297738824909587 ], [ -123.124183517341905, 49.297704140491092 ], [ -123.123985921446646, 49.297605371634425 ], [ -123.123985408407066, 49.297171037301844 ], [ -123.123916967554294, 49.296970081025272 ], [ -123.123921574898674, 49.296284412392154 ], [ -123.124031453059871, 49.295879907293497 ], [ -123.123988846488217, 49.295052410849117 ], [ -123.124106383952437, 49.294822778639663 ], [ -123.12425938365179, 49.294702344053086 ], [ -123.124416247814423, 49.294624043906026 ], [ -123.124560629434256, 49.294493924827371 ], [ -123.124550229478658, 49.294271621558785 ], [ -123.124295651028845, 49.294086904898776 ], [ -123.123901277836779, 49.293939512563412 ], [ -123.123586972258749, 49.293942458990927 ], [ -123.122974916577675, 49.294060245765138 ], [ -123.12264314171999, 49.294191717946795 ], [ -123.122342702704913, 49.29440421302774 ], [ -123.122148909663395, 49.294546159954542 ], [ -123.121950358119491, 49.294742523961624 ], [ -123.121734849225334, 49.295049923532389 ], [ -123.121485906495508, 49.295271057351727 ], [ -123.121364675998478, 49.295607105404294 ], [ -123.12135805922, 49.295770706597132 ], [ -123.121387720766094, 49.295908487286688 ], [ -123.121531243682824, 49.296041865021685 ], [ -123.121837293858533, 49.296121656162498 ], [ -123.122145051355488, 49.296228923379424 ], [ -123.122501495314282, 49.296378847625043 ], [ -123.122687812872741, 49.296400164057957 ], [ -123.1229731589669, 49.29646239603187 ], [ -123.123202071335555, 49.296500231033832 ], [ -123.123414828581531, 49.29664875707379 ], [ -123.123447089089311, 49.297100906540862 ], [ -123.123391519604695, 49.297340959048768 ], [ -123.123248178187183, 49.297488743152023 ], [ -123.122988057168826, 49.297540511713976 ], [ -123.12278906185297, 49.297540485569357 ], [ -123.122442610295863, 49.297574162769195 ], [ -123.122245619862824, 49.297640205142727 ], [ -123.122116758367284, 49.297726610621659 ], [ -123.121943190873097, 49.297879952749661 ], [ -123.121681314954785, 49.298119395978617 ], [ -123.121468678793164, 49.298263073762591 ], [ -123.121108790031727, 49.298295557326313 ], [ -123.120941512590036, 49.2982455447316 ], [ -123.120650819613275, 49.298112909572069 ], [ -123.120417434718902, 49.298005556448459 ], [ -123.120011543036171, 49.297830205607021 ], [ -123.119692230873028, 49.297812881935421 ], [ -123.11929629013126, 49.297857375950002 ], [ -123.118824362346146, 49.297873799622778 ], [ -123.117711652708778, 49.297877022191294 ], [ -123.117274877025466, 49.297948605275934 ], [ -123.117019798807036, 49.298051823849143 ], [ -123.116816444819122, 49.298190013157118 ], [ -123.116691182509911, 49.298331480440716 ], [ -123.11660993309286, 49.29851471325938 ], [ -123.116383431869153, 49.300451045902861 ], [ -123.116381567976902, 49.300467304020721 ], [ -123.116768762417166, 49.3008618121981 ], [ -123.116826622391116, 49.300864873569047 ], [ -123.117277551534514, 49.300888817463346 ], [ -123.117730862970589, 49.300690902449766 ], [ -123.118485062667759, 49.300032920491546 ], [ -123.118924440295345, 49.299825022964853 ], [ -123.119901949492458, 49.299815019876945 ], [ -123.121181958408002, 49.300003015950864 ], [ -123.123204344550174, 49.300648210619691 ], [ -123.124291868323809, 49.301132404170119 ], [ -123.125394153259592, 49.301779023297634 ], [ -123.126387949947016, 49.302704701692164 ], [ -123.126580058169793, 49.302731803715723 ], [ -123.127473538452747, 49.302550917350139 ], [ -123.129234940551285, 49.302737504427448 ], [ -123.129441761101418, 49.302800118858627 ], [ -123.13033764990081, 49.303429621898836 ], [ -123.130969265973818, 49.303536510413537 ], [ -123.131219139560073, 49.304030706564923 ], [ -123.131715835497431, 49.304524910204499 ], [ -123.131784365297861, 49.305019112270145 ], [ -123.131937267234917, 49.305172896984843 ], [ -123.132240759459137, 49.305315303349438 ], [ -123.133356155463034, 49.306169815475108 ], [ -123.135201272952486, 49.306832104635383 ], [ -123.135531675610508, 49.307038610055912 ], [ -123.135686349079421, 49.308234919179597 ], [ -123.13632285291844, 49.30917921991778 ], [ -123.136628176176259, 49.309852808032808 ], [ -123.137785243171209, 49.311030601480958 ], [ -123.138875755061392, 49.311856701806825 ], [ -123.139413980721841, 49.312728310039248 ], [ -123.139815174585564, 49.313114312405126 ], [ -123.140213447539338, 49.313320818759074 ], [ -123.140607386415468, 49.313369094419414 ], [ -123.1408751653519, 49.313401908817724 ], [ -123.141081247604021, 49.313581406815807 ], [ -123.141276452362888, 49.314029996235064 ], [ -123.141440159858789, 49.314084104605293 ], [ -123.143944747997935, 49.313847700726285 ], [ -123.145072176457461, 49.31363980826923 ], [ -123.146005548820952, 49.313296600673624 ], [ -123.147230651819967, 49.313124205207878 ], [ -123.148646254146414, 49.31278950831873 ], [ -123.149815163772089, 49.31269700936928 ], [ -123.151495448547678, 49.311924349945961 ], [ -123.151698472171461, 49.311830997373789 ], [ -123.152384850271488, 49.311345418128354 ], [ -123.152603652128022, 49.311056309640747 ], [ -123.152629946716033, 49.310436711310381 ], [ -123.152848869881979, 49.310093517191412 ], [ -123.1538641783185, 49.309652005587118 ], [ -123.154372959099092, 49.309256102513615 ], [ -123.1558709596966, 49.308749092411411 ], [ -123.156036053226117, 49.308623695611566 ], [ -123.156144074571529, 49.308299001615914 ], [ -123.156195351822262, 49.306850604364151 ], [ -123.156480261969719, 49.305960508065773 ], [ -123.156587159083472, 49.304818192361516 ], [ -123.156873355021432, 49.303764321117143 ], [ -123.157059851279357, 49.302209111435069 ], [ -123.157499758945718, 49.301730611921819 ], [ -123.158461158355024, 49.301468507930231 ], [ -123.158846239708268, 49.301225000833114 ], [ -123.158845805682702, 49.301137406791845 ], [ -123.158845444222308, 49.301072606020966 ], [ -123.158541558438671, 49.300730808168503 ], [ -123.158277063884469, 49.300119791126377 ], [ -123.158397762340655, 49.298968990897087 ], [ -123.158313759717387, 49.298590201455596 ], [ -123.157927156215919, 49.297925112601604 ], [ -123.157762461296301, 49.297799701033249 ], [ -123.156672949199617, 49.297361094288455 ], [ -123.156053664377993, 49.297343991659588 ], [ -123.154777261977429, 49.297668690002432 ], [ -123.154487255170508, 49.2976601962757 ], [ -123.15346585342489, 49.296690308749071 ], [ -123.152870675484778, 49.295485404567721 ], [ -123.152486644902964, 49.29528892074805 ], [ -123.152197863829116, 49.295297416132939 ], [ -123.15171563437319, 49.295442704179344 ], [ -123.150656447788108, 49.294985514329532 ], [ -123.15040633430273, 49.294687802454625 ], [ -123.150185965464999, 49.294149515818539 ], [ -123.150167469553637, 49.292844902178736 ], [ -123.149630260984097, 49.292233916229833 ], [ -123.148016144581845, 49.290932201183686 ], [ -123.147505255915121, 49.290321196019505 ], [ -123.147409357618116, 49.289925290039882 ], [ -123.147243967916509, 49.289790005561422 ], [ -123.146591498889975, 49.290004787896912 ], [ -123.146556151480354, 49.290016419294787 ], [ -123.146499440020023, 49.289987419887616 ], [ -123.146081266562419, 49.289773524855704 ], [ -123.145344954853286, 49.289396900659924 ], [ -123.145049600591719, 49.289283789321864 ], [ -123.144851413130311, 49.289207894266717 ], [ -123.144642032985544, 49.289127701969136 ], [ -123.143788466042679, 49.288516710138765 ], [ -123.14360685485336, 49.287941396709151 ], [ -123.143617064654876, 49.287038314085954 ], [ -123.143617529480252, 49.286997102536986 ], [ -123.143618880645136, 49.286974076922306 ], [ -123.14361955284825, 49.28696276397924 ], [ -123.143630802497327, 49.286771745221003 ], [ -123.143633701966067, 49.286722381934986 ], [ -123.143639358124432, 49.286626463541928 ], [ -123.143678023472475, 49.285969905561409 ], [ -123.143686679570791, 49.28582278714935 ], [ -123.14369747422046, 49.285639613700639 ], [ -123.143749962790807, 49.284748295456716 ], [ -123.143829552184286, 49.284664334050703 ], [ -123.144022740274693, 49.284460601016015 ], [ -123.144022854834347, 49.284306807334559 ], [ -123.143924563030836, 49.284247712705827 ], [ -123.143875816138916, 49.284218405136677 ], [ -123.14384786257844, 49.284201585476993 ], [ -123.143497198521715, 49.283990698589967 ], [ -123.143203619464614, 49.283814154125437 ], [ -123.143113454034932, 49.283759914091789 ], [ -123.142791703825296, 49.28330733058116 ], [ -123.142789943346983, 49.283304853903175 ], [ -123.14262988620618, 49.283079678055849 ], [ -123.14250290891647, 49.282901053718334 ], [ -123.142130285265807, 49.282376862520849 ], [ -123.142038291782299, 49.282247456322942 ], [ -123.141865682361583, 49.282004638614922 ], [ -123.141785667749758, 49.281892082506261 ], [ -123.14176019257448, 49.281856225728333 ], [ -123.141637353956483, 49.281683405480784 ], [ -123.140892347827076, 49.2810012077056 ], [ -123.14086691176901, 49.280912066067515 ], [ -123.140865856818081, 49.280908380371159 ], [ -123.140808982062069, 49.280709036321454 ], [ -123.140793851691356, 49.280655984052601 ], [ -123.140725325659886, 49.280415800492648 ], [ -123.140503666538905, 49.280084009428045 ], [ -123.140221047887707, 49.279874022791773 ], [ -123.139895900841466, 49.279632434049439 ], [ -123.139827034359044, 49.279581265184227 ], [ -123.139799961717728, 49.279561148486259 ], [ -123.138811145326287, 49.278826418246105 ], [ -123.138788483654963, 49.278801130109287 ], [ -123.1387147087827, 49.278718769412876 ], [ -123.138409263166977, 49.278377806346157 ], [ -123.138120240323019, 49.277865121456557 ], [ -123.1378418608722, 49.277742805689989 ], [ -123.137692348697087, 49.27767709678492 ], [ -123.137390129631299, 49.277694206156418 ], [ -123.136895646727694, 49.277147669699552 ], [ -123.136854060376223, 49.277101705871267 ], [ -123.136518135224861, 49.276982718397079 ], [ -123.136399840271594, 49.276940816365219 ], [ -123.136396537772058, 49.276409518010247 ], [ -123.136364557223644, 49.276336881062726 ], [ -123.136267912406794, 49.276117349077289 ], [ -123.136246060362637, 49.276067710239232 ], [ -123.136251908802166, 49.276046144724759 ], [ -123.136299762930719, 49.275869807336065 ], [ -123.136202538798457, 49.275756344785982 ], [ -123.134232271032133, 49.276389910427262 ], [ -123.134220031578295, 49.276394023293008 ], [ -123.133230238229288, 49.276727219687942 ], [ -123.133057975245748, 49.276782924782268 ], [ -123.132669356550963, 49.27690867140506 ], [ -123.132483803662168, 49.276998318127966 ], [ -123.132355878639984, 49.277066962363214 ], [ -123.132244163250533, 49.277095534735409 ], [ -123.131832012266628, 49.277366506567468 ], [ -123.13136323536132, 49.277674696368926 ], [ -123.130801750936811, 49.278042599824424 ], [ -123.130303557553049, 49.278365312597053 ], [ -123.130042986827178, 49.278534609546789 ], [ -123.129718912008968, 49.278745195727595 ], [ -123.12919823953105, 49.279083500554059 ], [ -123.128663356080679, 49.27943970124484 ], [ -123.12864136292103, 49.279454346382792 ], [ -123.127640164371911, 49.28012110028746 ], [ -123.127440497975428, 49.280254119528884 ], [ -123.127247687830931, 49.280382549793131 ], [ -123.127094040554951, 49.280484895242054 ], [ -123.126540047784886, 49.280865733828051 ], [ -123.126053338547308, 49.281200310629636 ], [ -123.125446107381748, 49.28158983230778 ], [ -123.124984275154688, 49.28188610922458 ], [ -123.124437825678015, 49.282230912363083 ], [ -123.123375271434199, 49.282924606609683 ], [ -123.12281934473333, 49.28328750019282 ], [ -123.122228856135152, 49.283667621667249 ], [ -123.122055714831461, 49.283779081586353 ], [ -123.121681262825902, 49.284020116739718 ], [ -123.121112456839654, 49.284414715398817 ], [ -123.123147539666803, 49.285729109688297 ], [ -123.125345659909954, 49.287141413703957 ], [ -123.126889072485241, 49.288141719330135 ], [ -123.128239969083694, 49.289010809586365 ], [ -123.129417749411417, 49.289789701200512 ], [ -123.130092213901449, 49.290236218382475 ], [ -123.130612752550618, 49.290580797871414 ], [ -123.132129744130381, 49.291611816137085 ], [ -123.133734253350298, 49.292628996910224 ], [ -123.133456313692236, 49.292818487556659 ], [ -123.133109941077834, 49.293054608831923 ], [ -123.132795751677619, 49.293268313295997 ], [ -123.132528743572365, 49.293449916262162 ], [ -123.132588969701033, 49.293480988811126 ], [ -123.132468315417981, 49.293571986332175 ], [ -123.13237889464277, 49.293634155215777 ] ] ] } },
{ "type": "Feature", "properties": { "CMNTY_HLTH_SERV_AREA_CODE": "3263", "CMNTY_HLTH_SERV_AREA_NAME": "Sunset", "LOCAL_HLTH_AREA_CODE": "326", "LOCAL_HLTH_AREA_NAME": "Vancouver - South", "HLTH_AUTHORITY_CODE": "3", "HLTH_AUTHORITY_NAME": "Vancouver Coastal", "OBJECTID": 1641, "CityOverlapShare": 0.99999910993275076, "VancouverCityIncluded": true }, "geometry": { "type": "Polygon", "coordinates": [ [ [ -123.079349151503408, 49.232730309226419 ], [ -123.079822426907853, 49.232734995473187 ], [ -123.081219133174216, 49.232749405913601 ], [ -123.082590811502797, 49.232769405091531 ], [ -123.083695634503769, 49.232773997999765 ], [ -123.08375961455269, 49.232804610620938 ], [ -123.084851218230583, 49.232845800205915 ], [ -123.084865033387246, 49.232845980014716 ], [ -123.086932454603485, 49.232870507658454 ], [ -123.087769447237875, 49.232879812653223 ], [ -123.087851890069942, 49.232880724897662 ], [ -123.088654506797212, 49.232889634222609 ], [ -123.089309901402572, 49.232896917519263 ], [ -123.089323721766064, 49.232897211297846 ], [ -123.090564527453921, 49.232923608369234 ], [ -123.092033685502486, 49.232942011485548 ], [ -123.092088609061406, 49.232942698118102 ], [ -123.092116045767398, 49.232943036243761 ], [ -123.0930571399836, 49.232954807409648 ], [ -123.093215139267755, 49.232908591567686 ], [ -123.093877351344233, 49.232924683885649 ], [ -123.094056184661568, 49.232929020526619 ], [ -123.09416592904725, 49.23293168247411 ], [ -123.094454506837224, 49.232938680290651 ], [ -123.094481903432069, 49.232939351828414 ], [ -123.094574943677898, 49.2329416218208 ], [ -123.095648639159066, 49.23296324771168 ], [ -123.097221314814746, 49.232994869598556 ], [ -123.098336552681772, 49.233009588832701 ], [ -123.098464120418811, 49.233055341499274 ], [ -123.098617665371961, 49.233058582042283 ], [ -123.099563479508447, 49.233082227293352 ], [ -123.100017509530019, 49.233088104222773 ], [ -123.101535174302967, 49.233122621785917 ], [ -123.102198566857197, 49.233137749669609 ], [ -123.103728703792925, 49.233172561541842 ], [ -123.104181047394377, 49.233183821777097 ], [ -123.10441737694768, 49.23313700626867 ], [ -123.10562679838938, 49.233160474594058 ], [ -123.105639335035647, 49.232629304444032 ], [ -123.105655627564687, 49.232212702316552 ], [ -123.105655933185702, 49.232202009159593 ], [ -123.105669028927778, 49.23171219855201 ], [ -123.105678951751585, 49.231289108548459 ], [ -123.105690921763454, 49.230985909776116 ], [ -123.105718229822671, 49.230372295014547 ], [ -123.105736035461547, 49.229943705642874 ], [ -123.105756520227004, 49.229450026450969 ], [ -123.105809879204614, 49.229015633075605 ], [ -123.105865334844921, 49.228563796891919 ], [ -123.105853968266487, 49.228119825977913 ], [ -123.105842525856517, 49.227673198982771 ], [ -123.105882236312723, 49.226750994564448 ], [ -123.105914345914357, 49.225751119953131 ], [ -123.105922203049971, 49.225294383616585 ], [ -123.105931025935462, 49.22477951557817 ], [ -123.105943167139912, 49.224501834477252 ], [ -123.105950646178783, 49.224331080818821 ], [ -123.105973222825114, 49.223815012047559 ], [ -123.10597821307195, 49.223701671416521 ], [ -123.105990030574063, 49.223431773098852 ], [ -123.106012350034248, 49.222923405783476 ], [ -123.106020312270559, 49.222631561045304 ], [ -123.106037141044965, 49.222019592275025 ], [ -123.106054921830363, 49.221812718528042 ], [ -123.106111929317137, 49.221149700821769 ], [ -123.106093221545649, 49.220237599972606 ], [ -123.106134243016413, 49.219359510451106 ], [ -123.106131882576051, 49.218746076804287 ], [ -123.106131218013715, 49.218572115089309 ], [ -123.106133468908141, 49.218242152428779 ], [ -123.106136928411999, 49.217731799347668 ], [ -123.10619622815976, 49.216823607582114 ], [ -123.106248513973767, 49.215940414741368 ], [ -123.106394028359119, 49.215081300643625 ], [ -123.106447828828024, 49.214218019897309 ], [ -123.106519716901687, 49.213328109128 ], [ -123.106550169825468, 49.212900007853143 ], [ -123.106586345569625, 49.212391203726668 ], [ -123.106588732873703, 49.212341847324275 ], [ -123.10659120953899, 49.212289602602795 ], [ -123.106738116929108, 49.209446903761489 ], [ -123.106867312576213, 49.206866906114094 ], [ -123.105017193470815, 49.207023223271165 ], [ -123.102433940673478, 49.207241413574643 ], [ -123.102437518948221, 49.207127323152818 ], [ -123.102442341302108, 49.206975009962513 ], [ -123.102485710914706, 49.205179016846657 ], [ -123.102473396759095, 49.204929816141053 ], [ -123.102289485598121, 49.204757754960276 ], [ -123.101575865273531, 49.204090102466111 ], [ -123.100056644066285, 49.204038865631176 ], [ -123.097916451108404, 49.204190064196332 ], [ -123.09360746020127, 49.204823137129331 ], [ -123.093467499289659, 49.204837120349517 ], [ -123.091758395479317, 49.205245223647566 ], [ -123.088657467741854, 49.205792998480021 ], [ -123.08335069537921, 49.206798248236332 ], [ -123.080658237407164, 49.207404285642966 ], [ -123.077230516645756, 49.208113803799932 ], [ -123.077202913151027, 49.208568392379384 ], [ -123.077161050584863, 49.209256806380147 ], [ -123.077160259417127, 49.209269967731572 ], [ -123.077153417535271, 49.209382814342263 ], [ -123.077147210718792, 49.209481708925416 ], [ -123.077138617795299, 49.2096299468121 ], [ -123.077073350629391, 49.210754430580216 ], [ -123.077066606863426, 49.210870508185003 ], [ -123.077056703111523, 49.211028707647912 ], [ -123.077049343138683, 49.211145613473946 ], [ -123.077038238709449, 49.211322802267162 ], [ -123.077030231001615, 49.211471215066481 ], [ -123.077135111677308, 49.211526329221371 ], [ -123.077133188801128, 49.212085039873081 ], [ -123.077132733318905, 49.21221990613671 ], [ -123.077129922467009, 49.212737971016956 ], [ -123.077129150303492, 49.212886416668006 ], [ -123.077117519156985, 49.213768898942526 ], [ -123.077109209275562, 49.214217529950027 ], [ -123.077101526403268, 49.214633321799234 ], [ -123.077093565208543, 49.215081073464376 ], [ -123.077086426733828, 49.21548411123225 ], [ -123.077079970270475, 49.215926615284587 ], [ -123.07707310055541, 49.216393606659466 ], [ -123.077065869941251, 49.216853115585501 ], [ -123.077059403636952, 49.217265220176564 ], [ -123.077069021025395, 49.218138413299883 ], [ -123.077081719090344, 49.219090903367601 ], [ -123.077287702602121, 49.219591007231202 ], [ -123.077489822986564, 49.220021713551304 ], [ -123.077492080681111, 49.220043196241328 ], [ -123.077532711774566, 49.220430923868108 ], [ -123.077494233250732, 49.221805413287129 ], [ -123.07741872010773, 49.223375302380497 ], [ -123.077356623464169, 49.224876806898607 ], [ -123.077339712695903, 49.225285610989282 ], [ -123.077321222418163, 49.225794408037885 ], [ -123.077253408755581, 49.227658717038238 ], [ -123.077153232770343, 49.229011706815385 ], [ -123.077152343048454, 49.230660207314394 ], [ -123.077093767797138, 49.232316043583829 ], [ -123.077081927823713, 49.232650813053326 ], [ -123.077775173694292, 49.23266075906016 ], [ -123.078426131024713, 49.232670103438267 ], [ -123.079304018657695, 49.23268219648434 ], [ -123.079349151503408, 49.232730309226419 ] ] ] } },
{ "type": "Feature", "properties": { "CMNTY_HLTH_SERV_AREA_CODE": "3264", "CMNTY_HLTH_SERV_AREA_NAME": "Victoria-Fraserview", "LOCAL_HLTH_AREA_CODE": "326", "LOCAL_HLTH_AREA_NAME": "Vancouver - South", "HLTH_AUTHORITY_CODE": "3", "HLTH_AUTHORITY_NAME": "Vancouver Coastal", "OBJECTID": 1642, "CityOverlapShare": 0.99991382438944898, "VancouverCityIncluded": true }, "geometry": { "type": "Polygon", "coordinates": [ [ [ -123.048799633797969, 49.23276511459278 ], [ -123.049382921567755, 49.232765571216589 ], [ -123.050190325593121, 49.232766214064227 ], [ -123.050880987839903, 49.232772094231436 ], [ -123.051672215271054, 49.232778815374516 ], [ -123.054603362126031, 49.232809181140979 ], [ -123.055496139948886, 49.23281841019574 ], [ -123.056045508887564, 49.232822319448175 ], [ -123.056609023822617, 49.232826322875475 ], [ -123.05717196489239, 49.232830931057734 ], [ -123.057881019675804, 49.232836716118292 ], [ -123.058883122002911, 49.232838822549859 ], [ -123.06046741740586, 49.232861310615533 ], [ -123.061133239550841, 49.23286230869892 ], [ -123.061253225530436, 49.232919607570388 ], [ -123.062125126137829, 49.232917304799251 ], [ -123.062138904212702, 49.232917443270694 ], [ -123.064121539385681, 49.232935604091651 ], [ -123.064757438145719, 49.232911508096009 ], [ -123.065513721451524, 49.232809918092109 ], [ -123.065527261726771, 49.232808127335545 ], [ -123.06619685762935, 49.232684026033439 ], [ -123.066239789933462, 49.232680613495631 ], [ -123.066819416246204, 49.232634613484301 ], [ -123.066873975980258, 49.23263028197448 ], [ -123.066932299677006, 49.232625654662684 ], [ -123.068701092639998, 49.232639538025254 ], [ -123.068839681150791, 49.232640592129464 ], [ -123.068956859286814, 49.23261135548379 ], [ -123.070127110417374, 49.232624233709508 ], [ -123.071529534482721, 49.232635322797663 ], [ -123.072921198792201, 49.232664089728132 ], [ -123.074012051516277, 49.232673883157176 ], [ -123.074151917559647, 49.232632620113563 ], [ -123.074307002306398, 49.232634134611452 ], [ -123.075689801469679, 49.232629291040176 ], [ -123.075703618383145, 49.232629529723908 ], [ -123.077081927823713, 49.232650813053326 ], [ -123.077093767797138, 49.232316043583829 ], [ -123.077152343048454, 49.230660207314394 ], [ -123.077153232770343, 49.229011706815385 ], [ -123.077253408755581, 49.227658717038238 ], [ -123.077321222418163, 49.225794408037885 ], [ -123.077339712695903, 49.225285610989282 ], [ -123.077356623464169, 49.224876806898607 ], [ -123.07741872010773, 49.223375302380497 ], [ -123.077494233250732, 49.221805413287129 ], [ -123.077532711774566, 49.220430923868108 ], [ -123.077492080681111, 49.220043196241328 ], [ -123.077489822986564, 49.220021713551304 ], [ -123.077287702602121, 49.219591007231202 ], [ -123.077081719090344, 49.219090903367601 ], [ -123.077069021025395, 49.218138413299883 ], [ -123.077059403636952, 49.217265220176564 ], [ -123.077065869941251, 49.216853115585501 ], [ -123.07707310055541, 49.216393606659466 ], [ -123.077079970270475, 49.215926615284587 ], [ -123.077086426733828, 49.21548411123225 ], [ -123.077093565208543, 49.215081073464376 ], [ -123.077101526403268, 49.214633321799234 ], [ -123.077109209275562, 49.214217529950027 ], [ -123.077117519156985, 49.213768898942526 ], [ -123.077129150303492, 49.212886416668006 ], [ -123.077129922467009, 49.212737971016956 ], [ -123.077132733318905, 49.21221990613671 ], [ -123.077133188801128, 49.212085039873081 ], [ -123.077135111677308, 49.211526329221371 ], [ -123.077030231001615, 49.211471215066481 ], [ -123.077038238709449, 49.211322802267162 ], [ -123.077049343138683, 49.211145613473946 ], [ -123.077056703111523, 49.211028707647912 ], [ -123.077066606863426, 49.210870508185003 ], [ -123.077073350629391, 49.210754430580216 ], [ -123.077138617795299, 49.2096299468121 ], [ -123.077147210718792, 49.209481708925416 ], [ -123.077153417535271, 49.209382814342263 ], [ -123.077160259417127, 49.209269967731572 ], [ -123.077161050584863, 49.209256806380147 ], [ -123.077202913151027, 49.208568392379384 ], [ -123.077230516645756, 49.208113803799932 ], [ -123.076274097118159, 49.208287825101706 ], [ -123.074478706824081, 49.208336396693134 ], [ -123.073147415891597, 49.208140388626319 ], [ -123.071003833437203, 49.207556118636369 ], [ -123.068536780732657, 49.206578508981735 ], [ -123.067542497843093, 49.206152854466929 ], [ -123.06689779811785, 49.205985832172999 ], [ -123.063238358746887, 49.205359669487855 ], [ -123.058784462628168, 49.204662024680225 ], [ -123.056459898260314, 49.204665294494816 ], [ -123.056602933041034, 49.205299881809403 ], [ -123.056609632080892, 49.20533501958586 ], [ -123.056655529605493, 49.205448457903564 ], [ -123.056771396245168, 49.205682331129012 ], [ -123.056782044552577, 49.205700640753982 ], [ -123.05680712288266, 49.205815823693428 ], [ -123.056808264254911, 49.20583005495974 ], [ -123.056835614443813, 49.206167930418154 ], [ -123.056834773847356, 49.20644816699248 ], [ -123.056832834909827, 49.207077716975398 ], [ -123.056834871649286, 49.20713797716656 ], [ -123.056835209363612, 49.207148001115392 ], [ -123.056860102186064, 49.207578401441836 ], [ -123.05670432709779, 49.207979516587486 ], [ -123.056242303639038, 49.208493023202301 ], [ -123.055898697819103, 49.208934912329042 ], [ -123.055590319891607, 49.209492222306999 ], [ -123.055401922009054, 49.2100609024736 ], [ -123.055381354559486, 49.210211899513205 ], [ -123.055160723893081, 49.211830803585897 ], [ -123.055136629977255, 49.212427418772549 ], [ -123.055132621725335, 49.212706520519347 ], [ -123.054966133499477, 49.212713711235118 ], [ -123.054807396640641, 49.21279222050962 ], [ -123.05406587187197, 49.21343104396729 ], [ -123.053457265683775, 49.213955321077883 ], [ -123.053104627254939, 49.214259103290374 ], [ -123.052762462852215, 49.214558053963202 ], [ -123.052650472679275, 49.214655942504542 ], [ -123.052475792566867, 49.214808539811173 ], [ -123.052280798672527, 49.214978907073608 ], [ -123.052155326757997, 49.215089465147564 ], [ -123.051740238616446, 49.215455205318243 ], [ -123.051423107502785, 49.215734608957753 ], [ -123.050902904695562, 49.216362707885438 ], [ -123.050652425422285, 49.21702251883989 ], [ -123.050581704287225, 49.21807000562081 ], [ -123.050580019688354, 49.218495998155745 ], [ -123.050578200983352, 49.218946402077378 ], [ -123.050594533047772, 49.219790628097314 ], [ -123.050602220586526, 49.220189300532361 ], [ -123.050576648518302, 49.220673952556865 ], [ -123.05055523577343, 49.221080818582166 ], [ -123.050514033078557, 49.2218796161781 ], [ -123.050465118037167, 49.222715096208788 ], [ -123.050406523073477, 49.223810705680407 ], [ -123.050377923068694, 49.224343257549577 ], [ -123.050354419407455, 49.224781316549333 ], [ -123.050337182950614, 49.225094421914925 ], [ -123.050334695819231, 49.225139534829921 ], [ -123.050327280723778, 49.225274273972239 ], [ -123.050321459570483, 49.225379514999439 ], [ -123.050320070200385, 49.225404949652365 ], [ -123.05029172245446, 49.22592001583368 ], [ -123.050269040936413, 49.226331236402636 ], [ -123.050246908416369, 49.226732210449242 ], [ -123.050223436670237, 49.227159010272921 ], [ -123.05020254656246, 49.227539120517321 ], [ -123.05017666514982, 49.228013425456503 ], [ -123.050152912745787, 49.228449331310188 ], [ -123.050128500139635, 49.228913099248388 ], [ -123.050106420470726, 49.229332711193585 ], [ -123.048848353351659, 49.229320824779407 ], [ -123.048841654188365, 49.229812847514907 ], [ -123.04883570344802, 49.230252817546535 ], [ -123.048835804134583, 49.230359106295595 ], [ -123.048830307588986, 49.230703406925073 ], [ -123.048822819173893, 49.231169504881059 ], [ -123.048818263308462, 49.231575908054353 ], [ -123.048813119292149, 49.232034018953179 ], [ -123.048807312139687, 49.232349487656123 ], [ -123.048805624504823, 49.232439439443496 ], [ -123.048799633797969, 49.23276511459278 ] ] ] } },
{ "type": "Feature", "properties": { "CMNTY_HLTH_SERV_AREA_CODE": "3213", "CMNTY_HLTH_SERV_AREA_NAME": "Fairview", "LOCAL_HLTH_AREA_CODE": "321", "LOCAL_HLTH_AREA_NAME": "Vancouver - City Centre", "HLTH_AUTHORITY_CODE": "3", "HLTH_AUTHORITY_NAME": "Vancouver Coastal", "OBJECTID": 1625, "CityOverlapShare": 0.99999999999999933, "VancouverCityIncluded": true }, "geometry": { "type": "Polygon", "coordinates": [ [ [ -123.114789949551806, 49.271152789392303 ], [ -123.11497595816185, 49.271054097608463 ], [ -123.115638223329853, 49.270702709120549 ], [ -123.117175855439569, 49.270080406557668 ], [ -123.117394435383872, 49.269765607361464 ], [ -123.117586543358243, 49.269665908535202 ], [ -123.117629318522802, 49.269495004176029 ], [ -123.118053546289232, 49.269332606676045 ], [ -123.118162628301945, 49.268999414417365 ], [ -123.118324334370712, 49.268999411467497 ], [ -123.118424530425997, 49.268999409796955 ], [ -123.118425053274549, 49.269151799517147 ], [ -123.118781952321115, 49.26936820165588 ], [ -123.118863131533175, 49.268926708549152 ], [ -123.118946029875616, 49.268926701285139 ], [ -123.118821339793712, 49.268647598397536 ], [ -123.118820458017851, 49.26798251591844 ], [ -123.118930466352822, 49.26779311219093 ], [ -123.119121741135686, 49.267694806152463 ], [ -123.12068923798374, 49.267701905239512 ], [ -123.120970754883956, 49.267867268923453 ], [ -123.12111605158573, 49.267952615181315 ], [ -123.121208730033928, 49.268201282396774 ], [ -123.121366994435078, 49.268423414089696 ], [ -123.121365791678173, 49.268538256643389 ], [ -123.121502069078687, 49.268627713072995 ], [ -123.121778144675432, 49.268671794428499 ], [ -123.12232633529139, 49.268590622107055 ], [ -123.122972055762631, 49.268311508647301 ], [ -123.123262152977915, 49.268265911403518 ], [ -123.124044354146307, 49.268364206138628 ], [ -123.124072058473629, 49.268139209970563 ], [ -123.124331437338711, 49.267860023002235 ], [ -123.124854935774977, 49.267741801503419 ], [ -123.125652033901204, 49.268154816192833 ], [ -123.128184252654279, 49.268207276651175 ], [ -123.1282058708356, 49.26820772490985 ], [ -123.128217077436346, 49.268207952859797 ], [ -123.128272262352823, 49.26820909884831 ], [ -123.129364667249078, 49.268231709581649 ], [ -123.130036347839976, 49.267979607969259 ], [ -123.130551825453438, 49.267965175307644 ], [ -123.130697334156864, 49.267961105045543 ], [ -123.13090184308362, 49.267636408840303 ], [ -123.131272241650336, 49.267411403551414 ], [ -123.131519227968298, 49.267330211775281 ], [ -123.131795842784442, 49.267365820465606 ], [ -123.131988740447653, 49.267541730956502 ], [ -123.132068954158811, 49.267614871360223 ], [ -123.132387767123802, 49.267905610752599 ], [ -123.132964347175474, 49.267985303637595 ], [ -123.13323261335637, 49.268296902888537 ], [ -123.13335063649896, 49.268434018834228 ], [ -123.133585635812096, 49.268496604541014 ], [ -123.133693324465966, 49.26845251535223 ], [ -123.13380476275249, 49.268406907040038 ], [ -123.133921928544837, 49.268450131490546 ], [ -123.134024855580563, 49.268488103868506 ], [ -123.134033366133153, 49.268609595196565 ], [ -123.134038723717595, 49.268686099908066 ], [ -123.133942755530782, 49.268846997542504 ], [ -123.133915549180841, 49.268857113440809 ], [ -123.133724125222727, 49.268928206574721 ], [ -123.133332906499859, 49.268805449579411 ], [ -123.132932031899784, 49.268679656740112 ], [ -123.132525937060578, 49.268552220322007 ], [ -123.130685167716848, 49.268392709353463 ], [ -123.130588333469944, 49.268555010796284 ], [ -123.130727547713732, 49.268923899359635 ], [ -123.130522842748931, 49.269463705967652 ], [ -123.130655521911692, 49.269658954424315 ], [ -123.130663851048752, 49.269671210436748 ], [ -123.130742544227218, 49.269787015333321 ], [ -123.131570251787721, 49.270415016221641 ], [ -123.131874360585542, 49.270900702385475 ], [ -123.132135539436518, 49.270963400965307 ], [ -123.132420258017746, 49.271163800547875 ], [ -123.132422238350372, 49.271165171818836 ], [ -123.132422289717454, 49.271165229929046 ], [ -123.133525650033619, 49.27194180455929 ], [ -123.133676375241208, 49.272157227843444 ], [ -123.133738369606888, 49.272245832294651 ], [ -123.133745847598945, 49.272256517949579 ], [ -123.134365237642982, 49.272552819697907 ], [ -123.134586047402877, 49.272859006507183 ], [ -123.135466824409932, 49.273190802852803 ], [ -123.136621260970585, 49.273045611522178 ], [ -123.136826967852471, 49.272937305359605 ], [ -123.137059729192742, 49.272612601449183 ], [ -123.137415851448793, 49.271883402485408 ], [ -123.137415934284405, 49.271668316945046 ], [ -123.136945958685132, 49.270607301063635 ], [ -123.137192244509251, 49.270301105230651 ], [ -123.137411651442804, 49.270345318015124 ], [ -123.137783630212979, 49.27080390182438 ], [ -123.138444150764329, 49.271054492618298 ], [ -123.138732565351077, 49.271100106996947 ], [ -123.139007352784773, 49.271054490464202 ], [ -123.139559664189619, 49.271602808159031 ], [ -123.139837355795009, 49.272357693148003 ], [ -123.139852660481409, 49.273032699121892 ], [ -123.139647431592422, 49.273608108679014 ], [ -123.139290951448899, 49.274058210734879 ], [ -123.138494337127653, 49.274230508534536 ], [ -123.13838594557717, 49.274355801067301 ], [ -123.13875474150359, 49.274859920667268 ], [ -123.138799554641366, 49.274921177087151 ], [ -123.141915873708257, 49.273918890487693 ], [ -123.14198213254906, 49.273897596629226 ], [ -123.141999910444582, 49.273891862356535 ], [ -123.142561434315397, 49.273711243174183 ], [ -123.142579370284011, 49.273705483269488 ], [ -123.143907711285379, 49.273278204362263 ], [ -123.144206746, 49.273182008870648 ], [ -123.145080237148534, 49.272853901119163 ], [ -123.145334965489937, 49.272667909567176 ], [ -123.145408541181155, 49.272542812734805 ], [ -123.145531753505168, 49.272304715543889 ], [ -123.145479749218111, 49.271653891826233 ], [ -123.145498945201908, 49.270671699622646 ], [ -123.145539626583997, 49.270210027748973 ], [ -123.145576754461374, 49.269788403788681 ], [ -123.145593918303433, 49.269337601565312 ], [ -123.145610352262807, 49.268906602721508 ], [ -123.145633246018349, 49.268456156819262 ], [ -123.145655841894197, 49.268011504266248 ], [ -123.145657976580253, 49.267601273464464 ], [ -123.14566024693454, 49.267157824759458 ], [ -123.145674791147172, 49.266468108387571 ], [ -123.14567815059965, 49.266309801923967 ], [ -123.145723553191573, 49.265459813986276 ], [ -123.145737522360747, 49.265074233053774 ], [ -123.145753141470763, 49.264643612558771 ], [ -123.145761805661778, 49.264218873306724 ], [ -123.145772227514513, 49.263707399108554 ], [ -123.14579350136232, 49.263193608459744 ], [ -123.145811641360908, 49.262755397274468 ], [ -123.145827340469225, 49.262302931204822 ], [ -123.14584364182123, 49.261833012067669 ], [ -123.145863625960672, 49.261367375693951 ], [ -123.145881660687948, 49.260946794989927 ], [ -123.145901649751551, 49.260404811482019 ], [ -123.145918559958545, 49.259946205874975 ], [ -123.145936795008311, 49.259468961067896 ], [ -123.145952551969643, 49.25905720373752 ], [ -123.145970968784425, 49.258560088478205 ], [ -123.14598795204374, 49.258102393288311 ], [ -123.145991388915093, 49.257651839865382 ], [ -123.145994926508138, 49.257184798182614 ], [ -123.143614222335259, 49.257146094638422 ], [ -123.141309121429103, 49.257104896505446 ], [ -123.138809333044421, 49.257059310586996 ], [ -123.138544634643523, 49.257074817408046 ], [ -123.138262941685625, 49.257166405752152 ], [ -123.137884442563248, 49.25739793104529 ], [ -123.137634854134888, 49.25755060799063 ], [ -123.13704732981688, 49.257788997124884 ], [ -123.136323242631789, 49.257948116643504 ], [ -123.136085706166796, 49.257943710692849 ], [ -123.135636086935961, 49.257935396406126 ], [ -123.134418853850548, 49.257912913094678 ], [ -123.134284272763324, 49.257898323595541 ], [ -123.133934428509903, 49.257860403938928 ], [ -123.133626736568303, 49.257793710152036 ], [ -123.132713568052651, 49.257501008701269 ], [ -123.132119335399494, 49.257242972326821 ], [ -123.131818630398541, 49.257112396409958 ], [ -123.131804920846818, 49.25711241658076 ], [ -123.131791158369424, 49.257112426335475 ], [ -123.130846917457617, 49.257067459621055 ], [ -123.130320238434521, 49.257065417273246 ], [ -123.127836765377808, 49.257042042127928 ], [ -123.127652959545614, 49.257040317827965 ], [ -123.12722613637473, 49.257122598938594 ], [ -123.127198554245382, 49.257612807868249 ], [ -123.127052547458234, 49.257819691142608 ], [ -123.124376445865096, 49.257779901092299 ], [ -123.122067352056547, 49.257737306071988 ], [ -123.120118024605446, 49.257716812219449 ], [ -123.120128583046821, 49.257421567459993 ], [ -123.120144018391045, 49.25698791073274 ], [ -123.119400434836479, 49.256974431673434 ], [ -123.118143649537316, 49.256951610491157 ], [ -123.11601885396253, 49.256928105778456 ], [ -123.115068837871775, 49.256918905862392 ], [ -123.115061569035802, 49.257344899985355 ], [ -123.115053257119172, 49.257832797781532 ], [ -123.115045473508872, 49.258289509259285 ], [ -123.115037749100594, 49.258743896279753 ], [ -123.115028221542261, 49.259449882499979 ], [ -123.115025863543593, 49.259598430791421 ], [ -123.114958559815619, 49.259686718407515 ], [ -123.114952305329197, 49.259898694735632 ], [ -123.114937459039638, 49.260401338603089 ], [ -123.114872685457016, 49.262234382221692 ], [ -123.114872363863086, 49.262243418875585 ], [ -123.114795156992258, 49.263200574898519 ], [ -123.114794430339359, 49.263209607915286 ], [ -123.114773396067704, 49.264028714682823 ], [ -123.114773125409286, 49.264037704935475 ], [ -123.114771278209744, 49.264150522729416 ], [ -123.114759456651356, 49.264873511857878 ], [ -123.114758577918323, 49.264927221922626 ], [ -123.11475843419494, 49.26493631373755 ], [ -123.114750127033417, 49.265306216696089 ], [ -123.114748324786916, 49.26538550911318 ], [ -123.114762753168066, 49.265790908849667 ], [ -123.114765317974062, 49.265862896792584 ], [ -123.114776292278123, 49.266171888998045 ], [ -123.114791827052045, 49.266608897628721 ], [ -123.114795425936506, 49.266727014600782 ], [ -123.114805263919877, 49.267402527573232 ], [ -123.114809230537048, 49.267675913000637 ], [ -123.114813508513464, 49.267941664807196 ], [ -123.114815464666634, 49.268062515483713 ], [ -123.114820735561381, 49.268352594576314 ], [ -123.114835412110097, 49.269397909415375 ], [ -123.114789949551806, 49.271152789392303 ] ] ] } },
{ "type": "Feature", "properties": { "CMNTY_HLTH_SERV_AREA_CODE": "3221", "CMNTY_HLTH_SERV_AREA_NAME": "Downtown Eastside", "LOCAL_HLTH_AREA_CODE": "322", "LOCAL_HLTH_AREA_NAME": "Vancouver - Centre North", "HLTH_AUTHORITY_CODE": "3", "HLTH_AUTHORITY_NAME": "Vancouver Coastal", "OBJECTID": 1626, "CityOverlapShare": 0.99999999999999978, "VancouverCityIncluded": true }, "geometry": { "type": "Polygon", "coordinates": [ [ [ -123.077940508629084, 49.287238922949747 ], [ -123.078877534413991, 49.286951511293836 ], [ -123.078922248086769, 49.28937131720383 ], [ -123.079184239464041, 49.289371314283557 ], [ -123.079249441029418, 49.287149511394112 ], [ -123.079716451575408, 49.28710391390684 ], [ -123.079771761615177, 49.286968613843442 ], [ -123.079811132224833, 49.285547321449194 ], [ -123.079961352634058, 49.285134315487042 ], [ -123.08011334345359, 49.28512431634411 ], [ -123.080278324145752, 49.285547315353412 ], [ -123.080334733317997, 49.286950124283536 ], [ -123.080445018789149, 49.287066910687926 ], [ -123.080678947018697, 49.287112515914465 ], [ -123.081091447977684, 49.287039803062179 ], [ -123.081105934642324, 49.287202205584542 ], [ -123.080638636581, 49.287202217343875 ], [ -123.080611443461834, 49.287319000678821 ], [ -123.081091629442753, 49.2873460070183 ], [ -123.081120840281812, 49.288038204169986 ], [ -123.081190742014329, 49.288038206879051 ], [ -123.081201551295464, 49.28721071551599 ], [ -123.081408931358339, 49.287210720946909 ], [ -123.081409315908616, 49.287129608381555 ], [ -123.081215040849344, 49.287129601437243 ], [ -123.081214927283156, 49.28699570905593 ], [ -123.081572733706238, 49.286356229819319 ], [ -123.081819253533666, 49.286310619602894 ], [ -123.082040133923257, 49.28632923034386 ], [ -123.082246543243116, 49.286445919651996 ], [ -123.082220142800949, 49.287921412929464 ], [ -123.082400935151725, 49.287930010441016 ], [ -123.08239735878162, 49.286418920272489 ], [ -123.082177443484042, 49.286283623833761 ], [ -123.082217251970917, 49.286041501679279 ], [ -123.081997629354561, 49.285258109442587 ], [ -123.082380159687602, 49.284682819542695 ], [ -123.082985734828156, 49.284681312032475 ], [ -123.082972950240602, 49.285654104605257 ], [ -123.082725326141528, 49.285644117180546 ], [ -123.082714332070054, 49.286598321731127 ], [ -123.082783620089018, 49.286606907014836 ], [ -123.082808530403128, 49.285689711096317 ], [ -123.08295916145218, 49.285689717891806 ], [ -123.082946955153218, 49.28661542208485 ], [ -123.083058259127512, 49.286615413645762 ], [ -123.083096338374972, 49.284583102670759 ], [ -123.082806442766952, 49.284574509604163 ], [ -123.082791437614802, 49.283953600997158 ], [ -123.083575249962323, 49.283953608044172 ], [ -123.083564341162273, 49.284681325322104 ], [ -123.083823738268421, 49.284689904985044 ], [ -123.083973440594448, 49.283791220593876 ], [ -123.08415245168554, 49.283791216020994 ], [ -123.084046428968833, 49.286210925068339 ], [ -123.084568958355476, 49.286236608996091 ], [ -123.084569334125547, 49.286588418041049 ], [ -123.084748445370096, 49.286588412191406 ], [ -123.084748940119169, 49.286219501200407 ], [ -123.085311826476072, 49.286228010829973 ], [ -123.085378844017526, 49.284581722919498 ], [ -123.085790654607209, 49.284644323548932 ], [ -123.085790141307228, 49.28475260227129 ], [ -123.086794347131132, 49.284840907680518 ], [ -123.086703735010175, 49.288142207812648 ], [ -123.088106220791332, 49.288167808625289 ], [ -123.088185954430259, 49.285460412328902 ], [ -123.088981939950799, 49.285450414298467 ], [ -123.089642164842132, 49.285648415443582 ], [ -123.089538443365441, 49.288904114737903 ], [ -123.091794437518928, 49.289532201174509 ], [ -123.091874932822122, 49.28789581523948 ], [ -123.095068455858836, 49.288749605277658 ], [ -123.096699269248845, 49.289184334702895 ], [ -123.098065860519668, 49.289532764682065 ], [ -123.09898504687736, 49.289801507028905 ], [ -123.099375648038091, 49.288914939007327 ], [ -123.099638619203873, 49.288358511998446 ], [ -123.099641528995278, 49.288069687705573 ], [ -123.099261587360246, 49.287879580038833 ], [ -123.099179832783193, 49.287862771260272 ], [ -123.098825727737761, 49.28774360468978 ], [ -123.097144936336733, 49.287340107503326 ], [ -123.096351716789243, 49.286371053778403 ], [ -123.097777947934574, 49.28630026252717 ], [ -123.09771830274866, 49.285371690546718 ], [ -123.097778869751934, 49.285337289915745 ], [ -123.098007154956889, 49.285488743008457 ], [ -123.098124657728746, 49.285588377377358 ], [ -123.098255064840899, 49.285780353339291 ], [ -123.098332852970444, 49.28596343891752 ], [ -123.098385824588703, 49.286183836202952 ], [ -123.098570032422373, 49.286585331324133 ], [ -123.098710947617093, 49.28679828899179 ], [ -123.098925690593717, 49.28690602592647 ], [ -123.099350301628874, 49.286939451500231 ], [ -123.099350770566573, 49.287206582372576 ], [ -123.099647998466907, 49.287206685979378 ], [ -123.099752889409288, 49.286515752836173 ], [ -123.099815098722445, 49.286073456774567 ], [ -123.099517837961457, 49.28606828240941 ], [ -123.099517433518912, 49.285970603110194 ], [ -123.099747747477565, 49.285970115948366 ], [ -123.099785827941091, 49.285772336952625 ], [ -123.09957967206249, 49.285772147312869 ], [ -123.099579184271377, 49.285505296417028 ], [ -123.100281489942176, 49.285505130152252 ], [ -123.101015977777877, 49.28543965493693 ], [ -123.101977851027073, 49.285273277008841 ], [ -123.102257571703433, 49.285273455965644 ], [ -123.102519793722138, 49.285308044850645 ], [ -123.102774469949452, 49.285381376695852 ], [ -123.102951503345722, 49.285441314204839 ], [ -123.103058036714273, 49.285549778248011 ], [ -123.103110949018571, 49.285627339174354 ], [ -123.103149207622707, 49.285769767378198 ], [ -123.103141139747834, 49.285944766312618 ], [ -123.103186222968972, 49.286102372656046 ], [ -123.103242585894833, 49.286166031594959 ], [ -123.103345722021729, 49.286236355099675 ], [ -123.103446729835994, 49.286271997891433 ], [ -123.103687711079417, 49.286269940209138 ], [ -123.103807717947873, 49.286209763530557 ], [ -123.103907198614777, 49.286109577584732 ], [ -123.103999861050468, 49.286077352281012 ], [ -123.104011058253747, 49.286039158753809 ], [ -123.104240982250346, 49.286039320775799 ], [ -123.104533354221417, 49.28607212907972 ], [ -123.10536841665305, 49.286244042285418 ], [ -123.105749443259725, 49.286359003036246 ], [ -123.10634047670203, 49.286537321411622 ], [ -123.10667049074344, 49.286572056769749 ], [ -123.106984237448316, 49.286573191858338 ], [ -123.107342908880469, 49.286570225375712 ], [ -123.107618060950642, 49.286537993495614 ], [ -123.107877398384659, 49.286474928329113 ], [ -123.108174029357755, 49.286441069070428 ], [ -123.108571787822243, 49.286309652707956 ], [ -123.108738504726873, 49.286283175229315 ], [ -123.10888834987361, 49.286048903435592 ], [ -123.108857769279879, 49.285821807407522 ], [ -123.108828028525835, 49.28560086493205 ], [ -123.108801298983252, 49.28540252265249 ], [ -123.108772883544404, 49.285191325197246 ], [ -123.108743455821056, 49.284972781346006 ], [ -123.108691062442389, 49.28465030497896 ], [ -123.108838344440571, 49.284316407219052 ], [ -123.110906799446227, 49.2847087045308 ], [ -123.110934246052366, 49.284713916452795 ], [ -123.111448615544703, 49.284369963149189 ], [ -123.111923857422298, 49.284052210919235 ], [ -123.112444985072102, 49.283708739953752 ], [ -123.112879858745117, 49.283422111582659 ], [ -123.112441550512955, 49.283118284608229 ], [ -123.112392433745256, 49.283084228077001 ], [ -123.112252673944241, 49.282987363016026 ], [ -123.111937844809006, 49.28276909522495 ], [ -123.110971841701428, 49.282125409970412 ], [ -123.11008175994094, 49.28156651598303 ], [ -123.109773451266989, 49.28146371283767 ], [ -123.10847443484441, 49.281226216213895 ], [ -123.107599045075204, 49.281071316070971 ], [ -123.106227983473914, 49.280825849027529 ], [ -123.105610663909943, 49.280715348682918 ], [ -123.105789598070089, 49.280283563421143 ], [ -123.105864662331342, 49.280102459036925 ], [ -123.106128553391542, 49.279462802903112 ], [ -123.105054629016607, 49.279312592209848 ], [ -123.104925561335108, 49.279294524672295 ], [ -123.104480138735724, 49.279232197717228 ], [ -123.102559829321223, 49.279216712412676 ], [ -123.102170454539333, 49.279291816802989 ], [ -123.102134651388198, 49.2790503222731 ], [ -123.102134047368224, 49.27858591774519 ], [ -123.102132952210042, 49.277740365007389 ], [ -123.102132857109098, 49.277649610531952 ], [ -123.1004756110964, 49.277690688313491 ], [ -123.100393236978888, 49.277692706326562 ], [ -123.09991693329502, 49.277704514171624 ], [ -123.099816179897573, 49.277696805485853 ], [ -123.099736456210778, 49.277690720994507 ], [ -123.099737665573187, 49.27767971145105 ], [ -123.099749051604576, 49.277576601064901 ], [ -123.099778310278623, 49.277284674476796 ], [ -123.099783450766111, 49.277092059148735 ], [ -123.099797130766888, 49.276763617920871 ], [ -123.099825176974505, 49.276020315659999 ], [ -123.099846033158755, 49.275466468537054 ], [ -123.099851667681321, 49.275316727305565 ], [ -123.099865944601177, 49.274937916973862 ], [ -123.099888359278552, 49.274378072322854 ], [ -123.099938458139448, 49.273127671644019 ], [ -123.099939906149871, 49.273091702764027 ], [ -123.09994278625345, 49.273019799699291 ], [ -123.099949155526275, 49.272861198218536 ], [ -123.099268200548835, 49.272751160300473 ], [ -123.098632337403274, 49.272648409201373 ], [ -123.098445110416023, 49.272615636104611 ], [ -123.098121809716659, 49.272559022330164 ], [ -123.097717137752554, 49.272488182058396 ], [ -123.095483118058908, 49.272097019316064 ], [ -123.094456954810312, 49.271917324694208 ], [ -123.093334553880709, 49.271740200352085 ], [ -123.090816833350033, 49.271314409742693 ], [ -123.089498919611515, 49.271091476062942 ], [ -123.087436526615448, 49.2707426234658 ], [ -123.084864082377564, 49.270288594802473 ], [ -123.083761071754651, 49.270096969530549 ], [ -123.082512709783998, 49.269880059399398 ], [ -123.082387673861405, 49.269814524892368 ], [ -123.081802831916605, 49.26972394510787 ], [ -123.081775192197284, 49.269719673109222 ], [ -123.08167602634056, 49.269704312698515 ], [ -123.081426380281229, 49.269697569921441 ], [ -123.080734211146009, 49.269689943014015 ], [ -123.080280704048008, 49.269684936807955 ], [ -123.080074355292226, 49.269682646372047 ], [ -123.079854478809182, 49.269680215602989 ], [ -123.078834131164342, 49.26966891072933 ], [ -123.078466184979675, 49.269665325499659 ], [ -123.077381325258585, 49.269654722241881 ], [ -123.077375254214033, 49.27010467047328 ], [ -123.077368926250472, 49.270570512391132 ], [ -123.077364771231927, 49.270829016066095 ], [ -123.077361712326592, 49.271022173809534 ], [ -123.07735392784609, 49.271506807608503 ], [ -123.077330947745153, 49.273135706037586 ], [ -123.077314834367783, 49.274045924216864 ], [ -123.07731401894101, 49.274458439928324 ], [ -123.077313044070848, 49.274946619009526 ], [ -123.077303539636574, 49.275860626559869 ], [ -123.077291550177335, 49.276338866621565 ], [ -123.077280861456472, 49.276765217392089 ], [ -123.07727126642132, 49.277229529528341 ], [ -123.077262137673102, 49.27767361882794 ], [ -123.077252246092144, 49.278138006976796 ], [ -123.077243221054857, 49.278561213035786 ], [ -123.077227747971023, 49.2789926796613 ], [ -123.077210434897452, 49.27947450601657 ], [ -123.077193765257633, 49.279928086101584 ], [ -123.077177738969198, 49.280363626224023 ], [ -123.077147337164163, 49.280845800692632 ], [ -123.077115594498721, 49.281350021856198 ], [ -123.077111978207512, 49.281777785952485 ], [ -123.07710194362916, 49.282263894027388 ], [ -123.077105201515593, 49.282398867232764 ], [ -123.077121252136706, 49.283069676674913 ], [ -123.07711190325459, 49.283570652756715 ], [ -123.077108366100589, 49.283759524411721 ], [ -123.077107317635878, 49.283813309391633 ], [ -123.078009964383156, 49.284402620805231 ], [ -123.077940508629084, 49.287238922949747 ] ] ] } },
{ "type": "Feature", "properties": { "CMNTY_HLTH_SERV_AREA_CODE": "3222", "CMNTY_HLTH_SERV_AREA_NAME": "Northeast False Creek", "LOCAL_HLTH_AREA_CODE": "322", "LOCAL_HLTH_AREA_NAME": "Vancouver - Centre North", "HLTH_AUTHORITY_CODE": "3", "HLTH_AUTHORITY_NAME": "Vancouver Coastal", "OBJECTID": 1627, "CityOverlapShare": 0.99999999999999989, "VancouverCityIncluded": true }, "geometry": { "type": "Polygon", "coordinates": [ [ [ -123.104925561335108, 49.279294524672295 ], [ -123.105054629016607, 49.279312592209848 ], [ -123.106128553391542, 49.279462802903112 ], [ -123.105864662331342, 49.280102459036925 ], [ -123.105789598070089, 49.280283563421143 ], [ -123.105610663909943, 49.280715348682918 ], [ -123.106227983473914, 49.280825849027529 ], [ -123.107599045075204, 49.281071316070971 ], [ -123.10847443484441, 49.281226216213895 ], [ -123.109773451266989, 49.28146371283767 ], [ -123.11008175994094, 49.28156651598303 ], [ -123.110971841701428, 49.282125409970412 ], [ -123.111937844809006, 49.28276909522495 ], [ -123.112252673944241, 49.282987363016026 ], [ -123.112392433745256, 49.283084228077001 ], [ -123.112441550512955, 49.283118284608229 ], [ -123.112879858745117, 49.283422111582659 ], [ -123.11338320147452, 49.283090164343669 ], [ -123.114470661398627, 49.282373015350046 ], [ -123.116206744268894, 49.281218704798185 ], [ -123.115765909434799, 49.280933776608379 ], [ -123.115221136974867, 49.280581714477783 ], [ -123.114271447774613, 49.279942915096541 ], [ -123.113292832552929, 49.279326815194771 ], [ -123.114978029582559, 49.278215314760871 ], [ -123.115205255264058, 49.278069593575111 ], [ -123.115438915111454, 49.277919693373974 ], [ -123.116602592385135, 49.277173343647419 ], [ -123.11664048623399, 49.277116706120985 ], [ -123.117917928116682, 49.276218582329513 ], [ -123.117952265703892, 49.276108703191639 ], [ -123.118047086426444, 49.276041874811717 ], [ -123.118136100559781, 49.275980318170014 ], [ -123.119219300244893, 49.274624820068638 ], [ -123.118886730693148, 49.274624911081219 ], [ -123.117534032069685, 49.27445819434309 ], [ -123.11710644412473, 49.274197305539758 ], [ -123.117308751743195, 49.273418204268125 ], [ -123.117242116788603, 49.273366640559978 ], [ -123.116470921129334, 49.272544837588825 ], [ -123.116465575755882, 49.272539140896484 ], [ -123.115870482343311, 49.272542422510945 ], [ -123.115593532779329, 49.272509072519931 ], [ -123.115219960965419, 49.272504812549592 ], [ -123.114915525198711, 49.272538575298974 ], [ -123.114892990644478, 49.272541074141763 ], [ -123.11475273146678, 49.272589233775385 ], [ -123.113747155401967, 49.272934498317532 ], [ -123.112523062179918, 49.273025610575672 ], [ -123.1121235642633, 49.273225010955464 ], [ -123.112097649980925, 49.273431507658543 ], [ -123.111946349628155, 49.273306205964893 ], [ -123.111738821180808, 49.273333205126946 ], [ -123.111630839491283, 49.273450013360481 ], [ -123.111780855214732, 49.273585302606946 ], [ -123.111355346458552, 49.27345859799096 ], [ -123.11107933906078, 49.273487107587705 ], [ -123.110296625295248, 49.273891505285995 ], [ -123.110311420650021, 49.274072404689051 ], [ -123.110036753009851, 49.274351614869659 ], [ -123.109734638464843, 49.274341598757765 ], [ -123.109308558666839, 49.274189215509892 ], [ -123.108992347239081, 49.274207697118165 ], [ -123.108786256355586, 49.274297414557338 ], [ -123.108526143895361, 49.274811611998281 ], [ -123.107481760527961, 49.275261615564823 ], [ -123.107222060854497, 49.275234617354315 ], [ -123.107042535650351, 49.275342825683438 ], [ -123.107043426878363, 49.275513713217073 ], [ -123.106794631482416, 49.275586316065613 ], [ -123.103593457888493, 49.275553618913811 ], [ -123.103482946257103, 49.275391202580593 ], [ -123.103646133250734, 49.274805906642968 ], [ -123.103711861471112, 49.273924314027163 ], [ -123.10383631963461, 49.273763406026816 ], [ -123.104165036225965, 49.273753425762045 ], [ -123.104345151349833, 49.27363661866265 ], [ -123.10439902694479, 49.273078314649183 ], [ -123.104232931699471, 49.272971514568006 ], [ -123.103930126320762, 49.272935916791688 ], [ -123.103407750707348, 49.273071206401994 ], [ -123.103065045973167, 49.273071206984177 ], [ -123.102941832568007, 49.2729273241385 ], [ -123.102941238111796, 49.272702300338935 ], [ -123.102356500601275, 49.27287045957668 ], [ -123.102007442358385, 49.27303762910239 ], [ -123.101850876593957, 49.272994394581801 ], [ -123.101637331668428, 49.272935430571678 ], [ -123.101646823865536, 49.273018433237112 ], [ -123.101650641156709, 49.273052007031445 ], [ -123.101498885108498, 49.273053050647448 ], [ -123.101197042986442, 49.273055107330684 ], [ -123.100114859745474, 49.272890914255221 ], [ -123.099949155526275, 49.272861198218536 ], [ -123.09994278625345, 49.273019799699291 ], [ -123.099939906149871, 49.273091702764027 ], [ -123.099938458139448, 49.273127671644019 ], [ -123.099888359278552, 49.274378072322854 ], [ -123.099865944601177, 49.274937916973862 ], [ -123.099851667681321, 49.275316727305565 ], [ -123.099846033158755, 49.275466468537054 ], [ -123.099825176974505, 49.276020315659999 ], [ -123.099797130766888, 49.276763617920871 ], [ -123.099783450766111, 49.277092059148735 ], [ -123.099778310278623, 49.277284674476796 ], [ -123.099749051604576, 49.277576601064901 ], [ -123.099737665573187, 49.27767971145105 ], [ -123.099736456210778, 49.277690720994507 ], [ -123.099816179897573, 49.277696805485853 ], [ -123.09991693329502, 49.277704514171624 ], [ -123.100393236978888, 49.277692706326562 ], [ -123.1004756110964, 49.277690688313491 ], [ -123.102132857109098, 49.277649610531952 ], [ -123.102132952210042, 49.277740365007389 ], [ -123.102134047368224, 49.27858591774519 ], [ -123.102134651388198, 49.2790503222731 ], [ -123.102170454539333, 49.279291816802989 ], [ -123.102559829321223, 49.279216712412676 ], [ -123.104480138735724, 49.279232197717228 ], [ -123.104925561335108, 49.279294524672295 ] ] ] } },
{ "type": "Feature", "properties": { "CMNTY_HLTH_SERV_AREA_CODE": "3223", "CMNTY_HLTH_SERV_AREA_NAME": "Grandview-Woodland", "LOCAL_HLTH_AREA_CODE": "322", "LOCAL_HLTH_AREA_NAME": "Vancouver - Centre North", "HLTH_AUTHORITY_CODE": "3", "HLTH_AUTHORITY_NAME": "Vancouver Coastal", "OBJECTID": 1628, "CityOverlapShare": 0.99999999999999978, "VancouverCityIncluded": true }, "geometry": { "type": "Polygon", "coordinates": [ [ [ -123.056606731775176, 49.262137120829671 ], [ -123.05658813184607, 49.262970701539416 ], [ -123.056585044718048, 49.263171525415594 ], [ -123.05661661457826, 49.263885813330319 ], [ -123.056612421981427, 49.264146931348549 ], [ -123.056600534439795, 49.264789707073774 ], [ -123.056603743067228, 49.264997923589107 ], [ -123.056601646017981, 49.265457212437688 ], [ -123.056600315346955, 49.265745432741873 ], [ -123.056601321676141, 49.265903113469783 ], [ -123.056602510063342, 49.266347757456572 ], [ -123.056603521646039, 49.266734627463038 ], [ -123.056640569904005, 49.267182603557828 ], [ -123.056647259732472, 49.267263320792772 ], [ -123.056678952766603, 49.267646410636317 ], [ -123.056657790418868, 49.268157199510711 ], [ -123.05664030856984, 49.268579451404648 ], [ -123.056629880945508, 49.269082760561638 ], [ -123.056623011601246, 49.269414870130852 ], [ -123.056619381665925, 49.269558895880728 ], [ -123.056616348087729, 49.269990998948892 ], [ -123.056613396062517, 49.27041085990917 ], [ -123.05661103954408, 49.270791478078188 ], [ -123.056608431388838, 49.27120340680753 ], [ -123.056607222171081, 49.271373612131931 ], [ -123.056606496554551, 49.271627957077335 ], [ -123.056605242563649, 49.272055418882672 ], [ -123.056603327053082, 49.272301318027687 ], [ -123.056602683856283, 49.272509457747546 ], [ -123.056601337041087, 49.272939809689433 ], [ -123.056597037882597, 49.273289217128422 ], [ -123.056594641541409, 49.273846722324883 ], [ -123.05659534504494, 49.274160216541084 ], [ -123.056591442623017, 49.274761802551339 ], [ -123.056590625347539, 49.274991519752348 ], [ -123.056589193941392, 49.275216991081862 ], [ -123.056586323811914, 49.275666012904004 ], [ -123.056586642605367, 49.27581291841274 ], [ -123.056585552773981, 49.276116516656849 ], [ -123.056583735483244, 49.276616306007611 ], [ -123.05657723124915, 49.277475411442595 ], [ -123.056575326269439, 49.277870574210908 ], [ -123.056573248800788, 49.278296816953691 ], [ -123.056571455455469, 49.278689115190076 ], [ -123.056569517108528, 49.279113619152142 ], [ -123.056567938931849, 49.279636915115802 ], [ -123.056563951439912, 49.280240321476818 ], [ -123.056561767556516, 49.280713075307652 ], [ -123.056559641904954, 49.28117432334836 ], [ -123.056556957477923, 49.281648595037495 ], [ -123.05655451859198, 49.282077622322554 ], [ -123.056552053816475, 49.282530158073222 ], [ -123.05654942990094, 49.283001611116994 ], [ -123.056548123614391, 49.283456658475117 ], [ -123.056546849561173, 49.283909508587207 ], [ -123.056543814797422, 49.284347203130416 ], [ -123.056540744818079, 49.28478490993745 ], [ -123.056542009013995, 49.285273639125741 ], [ -123.056543140457066, 49.28570011323864 ], [ -123.056541633590356, 49.286191181988137 ], [ -123.056540349995245, 49.286608909242126 ], [ -123.05654613750724, 49.286734232887518 ], [ -123.056535424855809, 49.287073126778068 ], [ -123.056527194149496, 49.28733369328436 ], [ -123.056524893991096, 49.287405690560909 ], [ -123.0565215587919, 49.287511809306288 ], [ -123.056507515932395, 49.287732978336784 ], [ -123.056506884519138, 49.287982378151284 ], [ -123.056506563271483, 49.288115782149831 ], [ -123.056568559367605, 49.288221944337849 ], [ -123.056567611173676, 49.288410173474887 ], [ -123.056567721059452, 49.288667798947984 ], [ -123.056560264991418, 49.288958532698445 ], [ -123.056553782894767, 49.28922184294553 ], [ -123.056551567379813, 49.289312294802997 ], [ -123.056539734778184, 49.289715518911294 ], [ -123.05651966568405, 49.290212959382828 ], [ -123.056499150861825, 49.290722305851631 ], [ -123.056405924485986, 49.29074051547876 ], [ -123.054580852896876, 49.291122999702232 ], [ -123.053312013995281, 49.291388145677679 ], [ -123.051968660762427, 49.291668817790274 ], [ -123.051897387649362, 49.292048525837018 ], [ -123.051814494782946, 49.292286407433849 ], [ -123.051630893708904, 49.292524812382361 ], [ -123.051687862610834, 49.292816543843308 ], [ -123.051737209722901, 49.293438164084506 ], [ -123.054475736487348, 49.292651217983249 ], [ -123.055891264288491, 49.292164120769279 ], [ -123.05629162976652, 49.291867910860049 ], [ -123.057019422943497, 49.29189351793169 ], [ -123.057719634443885, 49.291389417177236 ], [ -123.05791293289515, 49.291506204809203 ], [ -123.05872393920697, 49.291110225687881 ], [ -123.059151538279906, 49.29149761657461 ], [ -123.059893434532711, 49.291200016094429 ], [ -123.059329419673148, 49.290668719297862 ], [ -123.059658956432713, 49.290561916204446 ], [ -123.059547239715371, 49.290443726931478 ], [ -123.060193827595882, 49.29015602112537 ], [ -123.06033202889877, 49.290281316113933 ], [ -123.060153240249463, 49.290399529822039 ], [ -123.060814129145697, 49.290929412416496 ], [ -123.060950335843131, 49.290866711767144 ], [ -123.060372928826951, 49.290389630315346 ], [ -123.060592621626512, 49.290318414924762 ], [ -123.060882047033459, 49.290569005815868 ], [ -123.061101723955318, 49.290497824103781 ], [ -123.061488227488923, 49.290731422214193 ], [ -123.061665133578302, 49.290631705747074 ], [ -123.061211523236011, 49.290289908925082 ], [ -123.061060439519807, 49.290371131149755 ], [ -123.06064783582714, 49.290110409440587 ], [ -123.060523457115508, 49.29018312001687 ], [ -123.060401138509633, 49.289949505879527 ], [ -123.060577939505492, 49.289876912906188 ], [ -123.061073055846748, 49.289912512665836 ], [ -123.061389122212333, 49.289760111985835 ], [ -123.061885057403444, 49.289166216243508 ], [ -123.062064439847688, 49.289345612685686 ], [ -123.06222843217806, 49.289291512784381 ], [ -123.062064154719025, 49.289066519069259 ], [ -123.062447848388985, 49.289174700102357 ], [ -123.0629700354215, 49.288481124171099 ], [ -123.062668139359531, 49.288355805234303 ], [ -123.062693551816693, 49.288184911246738 ], [ -123.063396252227804, 49.288400008556195 ], [ -123.063698721798843, 49.288022508288407 ], [ -123.063711025297621, 49.287545421341704 ], [ -123.063903839578614, 49.287509820265328 ], [ -123.063904922318059, 49.28793281376398 ], [ -123.064138651570318, 49.287932807679262 ], [ -123.064150554505815, 49.287276315957058 ], [ -123.064481032846771, 49.287274817337817 ], [ -123.064481131861783, 49.287113929015831 ], [ -123.064605522338567, 49.28711391976173 ], [ -123.064577554675566, 49.287833111682602 ], [ -123.064688441859474, 49.28784172717716 ], [ -123.064714650560674, 49.287141020976669 ], [ -123.064949037529175, 49.287139527802765 ], [ -123.064990637516829, 49.287284829316867 ], [ -123.065334238950953, 49.287283407403322 ], [ -123.065334251897767, 49.287383116301555 ], [ -123.065399599575684, 49.287392976594255 ], [ -123.06551313710743, 49.287410107689361 ], [ -123.065512043416675, 49.287193713573743 ], [ -123.065815529726393, 49.287193708369962 ], [ -123.065828518952173, 49.28745431756996 ], [ -123.066048559776206, 49.287462819347226 ], [ -123.066009446700505, 49.289208926597787 ], [ -123.066161724931931, 49.289217514974574 ], [ -123.066214144582872, 49.287383107539981 ], [ -123.067039854009622, 49.287390210008354 ], [ -123.067028536402361, 49.289144815424024 ], [ -123.067261730962855, 49.28915341688991 ], [ -123.067284848372125, 49.286581217675213 ], [ -123.06859226313793, 49.286589819806473 ], [ -123.068567443574082, 49.289647614673939 ], [ -123.069791532943626, 49.289637614601993 ], [ -123.069817764333209, 49.288009719150836 ], [ -123.077176552591894, 49.289560718959883 ], [ -123.077229140836096, 49.28745711050604 ], [ -123.077940508629084, 49.287238922949747 ], [ -123.078009964383156, 49.284402620805231 ], [ -123.077107317635878, 49.283813309391633 ], [ -123.077108366100589, 49.283759524411721 ], [ -123.07711190325459, 49.283570652756715 ], [ -123.077121252136706, 49.283069676674913 ], [ -123.077105201515593, 49.282398867232764 ], [ -123.07710194362916, 49.282263894027388 ], [ -123.077111978207512, 49.281777785952485 ], [ -123.077115594498721, 49.281350021856198 ], [ -123.077147337164163, 49.280845800692632 ], [ -123.077177738969198, 49.280363626224023 ], [ -123.077193765257633, 49.279928086101584 ], [ -123.077210434897452, 49.27947450601657 ], [ -123.077227747971023, 49.2789926796613 ], [ -123.077243221054857, 49.278561213035786 ], [ -123.077252246092144, 49.278138006976796 ], [ -123.077262137673102, 49.27767361882794 ], [ -123.07727126642132, 49.277229529528341 ], [ -123.077280861456472, 49.276765217392089 ], [ -123.077291550177335, 49.276338866621565 ], [ -123.077303539636574, 49.275860626559869 ], [ -123.077313044070848, 49.274946619009526 ], [ -123.07731401894101, 49.274458439928324 ], [ -123.077314834367783, 49.274045924216864 ], [ -123.077330947745153, 49.273135706037586 ], [ -123.07735392784609, 49.271506807608503 ], [ -123.077361712326592, 49.271022173809534 ], [ -123.077364771231927, 49.270829016066095 ], [ -123.077368926250472, 49.270570512391132 ], [ -123.077375254214033, 49.27010467047328 ], [ -123.077381325258585, 49.269654722241881 ], [ -123.077400638002089, 49.26875990113907 ], [ -123.077398420410319, 49.268354051811798 ], [ -123.077395744477556, 49.267855410359118 ], [ -123.077423735947164, 49.266931114976963 ], [ -123.077427625962144, 49.266302503637412 ], [ -123.077430546104139, 49.266110709022257 ], [ -123.077434390185928, 49.265858761620038 ], [ -123.077434751995213, 49.265836010195919 ], [ -123.077437153983695, 49.265678889567013 ], [ -123.077444740110664, 49.265180601497804 ], [ -123.077477169142895, 49.264653422084379 ], [ -123.077489853095884, 49.264447339674071 ], [ -123.077502644834894, 49.264240024279104 ], [ -123.077543015190614, 49.263337622492479 ], [ -123.077555074499486, 49.262882092254074 ], [ -123.07756292950755, 49.262585126843369 ], [ -123.077496155514623, 49.262489633791304 ], [ -123.077496420529172, 49.262397785828171 ], [ -123.075600198656744, 49.262382427042567 ], [ -123.07484657668607, 49.262375673624994 ], [ -123.073661530352183, 49.262365019965287 ], [ -123.071802622339163, 49.262349342570261 ], [ -123.069810139686666, 49.26233250827881 ], [ -123.06912167906259, 49.26232558640168 ], [ -123.067939521792837, 49.262313650333034 ], [ -123.06754589189002, 49.262309694958454 ], [ -123.067307424230066, 49.262307276467723 ], [ -123.066854247321061, 49.262302674778304 ], [ -123.066139059720697, 49.262300701092016 ], [ -123.06593125405125, 49.262300097775238 ], [ -123.06398442612263, 49.262280513146941 ], [ -123.062045544651212, 49.26226642156967 ], [ -123.058290852063479, 49.262248877240431 ], [ -123.058172630133043, 49.262248323163391 ], [ -123.05741217556843, 49.262230705491078 ], [ -123.057365688699903, 49.262229632330431 ], [ -123.057088932138797, 49.262223222257035 ], [ -123.056606731775176, 49.262137120829671 ] ] ] } },
{ "type": "Feature", "properties": { "CMNTY_HLTH_SERV_AREA_CODE": "3231", "CMNTY_HLTH_SERV_AREA_NAME": "Cedar Cottage", "LOCAL_HLTH_AREA_CODE": "323", "LOCAL_HLTH_AREA_NAME": "Vancouver - Northeast", "HLTH_AUTHORITY_CODE": "3", "HLTH_AUTHORITY_NAME": "Vancouver Coastal", "OBJECTID": 1629, "CityOverlapShare": 1.0000000000000002, "VancouverCityIncluded": true }, "geometry": { "type": "Polygon", "coordinates": [ [ [ -123.056606731775176, 49.262137120829671 ], [ -123.057088932138797, 49.262223222257035 ], [ -123.057365688699903, 49.262229632330431 ], [ -123.05741217556843, 49.262230705491078 ], [ -123.058172630133043, 49.262248323163391 ], [ -123.058290852063479, 49.262248877240431 ], [ -123.062045544651212, 49.26226642156967 ], [ -123.06398442612263, 49.262280513146941 ], [ -123.06593125405125, 49.262300097775238 ], [ -123.066139059720697, 49.262300701092016 ], [ -123.066854247321061, 49.262302674778304 ], [ -123.067307424230066, 49.262307276467723 ], [ -123.06754589189002, 49.262309694958454 ], [ -123.067939521792837, 49.262313650333034 ], [ -123.06912167906259, 49.26232558640168 ], [ -123.069810139686666, 49.26233250827881 ], [ -123.071802622339163, 49.262349342570261 ], [ -123.073661530352183, 49.262365019965287 ], [ -123.07484657668607, 49.262375673624994 ], [ -123.075600198656744, 49.262382427042567 ], [ -123.077496420529172, 49.262397785828171 ], [ -123.077495366074103, 49.261411413756768 ], [ -123.077495395305206, 49.261347055945741 ], [ -123.077495804495243, 49.260994966838233 ], [ -123.077495840262188, 49.260983495684926 ], [ -123.0774963239828, 49.260533270175273 ], [ -123.077496318098753, 49.260524204727204 ], [ -123.077496892150677, 49.260065959142295 ], [ -123.077497435171949, 49.259634199400807 ], [ -123.077498073460291, 49.259166428440395 ], [ -123.077498508294397, 49.258815849452731 ], [ -123.077498642068733, 49.258742504572297 ], [ -123.077493910519948, 49.258490209509375 ], [ -123.077397253669076, 49.258237114199197 ], [ -123.07715992626062, 49.257969506001096 ], [ -123.076945475114655, 49.257828423518873 ], [ -123.076935754439063, 49.257822025936527 ], [ -123.07708661087085, 49.257826098429 ], [ -123.077617919928187, 49.257829727353304 ], [ -123.077623852383482, 49.25734934907333 ], [ -123.07763192534361, 49.256692383118335 ], [ -123.077841438682142, 49.256702617547987 ], [ -123.079796652464168, 49.256781618288976 ], [ -123.081506538202504, 49.256850403006339 ], [ -123.081703815309766, 49.256858407291226 ], [ -123.083395919782717, 49.256926703485384 ], [ -123.083587727191585, 49.256934605089697 ], [ -123.08391515933944, 49.256947666450294 ], [ -123.085334735337014, 49.257004308874137 ], [ -123.085533321858804, 49.257013305314835 ], [ -123.087225420160152, 49.257081513072642 ], [ -123.087441953334078, 49.257090116746689 ], [ -123.089095285733507, 49.257155381265015 ], [ -123.089456131790044, 49.257169623571585 ], [ -123.089728436677404, 49.2568365051496 ], [ -123.089801815266796, 49.256696208075148 ], [ -123.08985005268589, 49.256409203805816 ], [ -123.089201624600406, 49.256409708087752 ], [ -123.087432839144043, 49.255594513417876 ], [ -123.086994987827083, 49.255387356694051 ], [ -123.085652060259918, 49.254752018445174 ], [ -123.085225143443836, 49.254551298768575 ], [ -123.083733513346928, 49.253850704143581 ], [ -123.083226223954441, 49.253618121927111 ], [ -123.081813428537856, 49.252953917448288 ], [ -123.07991055095772, 49.252068307180636 ], [ -123.078025153471998, 49.251167801568052 ], [ -123.077378158111273, 49.250798969285512 ], [ -123.076138601709872, 49.250156439047224 ], [ -123.075957071561945, 49.250073161695212 ], [ -123.073367595981907, 49.248949927022323 ], [ -123.072324911183046, 49.248497400517408 ], [ -123.072043136434104, 49.248366175927721 ], [ -123.071308343489122, 49.248023903805056 ], [ -123.069960744657891, 49.247398211850438 ], [ -123.069038839355926, 49.246968719913987 ], [ -123.068809349743674, 49.246862415508168 ], [ -123.068562397651618, 49.24674207194024 ], [ -123.067850134844534, 49.246395008627623 ], [ -123.067180535061937, 49.246085267740597 ], [ -123.066546518599807, 49.24579200344369 ], [ -123.065189110547436, 49.245148916722236 ], [ -123.06378094127291, 49.244507015621188 ], [ -123.06182582204292, 49.243568308738432 ], [ -123.059176520651334, 49.24235931102595 ], [ -123.058138829104038, 49.241876123402712 ], [ -123.057340825559393, 49.242593004845681 ], [ -123.056936622336011, 49.242969320510831 ], [ -123.056775030659324, 49.243244100978345 ], [ -123.056700208515593, 49.243449317576726 ], [ -123.056674906841025, 49.243739511025119 ], [ -123.056668316822595, 49.243995209978479 ], [ -123.056674134220231, 49.244617819509934 ], [ -123.056675523439395, 49.245418625523627 ], [ -123.056672128022598, 49.245797824442889 ], [ -123.056671626722235, 49.246281533021609 ], [ -123.056668114381353, 49.246704818512349 ], [ -123.05666971171037, 49.247112910758354 ], [ -123.056668626574137, 49.24810371154576 ], [ -123.056667052515792, 49.248411706024676 ], [ -123.056656155668477, 49.248645477517066 ], [ -123.056648239953873, 49.248816613606287 ], [ -123.056641661674277, 49.249282338335732 ], [ -123.05664139869782, 49.249301727877651 ], [ -123.056635729916664, 49.249706211675232 ], [ -123.056616111314028, 49.250621821239612 ], [ -123.056616058920085, 49.250642069535076 ], [ -123.056615911632591, 49.250688411081285 ], [ -123.056613313790166, 49.251531525348526 ], [ -123.056610715168702, 49.252054280170277 ], [ -123.056609847321297, 49.252235810895279 ], [ -123.056611805977482, 49.25235572114746 ], [ -123.056605825561249, 49.252884323730378 ], [ -123.056608329391707, 49.253494207272773 ], [ -123.05664893061028, 49.255084316870686 ], [ -123.056635126676838, 49.256448609784648 ], [ -123.056632109471153, 49.256755717885717 ], [ -123.05664113485939, 49.257261011510067 ], [ -123.056650833377574, 49.257804697179054 ], [ -123.056649211943096, 49.257865722134724 ], [ -123.056640358923133, 49.258198278598748 ], [ -123.056635112477139, 49.258396122880811 ], [ -123.056633034461228, 49.258474390626652 ], [ -123.056637092244955, 49.258710727550934 ], [ -123.056644730634645, 49.259156605327739 ], [ -123.056642343459714, 49.259452913738485 ], [ -123.056640173723167, 49.259940990529195 ], [ -123.056639437051714, 49.260105922275258 ], [ -123.056637024232487, 49.260359826472389 ], [ -123.056595150192024, 49.261020709518291 ], [ -123.056604526870643, 49.261262420518996 ], [ -123.056606731775176, 49.262137120829671 ] ] ] } },
{ "type": "Feature", "properties": { "CMNTY_HLTH_SERV_AREA_CODE": "3232", "CMNTY_HLTH_SERV_AREA_NAME": "Hastings-Sunrise", "LOCAL_HLTH_AREA_CODE": "323", "LOCAL_HLTH_AREA_NAME": "Vancouver - Northeast", "HLTH_AUTHORITY_CODE": "3", "HLTH_AUTHORITY_NAME": "Vancouver Coastal", "OBJECTID": 1630, "CityOverlapShare": 0.99999999384058735, "VancouverCityIncluded": true }, "geometry": { "type": "Polygon", "coordinates": [ [ [ -123.023495328614104, 49.265649912718118 ], [ -123.023473431402266, 49.266632932611508 ], [ -123.023467054153443, 49.268457693703915 ], [ -123.023467028924699, 49.268466736857761 ], [ -123.023474614914164, 49.269397512518218 ], [ -123.023476825526544, 49.269534417355253 ], [ -123.023483009280596, 49.27029402729746 ], [ -123.023472620162963, 49.271205316224453 ], [ -123.023450935848459, 49.272121715072331 ], [ -123.023447021859766, 49.272997119334796 ], [ -123.023444030892918, 49.273192525860587 ], [ -123.023439134696432, 49.273911216434264 ], [ -123.023439414722972, 49.274122008046092 ], [ -123.023432514852004, 49.274828021626334 ], [ -123.023433124924452, 49.274946893662758 ], [ -123.023437125787183, 49.275762217508955 ], [ -123.023427800919876, 49.276208294502254 ], [ -123.023423819934507, 49.27639871584406 ], [ -123.023425043640529, 49.276658113959009 ], [ -123.023419120671505, 49.277563320065084 ], [ -123.023419867556484, 49.277737461183122 ], [ -123.02342203464687, 49.278246129299035 ], [ -123.023413837583902, 49.278481011921578 ], [ -123.023417848051068, 49.279060326151679 ], [ -123.023413533262854, 49.279342118502477 ], [ -123.02341076603021, 49.279807072947989 ], [ -123.023408246095315, 49.280238220939857 ], [ -123.023408239926823, 49.280247287878915 ], [ -123.023407972781499, 49.280688579970452 ], [ -123.023407724567377, 49.281145313198103 ], [ -123.02340762856943, 49.281154323601982 ], [ -123.023397451940056, 49.282054818719985 ], [ -123.023397147864173, 49.282063901740578 ], [ -123.023382522409364, 49.28251469340298 ], [ -123.023368052206607, 49.282961905813742 ], [ -123.023367974019848, 49.282970938302604 ], [ -123.023364644122708, 49.283405143425668 ], [ -123.02336113347171, 49.283862523465622 ], [ -123.023361073047383, 49.283871578951043 ], [ -123.023358040074839, 49.284313638198654 ], [ -123.023355102843254, 49.284740567028948 ], [ -123.023355043788627, 49.284749622540211 ], [ -123.02334811185969, 49.285222158981611 ], [ -123.023341622679382, 49.28566533806594 ], [ -123.023324279496407, 49.286157682717189 ], [ -123.023308536138046, 49.286603886593504 ], [ -123.023308228791322, 49.286612912715022 ], [ -123.023303647303351, 49.287057176649618 ], [ -123.023299026411877, 49.287506206003897 ], [ -123.02329672735496, 49.287911727726993 ], [ -123.023294043723567, 49.288375326484278 ], [ -123.023290720426743, 49.288666546132411 ], [ -123.023290085245549, 49.288720541460528 ], [ -123.023289057817806, 49.288811282150853 ], [ -123.023283622950217, 49.289287412281269 ], [ -123.023268018310404, 49.289744618810346 ], [ -123.023266822144578, 49.290190417905229 ], [ -123.023261534402067, 49.290701008471189 ], [ -123.023254141625387, 49.2910953112901 ], [ -123.023246544105163, 49.291536816575281 ], [ -123.02324469695084, 49.291643553232468 ], [ -123.02323905677477, 49.291972278774125 ], [ -123.023175111508863, 49.292320114900683 ], [ -123.023166855002216, 49.292659517531114 ], [ -123.023140199744716, 49.292793822073151 ], [ -123.023092345575606, 49.292999699330281 ], [ -123.023076923845622, 49.293063108420888 ], [ -123.023097040214864, 49.293296172318989 ], [ -123.023098411111491, 49.293312394758928 ], [ -123.023100533007963, 49.293406234659727 ], [ -123.023101465244139, 49.293500938894447 ], [ -123.023904422667755, 49.293480112297559 ], [ -123.025306430223324, 49.293307819339283 ], [ -123.026118533339229, 49.293017635705823 ], [ -123.026297711756527, 49.29295361006011 ], [ -123.026916732589143, 49.292732410127392 ], [ -123.027494220751436, 49.292776616011643 ], [ -123.027850023335475, 49.292669713062637 ], [ -123.027960137289838, 49.29281362338687 ], [ -123.034698346424904, 49.291372323987268 ], [ -123.034684129905173, 49.291182917656627 ], [ -123.030160542805959, 49.292057318882456 ], [ -123.030065533218021, 49.291967631414551 ], [ -123.028949926931674, 49.292120009245181 ], [ -123.031754346988023, 49.290428008037786 ], [ -123.032511944797065, 49.290661619274104 ], [ -123.033653230808625, 49.290724320262726 ], [ -123.033844936627062, 49.291012031871645 ], [ -123.03420322113179, 49.290984913371588 ], [ -123.034120927520689, 49.290643113205057 ], [ -123.033873440631865, 49.29033831098748 ], [ -123.034202329678266, 49.290328325244907 ], [ -123.035028425515563, 49.29049922648791 ], [ -123.036842752866292, 49.29068722796287 ], [ -123.037324019597207, 49.290831112582737 ], [ -123.039017424715581, 49.290875211395566 ], [ -123.039580024355445, 49.291217030264264 ], [ -123.039828833461286, 49.291550319338796 ], [ -123.040531024964423, 49.292080129279277 ], [ -123.042759447800577, 49.292503122774363 ], [ -123.043089128731097, 49.292503125927524 ], [ -123.043982639059976, 49.292142809228316 ], [ -123.04428564034329, 49.292151302874913 ], [ -123.045964148094953, 49.292887612441902 ], [ -123.046307639218981, 49.29362540615903 ], [ -123.046788823314444, 49.293796321978618 ], [ -123.047409124052976, 49.293769215508497 ], [ -123.048247339431057, 49.293444509611419 ], [ -123.049127344523242, 49.293544217014777 ], [ -123.049290818226766, 49.293192417709783 ], [ -123.049552335640314, 49.293201006665512 ], [ -123.04975872454861, 49.293317813515038 ], [ -123.049870731396481, 49.293821922112258 ], [ -123.050213337449151, 49.293876019348808 ], [ -123.051737209722901, 49.293438164084506 ], [ -123.051687862610834, 49.292816543843308 ], [ -123.051630893708904, 49.292524812382361 ], [ -123.051814494782946, 49.292286407433849 ], [ -123.051897387649362, 49.292048525837018 ], [ -123.051968660762427, 49.291668817790274 ], [ -123.053312013995281, 49.291388145677679 ], [ -123.054580852896876, 49.291122999702232 ], [ -123.056405924485986, 49.29074051547876 ], [ -123.056499150861825, 49.290722305851631 ], [ -123.05651966568405, 49.290212959382828 ], [ -123.056539734778184, 49.289715518911294 ], [ -123.056551567379813, 49.289312294802997 ], [ -123.056553782894767, 49.28922184294553 ], [ -123.056560264991418, 49.288958532698445 ], [ -123.056567721059452, 49.288667798947984 ], [ -123.056567611173676, 49.288410173474887 ], [ -123.056568559367605, 49.288221944337849 ], [ -123.056506563271483, 49.288115782149831 ], [ -123.056506884519138, 49.287982378151284 ], [ -123.056507515932395, 49.287732978336784 ], [ -123.0565215587919, 49.287511809306288 ], [ -123.056524893991096, 49.287405690560909 ], [ -123.056527194149496, 49.28733369328436 ], [ -123.056535424855809, 49.287073126778068 ], [ -123.05654613750724, 49.286734232887518 ], [ -123.056540349995245, 49.286608909242126 ], [ -123.056541633590356, 49.286191181988137 ], [ -123.056543140457066, 49.28570011323864 ], [ -123.056542009013995, 49.285273639125741 ], [ -123.056540744818079, 49.28478490993745 ], [ -123.056543814797422, 49.284347203130416 ], [ -123.056546849561173, 49.283909508587207 ], [ -123.056548123614391, 49.283456658475117 ], [ -123.05654942990094, 49.283001611116994 ], [ -123.056552053816475, 49.282530158073222 ], [ -123.05655451859198, 49.282077622322554 ], [ -123.056556957477923, 49.281648595037495 ], [ -123.056559641904954, 49.28117432334836 ], [ -123.056561767556516, 49.280713075307652 ], [ -123.056563951439912, 49.280240321476818 ], [ -123.056567938931849, 49.279636915115802 ], [ -123.056569517108528, 49.279113619152142 ], [ -123.056571455455469, 49.278689115190076 ], [ -123.056573248800788, 49.278296816953691 ], [ -123.056575326269439, 49.277870574210908 ], [ -123.05657723124915, 49.277475411442595 ], [ -123.056583735483244, 49.276616306007611 ], [ -123.056585552773981, 49.276116516656849 ], [ -123.056586642605367, 49.27581291841274 ], [ -123.056586323811914, 49.275666012904004 ], [ -123.056589193941392, 49.275216991081862 ], [ -123.056590625347539, 49.274991519752348 ], [ -123.056591442623017, 49.274761802551339 ], [ -123.05659534504494, 49.274160216541084 ], [ -123.056594641541409, 49.273846722324883 ], [ -123.056597037882597, 49.273289217128422 ], [ -123.056601337041087, 49.272939809689433 ], [ -123.056602683856283, 49.272509457747546 ], [ -123.056603327053082, 49.272301318027687 ], [ -123.056605242563649, 49.272055418882672 ], [ -123.056606496554551, 49.271627957077335 ], [ -123.056607222171081, 49.271373612131931 ], [ -123.056608431388838, 49.27120340680753 ], [ -123.05661103954408, 49.270791478078188 ], [ -123.056613396062517, 49.27041085990917 ], [ -123.056616348087729, 49.269990998948892 ], [ -123.056619381665925, 49.269558895880728 ], [ -123.056623011601246, 49.269414870130852 ], [ -123.056629880945508, 49.269082760561638 ], [ -123.05664030856984, 49.268579451404648 ], [ -123.056657790418868, 49.268157199510711 ], [ -123.056678952766603, 49.267646410636317 ], [ -123.056647259732472, 49.267263320792772 ], [ -123.056640569904005, 49.267182603557828 ], [ -123.056603521646039, 49.266734627463038 ], [ -123.056602510063342, 49.266347757456572 ], [ -123.056601321676141, 49.265903113469783 ], [ -123.056600315346955, 49.265745432741873 ], [ -123.056601646017981, 49.265457212437688 ], [ -123.056603743067228, 49.264997923589107 ], [ -123.056600534439795, 49.264789707073774 ], [ -123.056612421981427, 49.264146931348549 ], [ -123.05661661457826, 49.263885813330319 ], [ -123.056585044718048, 49.263171525415594 ], [ -123.05658813184607, 49.262970701539416 ], [ -123.056606731775176, 49.262137120829671 ], [ -123.05587557486443, 49.26203226787824 ], [ -123.055862047327551, 49.262030317923731 ], [ -123.055528465843381, 49.262028337168132 ], [ -123.054995879679907, 49.262025160471381 ], [ -123.054720830511116, 49.26202351093886 ], [ -123.053022142072322, 49.262012315173394 ], [ -123.052225419854594, 49.262012109149609 ], [ -123.050539013451385, 49.262012379441373 ], [ -123.049601448982628, 49.26201252426749 ], [ -123.047056126946941, 49.262007727193172 ], [ -123.044329816356807, 49.26195381945849 ], [ -123.043570634054802, 49.261947254484795 ], [ -123.041593328851434, 49.261930120874133 ], [ -123.040145513894245, 49.261906619971199 ], [ -123.039098842982554, 49.261904917370366 ], [ -123.037906621737548, 49.261901004385827 ], [ -123.036534021466977, 49.26190301215938 ], [ -123.035159192931346, 49.261903796362397 ], [ -123.034018450588434, 49.26190442297429 ], [ -123.033837131644319, 49.261904502994938 ], [ -123.0336759810167, 49.261904245380293 ], [ -123.033661354336033, 49.261904221608816 ], [ -123.033343513507319, 49.26189011198823 ], [ -123.033071409421311, 49.261900810077584 ], [ -123.031886439985954, 49.261947306479925 ], [ -123.031555410030393, 49.26201476791843 ], [ -123.031041410311474, 49.262119513012344 ], [ -123.030867520761575, 49.262153512531519 ], [ -123.030855809063397, 49.262158213048018 ], [ -123.030014529701347, 49.262494815664091 ], [ -123.028703854119982, 49.263355987534162 ], [ -123.028498619229026, 49.263490831565491 ], [ -123.027002233018791, 49.264418348017394 ], [ -123.026818402964977, 49.264532249858561 ], [ -123.026723135629283, 49.264591317921926 ], [ -123.026681302916955, 49.264631796865444 ], [ -123.026585535008394, 49.264724409771667 ], [ -123.026181326345764, 49.264899712043558 ], [ -123.026060483535204, 49.264944446728535 ], [ -123.02603377343344, 49.264954350680597 ], [ -123.025880104000677, 49.26501121122638 ], [ -123.025465423946727, 49.26515743408477 ], [ -123.024941837001876, 49.265332214624976 ], [ -123.02425983848633, 49.26551152781753 ], [ -123.023714835255092, 49.265611818736005 ], [ -123.023495328614104, 49.265649912718118 ] ] ] } },
{ "type": "Feature", "properties": { "CMNTY_HLTH_SERV_AREA_CODE": "3233", "CMNTY_HLTH_SERV_AREA_NAME": "Renfrew-Collingwood", "LOCAL_HLTH_AREA_CODE": "323", "LOCAL_HLTH_AREA_NAME": "Vancouver - Northeast", "HLTH_AUTHORITY_CODE": "3", "HLTH_AUTHORITY_NAME": "Vancouver Coastal", "OBJECTID": 1631, "CityOverlapShare": 0.99999999444878385, "VancouverCityIncluded": true }, "geometry": { "type": "Polygon", "coordinates": [ [ [ -123.023561532986179, 49.261105422169933 ], [ -123.02355372954888, 49.26127102644665 ], [ -123.023542935522954, 49.261546319513982 ], [ -123.023527047410496, 49.262311336241844 ], [ -123.023523995620451, 49.262458613208878 ], [ -123.023511426227245, 49.263064604161904 ], [ -123.023498920875483, 49.263666465318629 ], [ -123.023495520233183, 49.265560724904638 ], [ -123.023495328614104, 49.265649912718118 ], [ -123.023714835255092, 49.265611818736005 ], [ -123.02425983848633, 49.26551152781753 ], [ -123.024941837001876, 49.265332214624976 ], [ -123.025465423946727, 49.26515743408477 ], [ -123.025880104000677, 49.26501121122638 ], [ -123.02603377343344, 49.264954350680597 ], [ -123.026060483535204, 49.264944446728535 ], [ -123.026181326345764, 49.264899712043558 ], [ -123.026585535008394, 49.264724409771667 ], [ -123.026681302916955, 49.264631796865444 ], [ -123.026723135629283, 49.264591317921926 ], [ -123.026818402964977, 49.264532249858561 ], [ -123.027002233018791, 49.264418348017394 ], [ -123.028498619229026, 49.263490831565491 ], [ -123.028703854119982, 49.263355987534162 ], [ -123.030014529701347, 49.262494815664091 ], [ -123.030855809063397, 49.262158213048018 ], [ -123.030867520761575, 49.262153512531519 ], [ -123.031041410311474, 49.262119513012344 ], [ -123.031555410030393, 49.26201476791843 ], [ -123.031886439985954, 49.261947306479925 ], [ -123.033071409421311, 49.261900810077584 ], [ -123.033343513507319, 49.26189011198823 ], [ -123.033661354336033, 49.261904221608816 ], [ -123.0336759810167, 49.261904245380293 ], [ -123.033837131644319, 49.261904502994938 ], [ -123.034018450588434, 49.26190442297429 ], [ -123.035159192931346, 49.261903796362397 ], [ -123.036534021466977, 49.26190301215938 ], [ -123.037906621737548, 49.261901004385827 ], [ -123.039098842982554, 49.261904917370366 ], [ -123.040145513894245, 49.261906619971199 ], [ -123.041593328851434, 49.261930120874133 ], [ -123.043570634054802, 49.261947254484795 ], [ -123.044329816356807, 49.26195381945849 ], [ -123.047056126946941, 49.262007727193172 ], [ -123.049601448982628, 49.26201252426749 ], [ -123.050539013451385, 49.262012379441373 ], [ -123.052225419854594, 49.262012109149609 ], [ -123.053022142072322, 49.262012315173394 ], [ -123.054720830511116, 49.26202351093886 ], [ -123.054995879679907, 49.262025160471381 ], [ -123.055528465843381, 49.262028337168132 ], [ -123.055862047327551, 49.262030317923731 ], [ -123.05587557486443, 49.26203226787824 ], [ -123.056606731775176, 49.262137120829671 ], [ -123.056604526870643, 49.261262420518996 ], [ -123.056595150192024, 49.261020709518291 ], [ -123.056637024232487, 49.260359826472389 ], [ -123.056639437051714, 49.260105922275258 ], [ -123.056640173723167, 49.259940990529195 ], [ -123.056642343459714, 49.259452913738485 ], [ -123.056644730634645, 49.259156605327739 ], [ -123.056637092244955, 49.258710727550934 ], [ -123.056633034461228, 49.258474390626652 ], [ -123.056635112477139, 49.258396122880811 ], [ -123.056640358923133, 49.258198278598748 ], [ -123.056649211943096, 49.257865722134724 ], [ -123.056650833377574, 49.257804697179054 ], [ -123.05664113485939, 49.257261011510067 ], [ -123.056632109471153, 49.256755717885717 ], [ -123.056635126676838, 49.256448609784648 ], [ -123.05664893061028, 49.255084316870686 ], [ -123.056608329391707, 49.253494207272773 ], [ -123.056605825561249, 49.252884323730378 ], [ -123.056611805977482, 49.25235572114746 ], [ -123.056609847321297, 49.252235810895279 ], [ -123.056610715168702, 49.252054280170277 ], [ -123.056613313790166, 49.251531525348526 ], [ -123.056615911632591, 49.250688411081285 ], [ -123.056616058920085, 49.250642069535076 ], [ -123.056616111314028, 49.250621821239612 ], [ -123.056635729916664, 49.249706211675232 ], [ -123.05664139869782, 49.249301727877651 ], [ -123.056641661674277, 49.249282338335732 ], [ -123.056648239953873, 49.248816613606287 ], [ -123.056656155668477, 49.248645477517066 ], [ -123.056667052515792, 49.248411706024676 ], [ -123.056668626574137, 49.24810371154576 ], [ -123.05666971171037, 49.247112910758354 ], [ -123.056668114381353, 49.246704818512349 ], [ -123.056671626722235, 49.246281533021609 ], [ -123.056672128022598, 49.245797824442889 ], [ -123.056675523439395, 49.245418625523627 ], [ -123.056674134220231, 49.244617819509934 ], [ -123.056668316822595, 49.243995209978479 ], [ -123.056674906841025, 49.243739511025119 ], [ -123.056700208515593, 49.243449317576726 ], [ -123.056775030659324, 49.243244100978345 ], [ -123.056936622336011, 49.242969320510831 ], [ -123.057340825559393, 49.242593004845681 ], [ -123.058138829104038, 49.241876123402712 ], [ -123.058357511245759, 49.241674921260625 ], [ -123.058389424960652, 49.241624792008039 ], [ -123.058586325285233, 49.241315420852132 ], [ -123.058659939249878, 49.241129102676176 ], [ -123.058694828805258, 49.240859807717783 ], [ -123.058703597557241, 49.24065561010547 ], [ -123.058715115412667, 49.240224543098925 ], [ -123.058726510297717, 49.239796929740223 ], [ -123.058737176362897, 49.23936094398907 ], [ -123.058748024330399, 49.238915626989183 ], [ -123.058772116957201, 49.238014505441498 ], [ -123.058752036427762, 49.237399625892323 ], [ -123.058752435875121, 49.237381881010997 ], [ -123.058763310269015, 49.236896417186195 ], [ -123.058796934884938, 49.235890211572453 ], [ -123.058806058989944, 49.23539419820851 ], [ -123.058815499522964, 49.234881810997216 ], [ -123.058819631197807, 49.234386554318732 ], [ -123.058823829149361, 49.233883900723924 ], [ -123.058852491739273, 49.233378553103655 ], [ -123.058883122002911, 49.232838822549859 ], [ -123.057881019675804, 49.232836716118292 ], [ -123.05717196489239, 49.232830931057734 ], [ -123.056609023822617, 49.232826322875475 ], [ -123.056045508887564, 49.232822319448175 ], [ -123.055496139948886, 49.23281841019574 ], [ -123.054603362126031, 49.232809181140979 ], [ -123.051672215271054, 49.232778815374516 ], [ -123.050880987839903, 49.232772094231436 ], [ -123.050190325593121, 49.232766214064227 ], [ -123.049382921567755, 49.232765571216589 ], [ -123.048799633797969, 49.23276511459278 ], [ -123.047965320494924, 49.232779228622924 ], [ -123.047274808377836, 49.232859254794178 ], [ -123.046658321654931, 49.232930719476023 ], [ -123.046630376276553, 49.232932090824704 ], [ -123.04594903235089, 49.23296541718549 ], [ -123.045501012697741, 49.232950429365665 ], [ -123.045384415730126, 49.232992223290815 ], [ -123.044542537842631, 49.232998398109594 ], [ -123.044528701050297, 49.232998511613545 ], [ -123.043107927280332, 49.232994725432945 ], [ -123.04239134729751, 49.232994288645273 ], [ -123.041746070902335, 49.232993909759429 ], [ -123.041732316991286, 49.23299390717127 ], [ -123.04099036468611, 49.232986791657154 ], [ -123.040280762616504, 49.232979937418506 ], [ -123.04026691576982, 49.232979820390661 ], [ -123.039506720235522, 49.232977669113204 ], [ -123.038806329204277, 49.232975718009484 ], [ -123.038792453689169, 49.232976222473042 ], [ -123.038293101602264, 49.23299411540242 ], [ -123.037455617751291, 49.233144003517424 ], [ -123.036829615945919, 49.233401625900783 ], [ -123.03652681872255, 49.233606723080541 ], [ -123.035945625835964, 49.23417182350908 ], [ -123.035868621859819, 49.234131926368498 ], [ -123.035485203316441, 49.234541116113604 ], [ -123.035235005763766, 49.234808121541988 ], [ -123.03233397869802, 49.233599512091416 ], [ -123.031628123608755, 49.233305427527533 ], [ -123.032115692022742, 49.232810897943828 ], [ -123.032511926794839, 49.232409026661898 ], [ -123.032131726492281, 49.232235509529836 ], [ -123.031786592765059, 49.232132857701309 ], [ -123.03176122316512, 49.23212531215615 ], [ -123.031266828961222, 49.232021608024446 ], [ -123.030617516234202, 49.231976730352379 ], [ -123.02928260954269, 49.232047207403554 ], [ -123.02815871513414, 49.232103626083443 ], [ -123.026497420120862, 49.232168624759652 ], [ -123.025946811518864, 49.232191211358924 ], [ -123.025093011203694, 49.232231634067652 ], [ -123.024858919517698, 49.232243234317117 ], [ -123.023629619876374, 49.232293943896046 ], [ -123.023615800436104, 49.232294514616548 ], [ -123.023491905765255, 49.232300125505802 ], [ -123.023471510864709, 49.234330913834924 ], [ -123.023469224064513, 49.234506932910378 ], [ -123.023467797502107, 49.234614871289601 ], [ -123.023466262423412, 49.234731910422141 ], [ -123.023465913141692, 49.234757441952105 ], [ -123.023463658226206, 49.234929836864609 ], [ -123.023446692231815, 49.236217412905404 ], [ -123.023442233219669, 49.236993815639551 ], [ -123.023444909429415, 49.23776592289687 ], [ -123.023462219104957, 49.239572519964455 ], [ -123.02346415866937, 49.239585013837086 ], [ -123.023566204448031, 49.240242008930181 ], [ -123.023569963214982, 49.240386430360651 ], [ -123.023570293181223, 49.240399078873253 ], [ -123.023585198906659, 49.2409731105707 ], [ -123.023585950749919, 49.241496425119266 ], [ -123.023586020388336, 49.241535916221828 ], [ -123.023586709694357, 49.242054124564099 ], [ -123.023586735652771, 49.242063119945854 ], [ -123.023580556881754, 49.242566882906473 ], [ -123.023580427769559, 49.242575962281876 ], [ -123.023575303813445, 49.242990622681404 ], [ -123.023573417055175, 49.244433716699156 ], [ -123.023571885554333, 49.244833662989691 ], [ -123.023571811623128, 49.244849804436726 ], [ -123.023571634446952, 49.244903806945388 ], [ -123.02356986038123, 49.245361772147128 ], [ -123.023566738572868, 49.24618651695129 ], [ -123.023559220632137, 49.247052927141127 ], [ -123.023559158559465, 49.247061924529746 ], [ -123.02355461597152, 49.247917506872568 ], [ -123.023547713097756, 49.248837911828133 ], [ -123.023547687953041, 49.248846954351052 ], [ -123.023542008622854, 49.249741319713834 ], [ -123.023533629704801, 49.250663527165365 ], [ -123.023533569414994, 49.250672582205759 ], [ -123.02353043129736, 49.251506616259583 ], [ -123.02352833410886, 49.25241632027312 ], [ -123.023525013067172, 49.253141751727668 ], [ -123.023524329374723, 49.253288867254035 ], [ -123.02352422510404, 49.253316122659434 ], [ -123.023522038145529, 49.25420692200008 ], [ -123.023519924813755, 49.254731115384743 ], [ -123.023517112423448, 49.255310312619997 ], [ -123.023516498605161, 49.255529008920597 ], [ -123.023513910462029, 49.256431728892601 ], [ -123.023511031282553, 49.257333329823595 ], [ -123.02349812182193, 49.258218412369956 ], [ -123.023492518065837, 49.259119134005289 ], [ -123.023536414817954, 49.259828920381246 ], [ -123.02353973386964, 49.259882405576363 ], [ -123.0235462372802, 49.260102410080115 ], [ -123.023559219929737, 49.260799119706348 ], [ -123.023561532986179, 49.261105422169933 ] ] ] } },
{ "type": "Feature", "properties": { "CMNTY_HLTH_SERV_AREA_CODE": "3241", "CMNTY_HLTH_SERV_AREA_NAME": "Shaughnessy/Arbutus Ridge/Kerrisdale", "LOCAL_HLTH_AREA_CODE": "324", "LOCAL_HLTH_AREA_NAME": "Vancouver - Westside", "HLTH_AUTHORITY_CODE": "3", "HLTH_AUTHORITY_NAME": "Vancouver Coastal", "OBJECTID": 1632, "CityOverlapShare": 0.99999999271121209, "VancouverCityIncluded": true }, "geometry": { "type": "Polygon", "coordinates": [ [ [ -123.132119335399494, 49.257242972326821 ], [ -123.132713568052651, 49.257501008701269 ], [ -123.133626736568303, 49.257793710152036 ], [ -123.133934428509903, 49.257860403938928 ], [ -123.134284272763324, 49.257898323595541 ], [ -123.134418853850548, 49.257912913094678 ], [ -123.135636086935961, 49.257935396406126 ], [ -123.136085706166796, 49.257943710692849 ], [ -123.136323242631789, 49.257948116643504 ], [ -123.13704732981688, 49.257788997124884 ], [ -123.137634854134888, 49.25755060799063 ], [ -123.137884442563248, 49.25739793104529 ], [ -123.138262941685625, 49.257166405752152 ], [ -123.138544634643523, 49.257074817408046 ], [ -123.138809333044421, 49.257059310586996 ], [ -123.141309121429103, 49.257104896505446 ], [ -123.143614222335259, 49.257146094638422 ], [ -123.145994926508138, 49.257184798182614 ], [ -123.148386452768676, 49.257227294831978 ], [ -123.150784135565672, 49.257259114713449 ], [ -123.151750112937009, 49.257273343791475 ], [ -123.15248033599876, 49.257284118620404 ], [ -123.15290805213175, 49.257298109804175 ], [ -123.153591345546019, 49.257308938488272 ], [ -123.155559230885473, 49.25734010615475 ], [ -123.15596466158425, 49.257335409267377 ], [ -123.156045851292646, 49.25731060855987 ], [ -123.157928915751128, 49.257332530096591 ], [ -123.160302256037468, 49.257382111444706 ], [ -123.160315974988421, 49.257382316684776 ], [ -123.162677421180831, 49.257422097556294 ], [ -123.162677378790349, 49.257471801097353 ], [ -123.163498658017545, 49.257470711086974 ], [ -123.164010457661391, 49.257502188093923 ], [ -123.164460250600129, 49.257558102754089 ], [ -123.164942040787452, 49.25765460785184 ], [ -123.16550664240998, 49.25769731356425 ], [ -123.166510441694228, 49.257725499378815 ], [ -123.16752612790782, 49.257739992471969 ], [ -123.168383746237808, 49.257752197733559 ], [ -123.170477553523767, 49.257789103909843 ], [ -123.172291657319889, 49.257817683813357 ], [ -123.173016376720284, 49.257826302545013 ], [ -123.17423795794025, 49.257840800800039 ], [ -123.174292948479419, 49.257841750955784 ], [ -123.174882247493784, 49.257851956369478 ], [ -123.176164458288127, 49.257874098287814 ], [ -123.17617823039086, 49.257874311904516 ], [ -123.178106234692336, 49.257903308605869 ], [ -123.178107873353156, 49.257814169804675 ], [ -123.178109119705113, 49.257742999019065 ], [ -123.178148931931247, 49.257459686003827 ], [ -123.17817214280565, 49.257294312648163 ], [ -123.178236447708173, 49.25718518916544 ], [ -123.17624334010317, 49.255674797833706 ], [ -123.176145160601905, 49.255550609463874 ], [ -123.175792285347711, 49.255109552497387 ], [ -123.175415061588879, 49.254638002951445 ], [ -123.175092354790493, 49.254230597195146 ], [ -123.17505830092513, 49.254201816480617 ], [ -123.175020413443022, 49.254169770234917 ], [ -123.174487560302367, 49.253719296580734 ], [ -123.174000304062034, 49.253316634673375 ], [ -123.173395728072364, 49.252816991314319 ], [ -123.17290956500689, 49.252816908792617 ], [ -123.172913028603531, 49.252421603611076 ], [ -123.172889974031719, 49.25240238416972 ], [ -123.172298627654072, 49.251910093993956 ], [ -123.171892958212837, 49.251581510828785 ], [ -123.171778359292915, 49.251450631199319 ], [ -123.17139093121321, 49.251008095407684 ], [ -123.171023454675606, 49.250588057826555 ], [ -123.170874768870647, 49.250418111916609 ], [ -123.170653500563418, 49.250166236782007 ], [ -123.17050625259013, 49.249998587827406 ], [ -123.169888648863576, 49.249293307220306 ], [ -123.171045926344348, 49.24990819813236 ], [ -123.171355838371326, 49.250005505970641 ], [ -123.171712152817861, 49.25008600132837 ], [ -123.172234761069518, 49.250118599664326 ], [ -123.172125283786016, 49.249976938355175 ], [ -123.17208205530676, 49.249921003890123 ], [ -123.171691126613467, 49.249420472674352 ], [ -123.171370451318211, 49.249009896525415 ], [ -123.170904923380789, 49.248413794853597 ], [ -123.170491732142494, 49.248096706874989 ], [ -123.170218060035864, 49.247945395535545 ], [ -123.170190562199721, 49.247742897320045 ], [ -123.170191635037327, 49.247562114906323 ], [ -123.170194651599786, 49.247044991642966 ], [ -123.170208152868156, 49.246608424641508 ], [ -123.170222931396694, 49.246130591234596 ], [ -123.170212509374934, 49.245646256907186 ], [ -123.170202147098621, 49.245165315059737 ], [ -123.170207648038726, 49.244701623807238 ], [ -123.170213446510388, 49.244214515438287 ], [ -123.170218587573686, 49.243748209144741 ], [ -123.170224020241278, 49.243251893929617 ], [ -123.170228872951782, 49.24282175312144 ], [ -123.170234267974791, 49.242341500939503 ], [ -123.170247046147921, 49.241850458473138 ], [ -123.170259836819255, 49.241358508026664 ], [ -123.170261912962985, 49.240878722572951 ], [ -123.170263829141206, 49.240438090593138 ], [ -123.17026113706541, 49.23995210384988 ], [ -123.170258460516024, 49.239466899000718 ], [ -123.170266808516345, 49.238784120785958 ], [ -123.170269837095859, 49.238537711155217 ], [ -123.170270393151256, 49.238054116848446 ], [ -123.170270955751491, 49.237573905565924 ], [ -123.170272997951201, 49.23710061537156 ], [ -123.170275139342436, 49.236603017136865 ], [ -123.170273805019875, 49.236201083277756 ], [ -123.170271781871023, 49.235607411895458 ], [ -123.170268846830126, 49.234724808272325 ], [ -123.173082351659218, 49.234739993364329 ], [ -123.175770029906332, 49.234746501740759 ], [ -123.176744129703351, 49.234756718693909 ], [ -123.177237720332755, 49.23475908926256 ], [ -123.177712543407111, 49.234761395165201 ], [ -123.178730158518889, 49.234766289952745 ], [ -123.178728281846617, 49.234065443226051 ], [ -123.178727658356863, 49.233814203800875 ], [ -123.178713244130805, 49.232853613150617 ], [ -123.17875634724183, 49.232144910263223 ], [ -123.178721133585412, 49.230126286896379 ], [ -123.179196378024244, 49.230151848781688 ], [ -123.179243742554178, 49.230154411930435 ], [ -123.18034875045656, 49.230156301826497 ], [ -123.180689974927716, 49.230155141019715 ], [ -123.181253095865245, 49.230153239560131 ], [ -123.182027962756067, 49.230150600732166 ], [ -123.18207433424449, 49.229317804474753 ], [ -123.182118216319651, 49.228549699112662 ], [ -123.182146743166385, 49.228048982286424 ], [ -123.182180141079272, 49.227461411879247 ], [ -123.18550465443289, 49.22748509818296 ], [ -123.185484342375901, 49.226507291270053 ], [ -123.18550905067832, 49.225872893065876 ], [ -123.185592650166612, 49.22551300841527 ], [ -123.190417945046349, 49.225526199176443 ], [ -123.19104538733022, 49.22555682360224 ], [ -123.191112504774651, 49.225560111557648 ], [ -123.191363835292407, 49.220818967151509 ], [ -123.191321839783484, 49.220386485649563 ], [ -123.191311418175502, 49.219445303727497 ], [ -123.185564607972097, 49.217480441620658 ], [ -123.180370359132695, 49.21570409136789 ], [ -123.17220312007376, 49.21496679598895 ], [ -123.16825273817021, 49.2144656559799 ], [ -123.163558974893078, 49.213593236174823 ], [ -123.156940209176184, 49.210483928987536 ], [ -123.155296491115763, 49.209304613656855 ], [ -123.153565543966195, 49.207406600314407 ], [ -123.150742825975556, 49.205353263497067 ], [ -123.149727127567942, 49.20510521069783 ], [ -123.14966267387166, 49.205433328331175 ], [ -123.149543762580748, 49.206038661959099 ], [ -123.149486723452881, 49.20632901816353 ], [ -123.149270973442157, 49.207427255299862 ], [ -123.149356841047734, 49.207494701225777 ], [ -123.14924222077704, 49.207573611470252 ], [ -123.149129390812078, 49.207949320926033 ], [ -123.149024879990179, 49.208297257861524 ], [ -123.148973955017397, 49.208466865988719 ], [ -123.148888749598214, 49.208750594565672 ], [ -123.14875804495226, 49.208814847043335 ], [ -123.148274732362992, 49.209052387769582 ], [ -123.148727415662592, 49.209477799975261 ], [ -123.148656548873177, 49.209738994693232 ], [ -123.148616736617583, 49.210542088244765 ], [ -123.148610357848455, 49.210671006156481 ], [ -123.148594274459541, 49.211027517959081 ], [ -123.148572737669426, 49.211505913181213 ], [ -123.148551645944266, 49.21196198646485 ], [ -123.148494048236543, 49.213280203080544 ], [ -123.148469350164078, 49.214129891989508 ], [ -123.148451396396808, 49.214597379341548 ], [ -123.148432726394773, 49.215083700038036 ], [ -123.148409351981797, 49.215777604231448 ], [ -123.148493172614806, 49.216014647179641 ], [ -123.148512226350533, 49.216068602169123 ], [ -123.148404938471785, 49.216384816683153 ], [ -123.148255001126415, 49.216478125249147 ], [ -123.148297034102072, 49.216555606896726 ], [ -123.148325738438857, 49.216914900224495 ], [ -123.148326889804054, 49.217188393279976 ], [ -123.148327422325323, 49.217323317233358 ], [ -123.148329231661478, 49.217751817619963 ], [ -123.148310481003662, 49.218186104552423 ], [ -123.148293438464265, 49.218580501010678 ], [ -123.148279096716436, 49.219031997315057 ], [ -123.148265642984256, 49.219458010225786 ], [ -123.147515230243556, 49.219449854967714 ], [ -123.146818616233347, 49.219442302278168 ], [ -123.145321137100296, 49.219423303088718 ], [ -123.143821938620533, 49.219430494523387 ], [ -123.140856628630502, 49.219355497543205 ], [ -123.140145384233634, 49.219337513107448 ], [ -123.140120133347793, 49.219903436626943 ], [ -123.140074714162523, 49.220819240254812 ], [ -123.14003086684437, 49.22170984885873 ], [ -123.140005021737124, 49.222618994558914 ], [ -123.139963251961277, 49.223521303904263 ], [ -123.139944832662479, 49.224086501645743 ], [ -123.139917428597556, 49.224752474982452 ], [ -123.13982613925188, 49.226972201807605 ], [ -123.139806490484702, 49.227470602966015 ], [ -123.139789427930182, 49.227902616703567 ], [ -123.139751745189898, 49.22878081364437 ], [ -123.139717345998164, 49.229696800226378 ], [ -123.139678558465022, 49.230637109810964 ], [ -123.139608132697418, 49.232471913258642 ], [ -123.139639352362295, 49.234349107374676 ], [ -123.138767882255493, 49.234316331313813 ], [ -123.13800932510253, 49.234287793388077 ], [ -123.137218750957928, 49.234262309485395 ], [ -123.136406344724705, 49.234234412363321 ], [ -123.135648980098878, 49.234208180990962 ], [ -123.134840438048315, 49.234180199915947 ], [ -123.134084471763799, 49.23415457476171 ], [ -123.133371836654348, 49.234130406030737 ], [ -123.132573130953816, 49.234101903712521 ], [ -123.131867566039574, 49.234078687664436 ], [ -123.130693591566654, 49.234036630772998 ], [ -123.130541427195922, 49.233988446748413 ], [ -123.130397676999834, 49.233981937260403 ], [ -123.128890242150035, 49.233924110917705 ], [ -123.12809391816252, 49.233893573203019 ], [ -123.128091306749695, 49.233961482360492 ], [ -123.128089324440367, 49.234012343106066 ], [ -123.128073752699322, 49.234465410203491 ], [ -123.127995143572917, 49.236755400420911 ], [ -123.127966928123996, 49.237654507824743 ], [ -123.127937083851776, 49.238543018154097 ], [ -123.127904852623487, 49.239502659421262 ], [ -123.127871278731902, 49.240501039697151 ], [ -123.127854046150148, 49.241013934701662 ], [ -123.127839621410828, 49.241443305107119 ], [ -123.127808723367735, 49.24238650368914 ], [ -123.127700355261538, 49.243583510852851 ], [ -123.127689232490908, 49.243986848206525 ], [ -123.127684250924673, 49.244166832471088 ], [ -123.127674965622091, 49.244504308921492 ], [ -123.127665547652001, 49.245410208234489 ], [ -123.12767833309276, 49.246312209081076 ], [ -123.127615943325054, 49.247232011839102 ], [ -123.127584927305406, 49.248155317707386 ], [ -123.127554414229508, 49.248659840136682 ], [ -123.127525231415461, 49.249141906699755 ], [ -123.127529157260312, 49.249344614070999 ], [ -123.127518682278193, 49.250018697161316 ], [ -123.127506130252115, 49.250825812961594 ], [ -123.12748209172571, 49.25134131300026 ], [ -123.127464136375082, 49.251725412900598 ], [ -123.127444465733447, 49.252177927465191 ], [ -123.127425039438776, 49.252624203341725 ], [ -123.127403249413817, 49.253104150803203 ], [ -123.12738364884288, 49.253535613138276 ], [ -123.127363800135711, 49.253994726925484 ], [ -123.127345530925069, 49.254418227315192 ], [ -123.127305561967276, 49.255330514740614 ], [ -123.127272750909526, 49.256081710606885 ], [ -123.127266941437341, 49.256241894658963 ], [ -123.12724601650217, 49.256693105454531 ], [ -123.12722613637473, 49.257122598938594 ], [ -123.127652959545614, 49.257040317827965 ], [ -123.127836765377808, 49.257042042127928 ], [ -123.130320238434521, 49.257065417273246 ], [ -123.130846917457617, 49.257067459621055 ], [ -123.131791158369424, 49.257112426335475 ], [ -123.131804920846818, 49.25711241658076 ], [ -123.131818630398541, 49.257112396409958 ], [ -123.132119335399494, 49.257242972326821 ] ] ] } },
{ "type": "Feature", "properties": { "CMNTY_HLTH_SERV_AREA_CODE": "3242", "CMNTY_HLTH_SERV_AREA_NAME": "West Point Grey/Dunbar-Southlands", "LOCAL_HLTH_AREA_CODE": "324", "LOCAL_HLTH_AREA_NAME": "Vancouver - Westside", "HLTH_AUTHORITY_CODE": "3", "HLTH_AUTHORITY_NAME": "Vancouver Coastal", "OBJECTID": 1633, "CityOverlapShare": 0.84636861159767574, "VancouverCityIncluded": true }, "geometry": { "type": "Polygon", "coordinates": [ [ [ -123.219109313785793, 49.277569794822739 ], [ -123.219340702243827, 49.277637796136261 ], [ -123.219581365149807, 49.277738368880819 ], [ -123.219911242460952, 49.27777198725736 ], [ -123.220480371563113, 49.277871608244148 ], [ -123.220681610661913, 49.27797121013991 ], [ -123.220877697613886, 49.278005115855251 ], [ -123.221319148446554, 49.278040569130994 ], [ -123.221614272892296, 49.278073730771908 ], [ -123.222046191589129, 49.278272142665799 ], [ -123.22235046679279, 49.27820396784886 ], [ -123.222876791103957, 49.278106070857383 ], [ -123.223183313917175, 49.278104669253267 ], [ -123.223481132742961, 49.278077587407353 ], [ -123.223785762091481, 49.278079874959779 ], [ -123.223817331870222, 49.277821645602174 ], [ -123.223881153828387, 49.277391605032641 ], [ -123.224236268380807, 49.276548755149136 ], [ -123.223975536524264, 49.274850585340467 ], [ -123.223973520438676, 49.274766456894127 ], [ -123.223928186308143, 49.272870354238123 ], [ -123.222180421963998, 49.27107900834492 ], [ -123.221502090962602, 49.270563956225303 ], [ -123.221572566856935, 49.268778109015443 ], [ -123.221538930756907, 49.26878164201203 ], [ -123.220258468579459, 49.268916790237505 ], [ -123.219614219685468, 49.268984792468252 ], [ -123.219555951902933, 49.268810386988271 ], [ -123.219555908209131, 49.26879761602342 ], [ -123.219552757298629, 49.268016787239297 ], [ -123.21958396428434, 49.267243907647362 ], [ -123.218682018376882, 49.26729454375873 ], [ -123.217033754765339, 49.267387091797765 ], [ -123.215056232631582, 49.267373887344355 ], [ -123.215072171162547, 49.266943210388291 ], [ -123.215087081509438, 49.266540684561605 ], [ -123.215102335520143, 49.266133688252978 ], [ -123.215116702649865, 49.265749744394689 ], [ -123.215118204866116, 49.265678633445944 ], [ -123.215127658097131, 49.265613134488589 ], [ -123.215137567984527, 49.265503894658622 ], [ -123.215147962386581, 49.265389374878751 ], [ -123.215160502523815, 49.265261491116611 ], [ -123.215204517712721, 49.264813504672667 ], [ -123.215230234761208, 49.264407796004193 ], [ -123.215255787410186, 49.26400509295128 ], [ -123.215260296317624, 49.263861118034619 ], [ -123.215270563663367, 49.263453922080807 ], [ -123.215282243868359, 49.262992519192153 ], [ -123.215304473107309, 49.26209600687249 ], [ -123.215316265741393, 49.261645397139766 ], [ -123.215321908233619, 49.261429594665913 ], [ -123.215327841850623, 49.261202189711589 ], [ -123.215371076903125, 49.26029899892432 ], [ -123.215377470433566, 49.259855456012176 ], [ -123.215384179664127, 49.259394200683872 ], [ -123.215403773826338, 49.258518298239657 ], [ -123.215390011685216, 49.258517940378347 ], [ -123.212350856244854, 49.258442204886421 ], [ -123.212337115452073, 49.258441926447652 ], [ -123.209339603317659, 49.258380477005971 ], [ -123.209325861189811, 49.258380198148444 ], [ -123.206300899109365, 49.258318993577078 ], [ -123.206287139117705, 49.258318692252423 ], [ -123.203244720040587, 49.258273015669118 ], [ -123.203230946270452, 49.25827280636922 ], [ -123.203237897925291, 49.25818776479251 ], [ -123.203241831276785, 49.2581388955481 ], [ -123.203251741321651, 49.257974331031861 ], [ -123.20322257527468, 49.257831552211591 ], [ -123.203037498719027, 49.256925770979166 ], [ -123.202939039667484, 49.256700021336627 ], [ -123.201025758111498, 49.256735587548221 ], [ -123.19803674936793, 49.256614873997258 ], [ -123.196560649541283, 49.256528903143654 ], [ -123.196557287040378, 49.256092804445004 ], [ -123.196553661346854, 49.25562168984758 ], [ -123.196548454973453, 49.255206290489554 ], [ -123.196496440446836, 49.253939904099781 ], [ -123.196687685443962, 49.252912365332314 ], [ -123.196804662452038, 49.251974306826156 ], [ -123.196806763992811, 49.251965776724099 ], [ -123.196776450861819, 49.250246366437437 ], [ -123.198847632113328, 49.250155388060179 ], [ -123.199131639100244, 49.250069987467732 ], [ -123.20002655744085, 49.25005961996888 ], [ -123.200570459670161, 49.250053305359479 ], [ -123.201069639949253, 49.249964172517046 ], [ -123.204028674750035, 49.249435872149547 ], [ -123.204334145955229, 49.249356478172956 ], [ -123.204622255785651, 49.249133372202891 ], [ -123.203189057811812, 49.248418007792601 ], [ -123.20123075697029, 49.247440399116364 ], [ -123.20021590918688, 49.246942744832886 ], [ -123.200004769325915, 49.246839203210172 ], [ -123.19991017585663, 49.246792826935533 ], [ -123.199793630406589, 49.246735661158191 ], [ -123.199063420355756, 49.246377592867638 ], [ -123.198928646124926, 49.246311510283057 ], [ -123.198358680830822, 49.246288846954911 ], [ -123.19676823224259, 49.246225593104498 ], [ -123.196779018632071, 49.245784042069815 ], [ -123.196791533196432, 49.24527140643572 ], [ -123.19678514919822, 49.244830171465139 ], [ -123.196777730458933, 49.244318995960768 ], [ -123.196783187009075, 49.243886062901005 ], [ -123.196789649165069, 49.243370887893974 ], [ -123.196795076959191, 49.242932538301979 ], [ -123.196795503163841, 49.2428972219816 ], [ -123.196801359106956, 49.24242720462852 ], [ -123.196807749282314, 49.241970074030412 ], [ -123.196814633785635, 49.241479997409101 ], [ -123.196815225435955, 49.241034390709082 ], [ -123.196815846591932, 49.240550486346173 ], [ -123.19682612048851, 49.239584291212985 ], [ -123.196831819124569, 49.239118273882603 ], [ -123.196837568750993, 49.238645089522549 ], [ -123.198344877709189, 49.238596062181131 ], [ -123.198413470188328, 49.236495491524451 ], [ -123.196851156960079, 49.236486395359606 ], [ -123.196847136331826, 49.235644099180504 ], [ -123.196848853743958, 49.235524283707285 ], [ -123.196921793699104, 49.235317365400938 ], [ -123.196940040002374, 49.235265514954122 ], [ -123.197096643802325, 49.235057909407061 ], [ -123.199687852807401, 49.235776390772742 ], [ -123.200010924843738, 49.235866162455643 ], [ -123.205239053137802, 49.237318401814797 ], [ -123.205329465348939, 49.237344142967984 ], [ -123.205505536721404, 49.237224401938995 ], [ -123.205925757362365, 49.236948902564009 ], [ -123.207181941120041, 49.23615089674778 ], [ -123.207209690786712, 49.236127336171357 ], [ -123.207433407863817, 49.235937427639612 ], [ -123.207471245800846, 49.235905300161271 ], [ -123.207846254226311, 49.235674486943694 ], [ -123.208170714031709, 49.235440516459406 ], [ -123.208337047448978, 49.235320599811509 ], [ -123.208459329803205, 49.235189523810298 ], [ -123.208552701772518, 49.235089450117222 ], [ -123.208581729075249, 49.235058318281069 ], [ -123.209412832864672, 49.235460725805304 ], [ -123.209457328396198, 49.235476017739316 ], [ -123.22008363180089, 49.239131960676545 ], [ -123.22098789671, 49.237798707191857 ], [ -123.221316365490807, 49.237329368310938 ], [ -123.221597547460448, 49.236995429817959 ], [ -123.221543567323877, 49.236966481558341 ], [ -123.221213141212999, 49.236736199652761 ], [ -123.220921623422484, 49.236470764166882 ], [ -123.220407692010667, 49.236101240946049 ], [ -123.219844801717628, 49.235771727560213 ], [ -123.219385281430348, 49.23560587992776 ], [ -123.219146638532465, 49.23554008866482 ], [ -123.218942307041374, 49.235434858885455 ], [ -123.218486616794621, 49.235274322045626 ], [ -123.217628616011311, 49.23491363097245 ], [ -123.216978239981913, 49.234604911585947 ], [ -123.216751477408664, 49.234540933616998 ], [ -123.215915293041036, 49.234228990679348 ], [ -123.215852183254867, 49.234205444844626 ], [ -123.21491600603801, 49.233642696130282 ], [ -123.213744173208781, 49.23320477465694 ], [ -123.213439146925552, 49.233044509176047 ], [ -123.212380613698215, 49.232439603167315 ], [ -123.211349312261277, 49.231973225501406 ], [ -123.211099143000936, 49.231901641658901 ], [ -123.210844969363066, 49.231839667157509 ], [ -123.210524829105168, 49.231578241857527 ], [ -123.210352616367445, 49.231474701491642 ], [ -123.210081754069392, 49.231404238051432 ], [ -123.209846213419439, 49.23130581835958 ], [ -123.209718606791768, 49.231174134595079 ], [ -123.209616629915118, 49.231004333554367 ], [ -123.209412131177302, 49.230905299187555 ], [ -123.20928247722486, 49.230771242386481 ], [ -123.209183513680998, 49.230604721775769 ], [ -123.208699695400213, 49.230252092929611 ], [ -123.208519922306749, 49.23013871198858 ], [ -123.208342525341962, 49.229995599399047 ], [ -123.207941144730725, 49.229535419538365 ], [ -123.207649191107095, 49.229306661243179 ], [ -123.207449675575091, 49.229203383957753 ], [ -123.207311317831227, 49.229068760079926 ], [ -123.207112709852169, 49.228936345021474 ], [ -123.206712197169907, 49.22877126906986 ], [ -123.206412990725212, 49.228704429904241 ], [ -123.206295135277088, 49.228582517307032 ], [ -123.206146223346281, 49.228204643118083 ], [ -123.206027740574868, 49.228082078807383 ], [ -123.20591975624842, 49.227911527297195 ], [ -123.205849851992426, 49.22774320184692 ], [ -123.206010887536962, 49.2273842772127 ], [ -123.206047416699192, 49.22693822893563 ], [ -123.205881259892706, 49.226576771921088 ], [ -123.205614431728449, 49.226307320475861 ], [ -123.205454342567549, 49.226173295610735 ], [ -123.205022661399767, 49.225975337532297 ], [ -123.204790311198579, 49.225907423906058 ], [ -123.204617682833117, 49.225774677671197 ], [ -123.204584127233105, 49.225586104785052 ], [ -123.204581940672554, 49.225374463644904 ], [ -123.204486215862062, 49.225210149962763 ], [ -123.203443034397893, 49.224537833820598 ], [ -123.203218604655859, 49.224440733132887 ], [ -123.203013761131373, 49.224338932823564 ], [ -123.202118316106379, 49.224004618146743 ], [ -123.201782321151697, 49.223737002887347 ], [ -123.201682655776594, 49.223604018082 ], [ -123.201682621324139, 49.223466024896766 ], [ -123.201731909034436, 49.223284772410736 ], [ -123.201881040236557, 49.223067690562281 ], [ -123.201881535379869, 49.222843821676882 ], [ -123.201782817139474, 49.222539790540303 ], [ -123.202270894205284, 49.221821317744023 ], [ -123.191311418175502, 49.219445303727497 ], [ -123.191321839783484, 49.220386485649563 ], [ -123.191363835292407, 49.220818967151509 ], [ -123.191112504774651, 49.225560111557648 ], [ -123.19104538733022, 49.22555682360224 ], [ -123.190417945046349, 49.225526199176443 ], [ -123.185592650166612, 49.22551300841527 ], [ -123.18550905067832, 49.225872893065876 ], [ -123.185484342375901, 49.226507291270053 ], [ -123.18550465443289, 49.22748509818296 ], [ -123.182180141079272, 49.227461411879247 ], [ -123.182146743166385, 49.228048982286424 ], [ -123.182118216319651, 49.228549699112662 ], [ -123.18207433424449, 49.229317804474753 ], [ -123.182027962756067, 49.230150600732166 ], [ -123.181253095865245, 49.230153239560131 ], [ -123.180689974927716, 49.230155141019715 ], [ -123.18034875045656, 49.230156301826497 ], [ -123.179243742554178, 49.230154411930435 ], [ -123.179196378024244, 49.230151848781688 ], [ -123.178721133585412, 49.230126286896379 ], [ -123.17875634724183, 49.232144910263223 ], [ -123.178713244130805, 49.232853613150617 ], [ -123.178727658356863, 49.233814203800875 ], [ -123.178728281846617, 49.234065443226051 ], [ -123.178730158518889, 49.234766289952745 ], [ -123.177712543407111, 49.234761395165201 ], [ -123.177237720332755, 49.23475908926256 ], [ -123.176744129703351, 49.234756718693909 ], [ -123.175770029906332, 49.234746501740759 ], [ -123.173082351659218, 49.234739993364329 ], [ -123.170268846830126, 49.234724808272325 ], [ -123.170271781871023, 49.235607411895458 ], [ -123.170273805019875, 49.236201083277756 ], [ -123.170275139342436, 49.236603017136865 ], [ -123.170272997951201, 49.23710061537156 ], [ -123.170270955751491, 49.237573905565924 ], [ -123.170270393151256, 49.238054116848446 ], [ -123.170269837095859, 49.238537711155217 ], [ -123.170266808516345, 49.238784120785958 ], [ -123.170258460516024, 49.239466899000718 ], [ -123.17026113706541, 49.23995210384988 ], [ -123.170263829141206, 49.240438090593138 ], [ -123.170261912962985, 49.240878722572951 ], [ -123.170259836819255, 49.241358508026664 ], [ -123.170247046147921, 49.241850458473138 ], [ -123.170234267974791, 49.242341500939503 ], [ -123.170228872951782, 49.24282175312144 ], [ -123.170224020241278, 49.243251893929617 ], [ -123.170218587573686, 49.243748209144741 ], [ -123.170213446510388, 49.244214515438287 ], [ -123.170207648038726, 49.244701623807238 ], [ -123.170202147098621, 49.245165315059737 ], [ -123.170212509374934, 49.245646256907186 ], [ -123.170222931396694, 49.246130591234596 ], [ -123.170208152868156, 49.246608424641508 ], [ -123.170194651599786, 49.247044991642966 ], [ -123.170191635037327, 49.247562114906323 ], [ -123.170190562199721, 49.247742897320045 ], [ -123.170218060035864, 49.247945395535545 ], [ -123.170491732142494, 49.248096706874989 ], [ -123.170904923380789, 49.248413794853597 ], [ -123.171370451318211, 49.249009896525415 ], [ -123.171691126613467, 49.249420472674352 ], [ -123.17208205530676, 49.249921003890123 ], [ -123.172125283786016, 49.249976938355175 ], [ -123.172234761069518, 49.250118599664326 ], [ -123.171712152817861, 49.25008600132837 ], [ -123.171355838371326, 49.250005505970641 ], [ -123.171045926344348, 49.24990819813236 ], [ -123.169888648863576, 49.249293307220306 ], [ -123.17050625259013, 49.249998587827406 ], [ -123.170653500563418, 49.250166236782007 ], [ -123.170874768870647, 49.250418111916609 ], [ -123.171023454675606, 49.250588057826555 ], [ -123.17139093121321, 49.251008095407684 ], [ -123.171778359292915, 49.251450631199319 ], [ -123.171892958212837, 49.251581510828785 ], [ -123.172298627654072, 49.251910093993956 ], [ -123.172889974031719, 49.25240238416972 ], [ -123.172913028603531, 49.252421603611076 ], [ -123.17290956500689, 49.252816908792617 ], [ -123.173395728072364, 49.252816991314319 ], [ -123.174000304062034, 49.253316634673375 ], [ -123.174487560302367, 49.253719296580734 ], [ -123.175020413443022, 49.254169770234917 ], [ -123.17505830092513, 49.254201816480617 ], [ -123.175092354790493, 49.254230597195146 ], [ -123.175415061588879, 49.254638002951445 ], [ -123.175792285347711, 49.255109552497387 ], [ -123.176145160601905, 49.255550609463874 ], [ -123.17624334010317, 49.255674797833706 ], [ -123.178236447708173, 49.25718518916544 ], [ -123.17817214280565, 49.257294312648163 ], [ -123.178148931931247, 49.257459686003827 ], [ -123.178109119705113, 49.257742999019065 ], [ -123.178107873353156, 49.257814169804675 ], [ -123.178106234692336, 49.257903308605869 ], [ -123.178120045274113, 49.257903567115783 ], [ -123.180006435337631, 49.257939519073815 ], [ -123.180712068858483, 49.257949703909553 ], [ -123.181801282495059, 49.257965406268823 ], [ -123.182085554416147, 49.257969490942713 ], [ -123.184028958566842, 49.257995008965125 ], [ -123.184028732520488, 49.258461273819499 ], [ -123.184028565977925, 49.258906506490085 ], [ -123.183985174865072, 49.259369776120053 ], [ -123.183966052744665, 49.259574113045971 ], [ -123.183993279518091, 49.259700251108924 ], [ -123.184019660664148, 49.259822309370058 ], [ -123.18424323702898, 49.260009197339286 ], [ -123.184646787750168, 49.26030419826526 ], [ -123.185152286669975, 49.260673687503818 ], [ -123.185291898527154, 49.260775747938439 ], [ -123.185811065478234, 49.261155206037287 ], [ -123.185874357690466, 49.261274579094319 ], [ -123.185905963709018, 49.261334192495603 ], [ -123.185915971012307, 49.261472332780158 ], [ -123.185930666883806, 49.261674401354796 ], [ -123.185933581163638, 49.262119236159293 ], [ -123.185936438814167, 49.262552798661211 ], [ -123.185925567682233, 49.263009595921822 ], [ -123.185922816290457, 49.263124229802656 ], [ -123.185914146169253, 49.263487102818324 ], [ -123.185904041188778, 49.263945325420387 ], [ -123.185894570759558, 49.264375601037315 ], [ -123.185867549862124, 49.264845016285619 ], [ -123.185844155667638, 49.265252487256248 ], [ -123.185827085950422, 49.265672300384324 ], [ -123.185810732754447, 49.266074001734815 ], [ -123.185793463868592, 49.266508477958638 ], [ -123.185776538940473, 49.266933202893554 ], [ -123.185761612866727, 49.267300201653285 ], [ -123.185742971482924, 49.267758303543943 ], [ -123.185702049227245, 49.268612896578013 ], [ -123.185692606477261, 49.269117528742292 ], [ -123.185684864954908, 49.269531212088729 ], [ -123.185670936968663, 49.270008178840904 ], [ -123.185659342875525, 49.270404217447982 ], [ -123.185643040472016, 49.270912019978176 ], [ -123.185629860170565, 49.271321194739784 ], [ -123.18560899693729, 49.271816474213253 ], [ -123.185589459540665, 49.272280295192502 ], [ -123.18557105619054, 49.27287878349415 ], [ -123.185565245526121, 49.273065092193285 ], [ -123.185703538670779, 49.273282241113691 ], [ -123.185715442013489, 49.273303454707573 ], [ -123.185813942228052, 49.273340187902676 ], [ -123.186683113746014, 49.273340105255045 ], [ -123.186913693406623, 49.27337065424291 ], [ -123.187119697472752, 49.273439608090925 ], [ -123.187278565835129, 49.27350431141781 ], [ -123.187446053774934, 49.27353842740682 ], [ -123.187516651364334, 49.273572998020541 ], [ -123.187713357065135, 49.273607043554534 ], [ -123.187950982849117, 49.273637689182834 ], [ -123.18821491400746, 49.273637634128072 ], [ -123.188446587629983, 49.273637481259776 ], [ -123.18851487170177, 49.273473520507743 ], [ -123.188545532219237, 49.273306383822259 ], [ -123.188614123688879, 49.27317215550935 ], [ -123.18878294449965, 49.273107336410675 ], [ -123.189019470759888, 49.2730387005547 ], [ -123.1891183351986, 49.273038734387825 ], [ -123.189180705889626, 49.273004059946707 ], [ -123.189420682673543, 49.272973196129307 ], [ -123.189653324336959, 49.272939503581959 ], [ -123.189713856653754, 49.272939582708347 ], [ -123.189848936691376, 49.272905374279567 ], [ -123.190075249651898, 49.272871398976896 ], [ -123.190345687607177, 49.272840563247783 ], [ -123.190848725550083, 49.272840365081045 ], [ -123.191118908936318, 49.272805506437166 ], [ -123.19158240225255, 49.272737240215463 ], [ -123.191816639945586, 49.2726728702157 ], [ -123.192046479469298, 49.272672513418378 ], [ -123.192282089254675, 49.272638413331443 ], [ -123.192844478012404, 49.272638215926584 ], [ -123.193149125162464, 49.272672397332073 ], [ -123.194012265267276, 49.272672518896535 ], [ -123.194314570752397, 49.272706971163991 ], [ -123.194579880329684, 49.272706898693286 ], [ -123.194818192288281, 49.272738064083825 ], [ -123.195045759594748, 49.272805949927601 ], [ -123.195284439627386, 49.272841197633795 ], [ -123.195683035341375, 49.272975158277141 ], [ -123.196016577550168, 49.273108428982617 ], [ -123.196348070175489, 49.273304504181006 ], [ -123.196679361888314, 49.273639050610633 ], [ -123.196813904777187, 49.273901778037008 ], [ -123.196943784144935, 49.274203749336962 ], [ -123.196983970841416, 49.274240256454142 ], [ -123.196917536484349, 49.274240435286515 ], [ -123.197722145464681, 49.274908401232203 ], [ -123.198281154964803, 49.275171239353405 ], [ -123.198212272529588, 49.27537323068821 ], [ -123.198443988921724, 49.275373423837131 ], [ -123.198776259314172, 49.275403125769827 ], [ -123.199685288548054, 49.275507006998879 ], [ -123.19991356333, 49.275572178261427 ], [ -123.200011633080308, 49.275640306132864 ], [ -123.200155278159428, 49.275672521531767 ], [ -123.20041591667777, 49.275739398480916 ], [ -123.201319563702853, 49.276072916352753 ], [ -123.201616839205684, 49.276244661367038 ], [ -123.201950784504547, 49.276437588824379 ], [ -123.201980105409604, 49.276407107018542 ], [ -123.202118734077544, 49.276473472157399 ], [ -123.202118395830126, 49.276506388581389 ], [ -123.202416393473982, 49.276506069938357 ], [ -123.203217576667967, 49.276372594391425 ], [ -123.203712698785637, 49.27620511666521 ], [ -123.204085972718644, 49.276138826060254 ], [ -123.204753148372177, 49.276006253662324 ], [ -123.205455527141098, 49.275907672267451 ], [ -123.209153080813522, 49.27540391097417 ], [ -123.210447745572424, 49.275338928194373 ], [ -123.211154097217374, 49.275340430169848 ], [ -123.211539450925017, 49.275522738741472 ], [ -123.211715604115398, 49.275606526846325 ], [ -123.211716088593647, 49.275909438844266 ], [ -123.211647391438234, 49.276371296098695 ], [ -123.211686881731453, 49.27646972580574 ], [ -123.211713454845935, 49.276411656774251 ], [ -123.211747299577141, 49.276405355329501 ], [ -123.211846200637325, 49.276204930526042 ], [ -123.211846107693617, 49.276007214013156 ], [ -123.211913782916255, 49.275937969086726 ], [ -123.212082225695013, 49.275907418533606 ], [ -123.213076233564664, 49.275972007350312 ], [ -123.213384026380993, 49.276039782555607 ], [ -123.213548364667488, 49.276143677117012 ], [ -123.213615891127574, 49.276345945074326 ], [ -123.213614368663499, 49.276543938429782 ], [ -123.213447638048052, 49.276939535652673 ], [ -123.213449719510876, 49.277004650313636 ], [ -123.213517589622654, 49.276970292560932 ], [ -123.213581775390281, 49.2769100498261 ], [ -123.213646766111111, 49.27673908931056 ], [ -123.213738089476195, 49.276707097615024 ], [ -123.214213990330748, 49.276640278790701 ], [ -123.214495627792743, 49.276639852247165 ], [ -123.214961439589061, 49.276654148200926 ], [ -123.215578066567218, 49.276673956354891 ], [ -123.215846365229112, 49.276704163497122 ], [ -123.216048134855328, 49.276803224451861 ], [ -123.216179149232943, 49.27694030328621 ], [ -123.216217497610174, 49.277172293458868 ], [ -123.216347364487675, 49.277308873132128 ], [ -123.216388570214178, 49.277547489138726 ], [ -123.216586758403551, 49.277604487093242 ], [ -123.217207204866313, 49.277540976693722 ], [ -123.217846269943323, 49.27750596243645 ], [ -123.218515446926077, 49.277505920499401 ], [ -123.219109313785793, 49.277569794822739 ] ] ] } },
{ "type": "Feature", "properties": { "CMNTY_HLTH_SERV_AREA_CODE": "3244", "CMNTY_HLTH_SERV_AREA_NAME": "Kitsilano", "LOCAL_HLTH_AREA_CODE": "324", "LOCAL_HLTH_AREA_NAME": "Vancouver - Westside", "HLTH_AUTHORITY_CODE": "3", "HLTH_AUTHORITY_NAME": "Vancouver Coastal", "OBJECTID": 1635, "CityOverlapShare": 0.99999999999999967, "VancouverCityIncluded": true }, "geometry": { "type": "Polygon", "coordinates": [ [ [ -123.138799554641366, 49.274921177087151 ], [ -123.138838504506637, 49.274974416642941 ], [ -123.139111636609215, 49.275036910455611 ], [ -123.13932293540924, 49.275148603710647 ], [ -123.139355514850678, 49.275177284731981 ], [ -123.140011542694396, 49.276044894162197 ], [ -123.139981966357084, 49.276205698837252 ], [ -123.139448740482834, 49.276477901437914 ], [ -123.139475285914344, 49.276607255111031 ], [ -123.139589660932984, 49.276604038698693 ], [ -123.139862144963132, 49.276576208755387 ], [ -123.140081937407714, 49.276638819347085 ], [ -123.140198233707096, 49.276838273161431 ], [ -123.140254122601206, 49.277008650293659 ], [ -123.140469744807078, 49.277303919623876 ], [ -123.140619261646904, 49.277473831304995 ], [ -123.140745975111443, 49.277603066203994 ], [ -123.140916691638694, 49.277739460604138 ], [ -123.141106026470894, 49.277834239707602 ], [ -123.141336480868759, 49.277902483603256 ], [ -123.141548894604981, 49.278006526135336 ], [ -123.141714401963696, 49.278137668739355 ], [ -123.141915087548185, 49.278238320403439 ], [ -123.142150563216489, 49.27833649614648 ], [ -123.142388618573307, 49.278409682887322 ], [ -123.142613722090744, 49.278504202623999 ], [ -123.14283197254214, 49.278569716991726 ], [ -123.143159474511407, 49.278652315593078 ], [ -123.143367993473589, 49.278715209632949 ], [ -123.143582282458738, 49.278805447306574 ], [ -123.143845019276952, 49.278869615588341 ], [ -123.144442847741644, 49.278939543112379 ], [ -123.144753433057858, 49.27890373210402 ], [ -123.145021377956894, 49.278833403393385 ], [ -123.14525152577329, 49.278736219770963 ], [ -123.145418479049553, 49.278635990100938 ], [ -123.145549965841241, 49.278468052248201 ], [ -123.145682681594238, 49.27833856085428 ], [ -123.145806745143233, 49.278179812618724 ], [ -123.145982360578628, 49.278073758376209 ], [ -123.146247894671319, 49.278039837899776 ], [ -123.146450130481952, 49.278141614439988 ], [ -123.146613857584015, 49.278272613800773 ], [ -123.146873973213303, 49.278305756367246 ], [ -123.147673214623666, 49.2785031094554 ], [ -123.147800558216531, 49.278635593562583 ], [ -123.147781141337362, 49.278736687011254 ], [ -123.147774729112697, 49.278842105157949 ], [ -123.147614253425274, 49.278970098001921 ], [ -123.147383054273405, 49.279040183625526 ], [ -123.147216386461395, 49.279172635562773 ], [ -123.147412316485671, 49.279270696333263 ], [ -123.147754327874097, 49.279237103235516 ], [ -123.148018581044141, 49.279172722368962 ], [ -123.14818763646602, 49.279075708305001 ], [ -123.148286232837634, 49.278902709391247 ], [ -123.148316467547602, 49.278704073686797 ], [ -123.148387002209247, 49.278500602909162 ], [ -123.148487256636031, 49.278337906520036 ], [ -123.148793444982658, 49.278094407215704 ], [ -123.149145957617861, 49.277872257580228 ], [ -123.149322746317523, 49.277837618810835 ], [ -123.149570534140352, 49.277837614049815 ], [ -123.149782528063852, 49.27790657528174 ], [ -123.150026417151395, 49.277943384524256 ], [ -123.150248344727402, 49.278005794150651 ], [ -123.150709270656449, 49.278071181181531 ], [ -123.151024377289687, 49.278103801669033 ], [ -123.151307716744824, 49.278074799045598 ], [ -123.151585634219174, 49.278073076281053 ], [ -123.151811404752152, 49.278007441205311 ], [ -123.151970252137986, 49.277946460216327 ], [ -123.152179892649485, 49.277906807389797 ], [ -123.152651211126823, 49.27763750559744 ], [ -123.152745517424805, 49.277542786684975 ], [ -123.153089217080975, 49.276767840107823 ], [ -123.153188690894297, 49.276669841577387 ], [ -123.153300206273542, 49.276521600459319 ], [ -123.153396727817977, 49.276432461544417 ], [ -123.153473675760253, 49.276312876911994 ], [ -123.153591502589947, 49.27612768571737 ], [ -123.154023770123885, 49.275662732211494 ], [ -123.154114001528256, 49.275572099140412 ], [ -123.154213789438415, 49.27543793292498 ], [ -123.154579962348919, 49.275071488255676 ], [ -123.154677241688404, 49.274940498881961 ], [ -123.154913038715293, 49.274707307085862 ], [ -123.155005649909427, 49.274583352244427 ], [ -123.155250250994897, 49.274136694967083 ], [ -123.155281031830214, 49.274002744493515 ], [ -123.155351425831967, 49.27383891947315 ], [ -123.155448264352145, 49.273706436008325 ], [ -123.15564501682023, 49.273638803486094 ], [ -123.155913375391123, 49.273637658738494 ], [ -123.15664705047385, 49.273740630490799 ], [ -123.156884231560099, 49.273805778028304 ], [ -123.157083528316278, 49.273840230074313 ], [ -123.157316234941717, 49.273903968963722 ], [ -123.157548489624816, 49.273939040423222 ], [ -123.158348812261252, 49.27393903961903 ], [ -123.15864374875629, 49.273904951874698 ], [ -123.159176882174009, 49.273904649250468 ], [ -123.159316894935287, 49.273938802278501 ], [ -123.159387617474806, 49.273939543049231 ], [ -123.159586772188433, 49.274004753784574 ], [ -123.159757370360182, 49.274075619405963 ], [ -123.160079219417284, 49.274270229880671 ], [ -123.160249951575764, 49.274305721289714 ], [ -123.160442919478939, 49.274372649135024 ], [ -123.160483234530915, 49.27437383940449 ], [ -123.160708786819839, 49.274403791752121 ], [ -123.160982184158883, 49.274403781030692 ], [ -123.161146051321026, 49.274340205073344 ], [ -123.161646740999061, 49.274271794946593 ], [ -123.161917629197021, 49.2742708052876 ], [ -123.162188004928865, 49.274240417893182 ], [ -123.162416457931585, 49.274240278443983 ], [ -123.162682538829898, 49.274206145288943 ], [ -123.162950379272019, 49.274205979040453 ], [ -123.163452513318944, 49.274137444579985 ], [ -123.163717036343684, 49.274136692974608 ], [ -123.164182218650083, 49.274073034226973 ], [ -123.164381792014183, 49.274038352918161 ], [ -123.164583314191475, 49.273972328521268 ], [ -123.164748903450032, 49.273874020015008 ], [ -123.164918012843259, 49.273805531344628 ], [ -123.165050297008918, 49.273703711234965 ], [ -123.165185797001072, 49.273571905525529 ], [ -123.165322831999333, 49.27346852284083 ], [ -123.165483045575698, 49.273370165716237 ], [ -123.165620009357383, 49.273304756141599 ], [ -123.165775862034593, 49.273208623193433 ], [ -123.16592194666903, 49.273135147378134 ], [ -123.166084355419315, 49.273038984378339 ], [ -123.166249948708426, 49.272974661666005 ], [ -123.166447037019637, 49.272872573189062 ], [ -123.166615974759736, 49.272807263191602 ], [ -123.16685205902877, 49.272770446475704 ], [ -123.167254732983537, 49.272637353597226 ], [ -123.167654312996518, 49.272538371374054 ], [ -123.167886307464684, 49.272504251701491 ], [ -123.168280109778181, 49.272371378953387 ], [ -123.168520134728695, 49.272340014010375 ], [ -123.168913787982504, 49.272207209850521 ], [ -123.169113999519823, 49.272172837575603 ], [ -123.169115081259235, 49.272138050260338 ], [ -123.169315117804956, 49.272103385707503 ], [ -123.169517963969426, 49.272038976774262 ], [ -123.169677157918656, 49.271972767075141 ], [ -123.169815045343285, 49.271940192656189 ], [ -123.169846566866141, 49.271905793697051 ], [ -123.169920712382833, 49.271905099723817 ], [ -123.17033925422939, 49.271838710437272 ], [ -123.17059567482967, 49.271804976834588 ], [ -123.170774733293882, 49.271773761505109 ], [ -123.171040645747439, 49.271739603746937 ], [ -123.172113124797292, 49.271737866628861 ], [ -123.172373438689249, 49.271707826447788 ], [ -123.172645648894573, 49.271707548354343 ], [ -123.172953209704644, 49.271738069908714 ], [ -123.173512083902153, 49.271737906628424 ], [ -123.173784040144966, 49.271772214856242 ], [ -123.174047587030515, 49.27177219364772 ], [ -123.174282166255367, 49.271806927060823 ], [ -123.174614146706617, 49.27183700050778 ], [ -123.175148308877482, 49.271837338328353 ], [ -123.175683663109524, 49.271905826276146 ], [ -123.175946298396354, 49.271905755843839 ], [ -123.176180263363221, 49.271969137298932 ], [ -123.176413980201261, 49.272004781066649 ], [ -123.176686248609116, 49.272039228748589 ], [ -123.176915346246062, 49.272039191965099 ], [ -123.1774470312575, 49.272108395584382 ], [ -123.177714153426308, 49.2721384934977 ], [ -123.178581659033071, 49.272138478115465 ], [ -123.178841882815689, 49.27217183444678 ], [ -123.179044756053401, 49.272206692359944 ], [ -123.179283211679177, 49.272271667726173 ], [ -123.179472271211523, 49.272304768629731 ], [ -123.179720544821166, 49.272371419950254 ], [ -123.179981330720992, 49.272405122314247 ], [ -123.180210548271859, 49.272439318835346 ], [ -123.18097080971458, 49.272538254454801 ], [ -123.181181861644873, 49.272573308349799 ], [ -123.181412549117354, 49.272638239003932 ], [ -123.18252024347737, 49.272638389423356 ], [ -123.182784079026931, 49.27267219874598 ], [ -123.182983985442519, 49.272707185125348 ], [ -123.18318400212857, 49.272773097488525 ], [ -123.18336042820988, 49.272879841022196 ], [ -123.183487139821068, 49.272978997441385 ], [ -123.183617779236741, 49.273073351001898 ], [ -123.183777321752103, 49.273135047338101 ], [ -123.183979854511563, 49.273205529015577 ], [ -123.184448003730949, 49.273271401423315 ], [ -123.184712199438664, 49.273271353777794 ], [ -123.18501097185343, 49.273305631900783 ], [ -123.185547525756803, 49.273305774858173 ], [ -123.185813942228052, 49.273340187902676 ], [ -123.185715442013489, 49.273303454707573 ], [ -123.185703538670779, 49.273282241113691 ], [ -123.185565245526121, 49.273065092193285 ], [ -123.18557105619054, 49.27287878349415 ], [ -123.185589459540665, 49.272280295192502 ], [ -123.18560899693729, 49.271816474213253 ], [ -123.185629860170565, 49.271321194739784 ], [ -123.185643040472016, 49.270912019978176 ], [ -123.185659342875525, 49.270404217447982 ], [ -123.185670936968663, 49.270008178840904 ], [ -123.185684864954908, 49.269531212088729 ], [ -123.185692606477261, 49.269117528742292 ], [ -123.185702049227245, 49.268612896578013 ], [ -123.185742971482924, 49.267758303543943 ], [ -123.185761612866727, 49.267300201653285 ], [ -123.185776538940473, 49.266933202893554 ], [ -123.185793463868592, 49.266508477958638 ], [ -123.185810732754447, 49.266074001734815 ], [ -123.185827085950422, 49.265672300384324 ], [ -123.185844155667638, 49.265252487256248 ], [ -123.185867549862124, 49.264845016285619 ], [ -123.185894570759558, 49.264375601037315 ], [ -123.185904041188778, 49.263945325420387 ], [ -123.185914146169253, 49.263487102818324 ], [ -123.185922816290457, 49.263124229802656 ], [ -123.185925567682233, 49.263009595921822 ], [ -123.185936438814167, 49.262552798661211 ], [ -123.185933581163638, 49.262119236159293 ], [ -123.185930666883806, 49.261674401354796 ], [ -123.185915971012307, 49.261472332780158 ], [ -123.185905963709018, 49.261334192495603 ], [ -123.185874357690466, 49.261274579094319 ], [ -123.185811065478234, 49.261155206037287 ], [ -123.185291898527154, 49.260775747938439 ], [ -123.185152286669975, 49.260673687503818 ], [ -123.184646787750168, 49.26030419826526 ], [ -123.18424323702898, 49.260009197339286 ], [ -123.184019660664148, 49.259822309370058 ], [ -123.183993279518091, 49.259700251108924 ], [ -123.183966052744665, 49.259574113045971 ], [ -123.183985174865072, 49.259369776120053 ], [ -123.184028565977925, 49.258906506490085 ], [ -123.184028732520488, 49.258461273819499 ], [ -123.184028958566842, 49.257995008965125 ], [ -123.182085554416147, 49.257969490942713 ], [ -123.181801282495059, 49.257965406268823 ], [ -123.180712068858483, 49.257949703909553 ], [ -123.180006435337631, 49.257939519073815 ], [ -123.178120045274113, 49.257903567115783 ], [ -123.178106234692336, 49.257903308605869 ], [ -123.17617823039086, 49.257874311904516 ], [ -123.176164458288127, 49.257874098287814 ], [ -123.174882247493784, 49.257851956369478 ], [ -123.174292948479419, 49.257841750955784 ], [ -123.17423795794025, 49.257840800800039 ], [ -123.173016376720284, 49.257826302545013 ], [ -123.172291657319889, 49.257817683813357 ], [ -123.170477553523767, 49.257789103909843 ], [ -123.168383746237808, 49.257752197733559 ], [ -123.16752612790782, 49.257739992471969 ], [ -123.166510441694228, 49.257725499378815 ], [ -123.16550664240998, 49.25769731356425 ], [ -123.164942040787452, 49.25765460785184 ], [ -123.164460250600129, 49.257558102754089 ], [ -123.164010457661391, 49.257502188093923 ], [ -123.163498658017545, 49.257470711086974 ], [ -123.162677378790349, 49.257471801097353 ], [ -123.162677421180831, 49.257422097556294 ], [ -123.160315974988421, 49.257382316684776 ], [ -123.160302256037468, 49.257382111444706 ], [ -123.157928915751128, 49.257332530096591 ], [ -123.156045851292646, 49.25731060855987 ], [ -123.15596466158425, 49.257335409267377 ], [ -123.155559230885473, 49.25734010615475 ], [ -123.153591345546019, 49.257308938488272 ], [ -123.15290805213175, 49.257298109804175 ], [ -123.15248033599876, 49.257284118620404 ], [ -123.151750112937009, 49.257273343791475 ], [ -123.150784135565672, 49.257259114713449 ], [ -123.148386452768676, 49.257227294831978 ], [ -123.145994926508138, 49.257184798182614 ], [ -123.145991388915093, 49.257651839865382 ], [ -123.14598795204374, 49.258102393288311 ], [ -123.145970968784425, 49.258560088478205 ], [ -123.145952551969643, 49.25905720373752 ], [ -123.145936795008311, 49.259468961067896 ], [ -123.145918559958545, 49.259946205874975 ], [ -123.145901649751551, 49.260404811482019 ], [ -123.145881660687948, 49.260946794989927 ], [ -123.145863625960672, 49.261367375693951 ], [ -123.14584364182123, 49.261833012067669 ], [ -123.145827340469225, 49.262302931204822 ], [ -123.145811641360908, 49.262755397274468 ], [ -123.14579350136232, 49.263193608459744 ], [ -123.145772227514513, 49.263707399108554 ], [ -123.145761805661778, 49.264218873306724 ], [ -123.145753141470763, 49.264643612558771 ], [ -123.145737522360747, 49.265074233053774 ], [ -123.145723553191573, 49.265459813986276 ], [ -123.14567815059965, 49.266309801923967 ], [ -123.145674791147172, 49.266468108387571 ], [ -123.14566024693454, 49.267157824759458 ], [ -123.145657976580253, 49.267601273464464 ], [ -123.145655841894197, 49.268011504266248 ], [ -123.145633246018349, 49.268456156819262 ], [ -123.145610352262807, 49.268906602721508 ], [ -123.145593918303433, 49.269337601565312 ], [ -123.145576754461374, 49.269788403788681 ], [ -123.145539626583997, 49.270210027748973 ], [ -123.145498945201908, 49.270671699622646 ], [ -123.145479749218111, 49.271653891826233 ], [ -123.145531753505168, 49.272304715543889 ], [ -123.145408541181155, 49.272542812734805 ], [ -123.145334965489937, 49.272667909567176 ], [ -123.145080237148534, 49.272853901119163 ], [ -123.144206746, 49.273182008870648 ], [ -123.143907711285379, 49.273278204362263 ], [ -123.142579370284011, 49.273705483269488 ], [ -123.142561434315397, 49.273711243174183 ], [ -123.141999910444582, 49.273891862356535 ], [ -123.14198213254906, 49.273897596629226 ], [ -123.141915873708257, 49.273918890487693 ], [ -123.138799554641366, 49.274921177087151 ] ] ] } },
{ "type": "Feature", "properties": { "CMNTY_HLTH_SERV_AREA_CODE": "3251", "CMNTY_HLTH_SERV_AREA_NAME": "Kensington", "LOCAL_HLTH_AREA_CODE": "325", "LOCAL_HLTH_AREA_NAME": "Vancouver - Midtown", "HLTH_AUTHORITY_CODE": "3", "HLTH_AUTHORITY_NAME": "Vancouver Coastal", "OBJECTID": 1636, "CityOverlapShare": 1.0000000000000004, "VancouverCityIncluded": true }, "geometry": { "type": "Polygon", "coordinates": [ [ [ -123.058138829104038, 49.241876123402712 ], [ -123.059176520651334, 49.24235931102595 ], [ -123.06182582204292, 49.243568308738432 ], [ -123.06378094127291, 49.244507015621188 ], [ -123.065189110547436, 49.245148916722236 ], [ -123.066546518599807, 49.24579200344369 ], [ -123.067180535061937, 49.246085267740597 ], [ -123.067850134844534, 49.246395008627623 ], [ -123.068562397651618, 49.24674207194024 ], [ -123.068809349743674, 49.246862415508168 ], [ -123.069038839355926, 49.246968719913987 ], [ -123.069960744657891, 49.247398211850438 ], [ -123.071308343489122, 49.248023903805056 ], [ -123.072043136434104, 49.248366175927721 ], [ -123.072324911183046, 49.248497400517408 ], [ -123.073367595981907, 49.248949927022323 ], [ -123.075957071561945, 49.250073161695212 ], [ -123.076138601709872, 49.250156439047224 ], [ -123.077378158111273, 49.250798969285512 ], [ -123.078025153471998, 49.251167801568052 ], [ -123.07991055095772, 49.252068307180636 ], [ -123.081813428537856, 49.252953917448288 ], [ -123.083226223954441, 49.253618121927111 ], [ -123.083733513346928, 49.253850704143581 ], [ -123.085225143443836, 49.254551298768575 ], [ -123.085652060259918, 49.254752018445174 ], [ -123.086994987827083, 49.255387356694051 ], [ -123.087432839144043, 49.255594513417876 ], [ -123.089201624600406, 49.256409708087752 ], [ -123.08985005268589, 49.256409203805816 ], [ -123.089929342588746, 49.255538510590952 ], [ -123.089968032817723, 49.254637906574281 ], [ -123.089976848769581, 49.253731108059121 ], [ -123.09000760945942, 49.252800509250811 ], [ -123.090074922309213, 49.251902406721918 ], [ -123.090093634481434, 49.251013905780241 ], [ -123.090133226792545, 49.250098010544647 ], [ -123.090155721584608, 49.249191512725389 ], [ -123.090170719347739, 49.24866771595967 ], [ -123.090181627929027, 49.247616716638881 ], [ -123.090209630516554, 49.246623915644875 ], [ -123.090226247990856, 49.24554800657166 ], [ -123.090286058804125, 49.244747018515106 ], [ -123.090290121236649, 49.244572313041743 ], [ -123.090320702543579, 49.243537301692271 ], [ -123.090335426710624, 49.242600915432654 ], [ -123.090349146476555, 49.241725705357958 ], [ -123.090376211391643, 49.240856207518711 ], [ -123.090392739635192, 49.240308126148243 ], [ -123.090406842686463, 49.23880092355801 ], [ -123.090411317994878, 49.238324213510779 ], [ -123.090460215393918, 49.237041013937429 ], [ -123.090463010321201, 49.236966327436839 ], [ -123.090478238304541, 49.23655592057424 ], [ -123.0905101247548, 49.235696498956202 ], [ -123.090544611523455, 49.234774211646716 ], [ -123.090554826765342, 49.233826397305144 ], [ -123.090564527453921, 49.232923608369234 ], [ -123.089323721766064, 49.232897211297846 ], [ -123.089309901402572, 49.232896917519263 ], [ -123.088654506797212, 49.232889634222609 ], [ -123.087851890069942, 49.232880724897662 ], [ -123.087769447237875, 49.232879812653223 ], [ -123.086932454603485, 49.232870507658454 ], [ -123.084865033387246, 49.232845980014716 ], [ -123.084851218230583, 49.232845800205915 ], [ -123.08375961455269, 49.232804610620938 ], [ -123.083695634503769, 49.232773997999765 ], [ -123.082590811502797, 49.232769405091531 ], [ -123.081219133174216, 49.232749405913601 ], [ -123.079822426907853, 49.232734995473187 ], [ -123.079349151503408, 49.232730309226419 ], [ -123.079304018657695, 49.23268219648434 ], [ -123.078426131024713, 49.232670103438267 ], [ -123.077775173694292, 49.23266075906016 ], [ -123.077081927823713, 49.232650813053326 ], [ -123.075703618383145, 49.232629529723908 ], [ -123.075689801469679, 49.232629291040176 ], [ -123.074307002306398, 49.232634134611452 ], [ -123.074151917559647, 49.232632620113563 ], [ -123.074012051516277, 49.232673883157176 ], [ -123.072921198792201, 49.232664089728132 ], [ -123.071529534482721, 49.232635322797663 ], [ -123.070127110417374, 49.232624233709508 ], [ -123.068956859286814, 49.23261135548379 ], [ -123.068839681150791, 49.232640592129464 ], [ -123.068701092639998, 49.232639538025254 ], [ -123.066932299677006, 49.232625654662684 ], [ -123.066873975980258, 49.23263028197448 ], [ -123.066819416246204, 49.232634613484301 ], [ -123.066239789933462, 49.232680613495631 ], [ -123.06619685762935, 49.232684026033439 ], [ -123.065527261726771, 49.232808127335545 ], [ -123.065513721451524, 49.232809918092109 ], [ -123.064757438145719, 49.232911508096009 ], [ -123.064121539385681, 49.232935604091651 ], [ -123.062138904212702, 49.232917443270694 ], [ -123.062125126137829, 49.232917304799251 ], [ -123.061253225530436, 49.232919607570388 ], [ -123.061133239550841, 49.23286230869892 ], [ -123.06046741740586, 49.232861310615533 ], [ -123.058883122002911, 49.232838822549859 ], [ -123.058852491739273, 49.233378553103655 ], [ -123.058823829149361, 49.233883900723924 ], [ -123.058819631197807, 49.234386554318732 ], [ -123.058815499522964, 49.234881810997216 ], [ -123.058806058989944, 49.23539419820851 ], [ -123.058796934884938, 49.235890211572453 ], [ -123.058763310269015, 49.236896417186195 ], [ -123.058752435875121, 49.237381881010997 ], [ -123.058752036427762, 49.237399625892323 ], [ -123.058772116957201, 49.238014505441498 ], [ -123.058748024330399, 49.238915626989183 ], [ -123.058737176362897, 49.23936094398907 ], [ -123.058726510297717, 49.239796929740223 ], [ -123.058715115412667, 49.240224543098925 ], [ -123.058703597557241, 49.24065561010547 ], [ -123.058694828805258, 49.240859807717783 ], [ -123.058659939249878, 49.241129102676176 ], [ -123.058586325285233, 49.241315420852132 ], [ -123.058389424960652, 49.241624792008039 ], [ -123.058357511245759, 49.241674921260625 ], [ -123.058138829104038, 49.241876123402712 ] ] ] } },
{ "type": "Feature", "properties": { "CMNTY_HLTH_SERV_AREA_CODE": "3252", "CMNTY_HLTH_SERV_AREA_NAME": "Mount Pleasant", "LOCAL_HLTH_AREA_CODE": "325", "LOCAL_HLTH_AREA_NAME": "Vancouver - Midtown", "HLTH_AUTHORITY_CODE": "3", "HLTH_AUTHORITY_NAME": "Vancouver Coastal", "OBJECTID": 1637, "CityOverlapShare": 1.0000000000000004, "VancouverCityIncluded": true }, "geometry": { "type": "Polygon", "coordinates": [ [ [ -123.099949155526275, 49.272861198218536 ], [ -123.100114859745474, 49.272890914255221 ], [ -123.101197042986442, 49.273055107330684 ], [ -123.101498885108498, 49.273053050647448 ], [ -123.101650641156709, 49.273052007031445 ], [ -123.101646823865536, 49.273018433237112 ], [ -123.101637331668428, 49.272935430571678 ], [ -123.101850876593957, 49.272994394581801 ], [ -123.102007442358385, 49.27303762910239 ], [ -123.102356500601275, 49.27287045957668 ], [ -123.102941238111796, 49.272702300338935 ], [ -123.102966338446848, 49.272485812448565 ], [ -123.103131157538073, 49.27236911005042 ], [ -123.10538564711787, 49.272250811254899 ], [ -123.107049632451378, 49.27227650968041 ], [ -123.107269650192038, 49.272185302379015 ], [ -123.107529635555835, 49.271897622469197 ], [ -123.107736540450972, 49.271978817947115 ], [ -123.107710052333942, 49.272193905609747 ], [ -123.107846444721702, 49.272337694619829 ], [ -123.1084393583901, 49.272400418909534 ], [ -123.109772232394704, 49.272390419842679 ], [ -123.110047542630554, 49.272336316069904 ], [ -123.110432228855217, 49.272128401030706 ], [ -123.110527528997466, 49.272290715029214 ], [ -123.110734461358845, 49.272272208801489 ], [ -123.111282342384683, 49.271938917201794 ], [ -123.111462967783567, 49.272047213848971 ], [ -123.111970935916361, 49.271983117561248 ], [ -123.112148839527308, 49.27186630171974 ], [ -123.111696167485093, 49.271768014064797 ], [ -123.111845644487516, 49.271651319776169 ], [ -123.112450250612, 49.271578619303703 ], [ -123.11262942520618, 49.271685409720106 ], [ -123.11294593843715, 49.271685410750763 ], [ -123.114484033784436, 49.271315098525378 ], [ -123.114789949551806, 49.271152789392303 ], [ -123.114835412110097, 49.269397909415375 ], [ -123.114820735561381, 49.268352594576314 ], [ -123.114815464666634, 49.268062515483713 ], [ -123.114813508513464, 49.267941664807196 ], [ -123.114809230537048, 49.267675913000637 ], [ -123.114805263919877, 49.267402527573232 ], [ -123.114795425936506, 49.266727014600782 ], [ -123.114791827052045, 49.266608897628721 ], [ -123.114776292278123, 49.266171888998045 ], [ -123.114765317974062, 49.265862896792584 ], [ -123.114762753168066, 49.265790908849667 ], [ -123.114748324786916, 49.26538550911318 ], [ -123.114750127033417, 49.265306216696089 ], [ -123.11475843419494, 49.26493631373755 ], [ -123.114758577918323, 49.264927221922626 ], [ -123.114759456651356, 49.264873511857878 ], [ -123.114771278209744, 49.264150522729416 ], [ -123.114773125409286, 49.264037704935475 ], [ -123.114773396067704, 49.264028714682823 ], [ -123.114794430339359, 49.263209607915286 ], [ -123.114795156992258, 49.263200574898519 ], [ -123.114872363863086, 49.262243418875585 ], [ -123.114872685457016, 49.262234382221692 ], [ -123.114937459039638, 49.260401338603089 ], [ -123.114952305329197, 49.259898694735632 ], [ -123.114958559815619, 49.259686718407515 ], [ -123.115025863543593, 49.259598430791421 ], [ -123.115028221542261, 49.259449882499979 ], [ -123.115037749100594, 49.258743896279753 ], [ -123.115045473508872, 49.258289509259285 ], [ -123.115053257119172, 49.257832797781532 ], [ -123.115061569035802, 49.257344899985355 ], [ -123.115068837871775, 49.256918905862392 ], [ -123.114556837364958, 49.256913417499035 ], [ -123.114398541617689, 49.256901772626087 ], [ -123.11355592852145, 49.256839809594609 ], [ -123.113188252759528, 49.256833499922479 ], [ -123.112502229936439, 49.256820608067422 ], [ -123.111198739091321, 49.256797401637854 ], [ -123.10971493992011, 49.256759414087568 ], [ -123.107122939695898, 49.256693612074784 ], [ -123.105185146590927, 49.256645207842901 ], [ -123.104962818067804, 49.256641004268289 ], [ -123.103258630259177, 49.256612415856345 ], [ -123.10205526803243, 49.256595801671601 ], [ -123.101253537174202, 49.25658472399563 ], [ -123.100674337296041, 49.256578102785831 ], [ -123.098454923226086, 49.256550919005107 ], [ -123.097790550985295, 49.256540963044237 ], [ -123.09751560339086, 49.256536845546478 ], [ -123.096492532405136, 49.256521511715597 ], [ -123.093803143948492, 49.256476092399879 ], [ -123.093645883737736, 49.256473473130228 ], [ -123.091860110891901, 49.256443611890219 ], [ -123.090649879526651, 49.256422906481617 ], [ -123.08985005268589, 49.256409203805816 ], [ -123.089801815266796, 49.256696208075148 ], [ -123.089728436677404, 49.2568365051496 ], [ -123.089456131790044, 49.257169623571585 ], [ -123.089095285733507, 49.257155381265015 ], [ -123.087441953334078, 49.257090116746689 ], [ -123.087225420160152, 49.257081513072642 ], [ -123.085533321858804, 49.257013305314835 ], [ -123.085334735337014, 49.257004308874137 ], [ -123.08391515933944, 49.256947666450294 ], [ -123.083587727191585, 49.256934605089697 ], [ -123.083395919782717, 49.256926703485384 ], [ -123.081703815309766, 49.256858407291226 ], [ -123.081506538202504, 49.256850403006339 ], [ -123.079796652464168, 49.256781618288976 ], [ -123.077841438682142, 49.256702617547987 ], [ -123.07763192534361, 49.256692383118335 ], [ -123.077623852383482, 49.25734934907333 ], [ -123.077617919928187, 49.257829727353304 ], [ -123.07708661087085, 49.257826098429 ], [ -123.076935754439063, 49.257822025936527 ], [ -123.076945475114655, 49.257828423518873 ], [ -123.07715992626062, 49.257969506001096 ], [ -123.077397253669076, 49.258237114199197 ], [ -123.077493910519948, 49.258490209509375 ], [ -123.077498642068733, 49.258742504572297 ], [ -123.077498508294397, 49.258815849452731 ], [ -123.077498073460291, 49.259166428440395 ], [ -123.077497435171949, 49.259634199400807 ], [ -123.077496892150677, 49.260065959142295 ], [ -123.077496318098753, 49.260524204727204 ], [ -123.0774963239828, 49.260533270175273 ], [ -123.077495840262188, 49.260983495684926 ], [ -123.077495804495243, 49.260994966838233 ], [ -123.077495395305206, 49.261347055945741 ], [ -123.077495366074103, 49.261411413756768 ], [ -123.077496420529172, 49.262397785828171 ], [ -123.077496155514623, 49.262489633791304 ], [ -123.07756292950755, 49.262585126843369 ], [ -123.077555074499486, 49.262882092254074 ], [ -123.077543015190614, 49.263337622492479 ], [ -123.077502644834894, 49.264240024279104 ], [ -123.077489853095884, 49.264447339674071 ], [ -123.077477169142895, 49.264653422084379 ], [ -123.077444740110664, 49.265180601497804 ], [ -123.077437153983695, 49.265678889567013 ], [ -123.077434751995213, 49.265836010195919 ], [ -123.077434390185928, 49.265858761620038 ], [ -123.077430546104139, 49.266110709022257 ], [ -123.077427625962144, 49.266302503637412 ], [ -123.077423735947164, 49.266931114976963 ], [ -123.077395744477556, 49.267855410359118 ], [ -123.077398420410319, 49.268354051811798 ], [ -123.077400638002089, 49.26875990113907 ], [ -123.077381325258585, 49.269654722241881 ], [ -123.078466184979675, 49.269665325499659 ], [ -123.078834131164342, 49.26966891072933 ], [ -123.079854478809182, 49.269680215602989 ], [ -123.080074355292226, 49.269682646372047 ], [ -123.080280704048008, 49.269684936807955 ], [ -123.080734211146009, 49.269689943014015 ], [ -123.081426380281229, 49.269697569921441 ], [ -123.08167602634056, 49.269704312698515 ], [ -123.081775192197284, 49.269719673109222 ], [ -123.081802831916605, 49.26972394510787 ], [ -123.082387673861405, 49.269814524892368 ], [ -123.082512709783998, 49.269880059399398 ], [ -123.083761071754651, 49.270096969530549 ], [ -123.084864082377564, 49.270288594802473 ], [ -123.087436526615448, 49.2707426234658 ], [ -123.089498919611515, 49.271091476062942 ], [ -123.090816833350033, 49.271314409742693 ], [ -123.093334553880709, 49.271740200352085 ], [ -123.094456954810312, 49.271917324694208 ], [ -123.095483118058908, 49.272097019316064 ], [ -123.097717137752554, 49.272488182058396 ], [ -123.098121809716659, 49.272559022330164 ], [ -123.098445110416023, 49.272615636104611 ], [ -123.098632337403274, 49.272648409201373 ], [ -123.099268200548835, 49.272751160300473 ], [ -123.099949155526275, 49.272861198218536 ] ] ] } },
{ "type": "Feature", "properties": { "CMNTY_HLTH_SERV_AREA_CODE": "3253", "CMNTY_HLTH_SERV_AREA_NAME": "South Cambie/Riley Park", "LOCAL_HLTH_AREA_CODE": "325", "LOCAL_HLTH_AREA_NAME": "Vancouver - Midtown", "HLTH_AUTHORITY_CODE": "3", "HLTH_AUTHORITY_NAME": "Vancouver Coastal", "OBJECTID": 1638, "CityOverlapShare": 0.99999999999999922, "VancouverCityIncluded": true }, "geometry": { "type": "Polygon", "coordinates": [ [ [ -123.115068837871775, 49.256918905862392 ], [ -123.11601885396253, 49.256928105778456 ], [ -123.118143649537316, 49.256951610491157 ], [ -123.119400434836479, 49.256974431673434 ], [ -123.120144018391045, 49.25698791073274 ], [ -123.120128583046821, 49.257421567459993 ], [ -123.120118024605446, 49.257716812219449 ], [ -123.122067352056547, 49.257737306071988 ], [ -123.124376445865096, 49.257779901092299 ], [ -123.127052547458234, 49.257819691142608 ], [ -123.127198554245382, 49.257612807868249 ], [ -123.12722613637473, 49.257122598938594 ], [ -123.12724601650217, 49.256693105454531 ], [ -123.127266941437341, 49.256241894658963 ], [ -123.127272750909526, 49.256081710606885 ], [ -123.127305561967276, 49.255330514740614 ], [ -123.127345530925069, 49.254418227315192 ], [ -123.127363800135711, 49.253994726925484 ], [ -123.12738364884288, 49.253535613138276 ], [ -123.127403249413817, 49.253104150803203 ], [ -123.127425039438776, 49.252624203341725 ], [ -123.127444465733447, 49.252177927465191 ], [ -123.127464136375082, 49.251725412900598 ], [ -123.12748209172571, 49.25134131300026 ], [ -123.127506130252115, 49.250825812961594 ], [ -123.127518682278193, 49.250018697161316 ], [ -123.127529157260312, 49.249344614070999 ], [ -123.127525231415461, 49.249141906699755 ], [ -123.127554414229508, 49.248659840136682 ], [ -123.127584927305406, 49.248155317707386 ], [ -123.127615943325054, 49.247232011839102 ], [ -123.12767833309276, 49.246312209081076 ], [ -123.127665547652001, 49.245410208234489 ], [ -123.127674965622091, 49.244504308921492 ], [ -123.127684250924673, 49.244166832471088 ], [ -123.127689232490908, 49.243986848206525 ], [ -123.127700355261538, 49.243583510852851 ], [ -123.127808723367735, 49.24238650368914 ], [ -123.127839621410828, 49.241443305107119 ], [ -123.127854046150148, 49.241013934701662 ], [ -123.127871278731902, 49.240501039697151 ], [ -123.127904852623487, 49.239502659421262 ], [ -123.127937083851776, 49.238543018154097 ], [ -123.127966928123996, 49.237654507824743 ], [ -123.127995143572917, 49.236755400420911 ], [ -123.128073752699322, 49.234465410203491 ], [ -123.128089324440367, 49.234012343106066 ], [ -123.128068209982501, 49.234011577208229 ], [ -123.123940932144507, 49.233867962433727 ], [ -123.123890423289708, 49.233866211771115 ], [ -123.122393739815749, 49.233825403099786 ], [ -123.121253218558067, 49.233788778379456 ], [ -123.120896241272476, 49.233777304174389 ], [ -123.119406835841389, 49.23372850609546 ], [ -123.117879932824081, 49.233666111195603 ], [ -123.116377123110567, 49.233614208704836 ], [ -123.116033321069423, 49.23360139610697 ], [ -123.115331368541973, 49.233572048186055 ], [ -123.113545040707606, 49.233497335991203 ], [ -123.113465813484936, 49.233494006407994 ], [ -123.112671840666636, 49.233457421709915 ], [ -123.112496999112849, 49.233398702144768 ], [ -123.112089935207294, 49.233387802259145 ], [ -123.110781338252465, 49.233347304493783 ], [ -123.108151126753597, 49.233255217036245 ], [ -123.10562679838938, 49.233160474594058 ], [ -123.10441737694768, 49.23313700626867 ], [ -123.104181047394377, 49.233183821777097 ], [ -123.103728703792925, 49.233172561541842 ], [ -123.102198566857197, 49.233137749669609 ], [ -123.101535174302967, 49.233122621785917 ], [ -123.100017509530019, 49.233088104222773 ], [ -123.099563479508447, 49.233082227293352 ], [ -123.098617665371961, 49.233058582042283 ], [ -123.098464120418811, 49.233055341499274 ], [ -123.098336552681772, 49.233009588832701 ], [ -123.097221314814746, 49.232994869598556 ], [ -123.095648639159066, 49.23296324771168 ], [ -123.094574943677898, 49.2329416218208 ], [ -123.094481903432069, 49.232939351828414 ], [ -123.094454506837224, 49.232938680290651 ], [ -123.09416592904725, 49.23293168247411 ], [ -123.094056184661568, 49.232929020526619 ], [ -123.093877351344233, 49.232924683885649 ], [ -123.093215139267755, 49.232908591567686 ], [ -123.0930571399836, 49.232954807409648 ], [ -123.092116045767398, 49.232943036243761 ], [ -123.092088609061406, 49.232942698118102 ], [ -123.092033685502486, 49.232942011485548 ], [ -123.090564527453921, 49.232923608369234 ], [ -123.090554826765342, 49.233826397305144 ], [ -123.090544611523455, 49.234774211646716 ], [ -123.0905101247548, 49.235696498956202 ], [ -123.090478238304541, 49.23655592057424 ], [ -123.090463010321201, 49.236966327436839 ], [ -123.090460215393918, 49.237041013937429 ], [ -123.090411317994878, 49.238324213510779 ], [ -123.090406842686463, 49.23880092355801 ], [ -123.090392739635192, 49.240308126148243 ], [ -123.090376211391643, 49.240856207518711 ], [ -123.090349146476555, 49.241725705357958 ], [ -123.090335426710624, 49.242600915432654 ], [ -123.090320702543579, 49.243537301692271 ], [ -123.090290121236649, 49.244572313041743 ], [ -123.090286058804125, 49.244747018515106 ], [ -123.090226247990856, 49.24554800657166 ], [ -123.090209630516554, 49.246623915644875 ], [ -123.090181627929027, 49.247616716638881 ], [ -123.090170719347739, 49.24866771595967 ], [ -123.090155721584608, 49.249191512725389 ], [ -123.090133226792545, 49.250098010544647 ], [ -123.090093634481434, 49.251013905780241 ], [ -123.090074922309213, 49.251902406721918 ], [ -123.09000760945942, 49.252800509250811 ], [ -123.089976848769581, 49.253731108059121 ], [ -123.089968032817723, 49.254637906574281 ], [ -123.089929342588746, 49.255538510590952 ], [ -123.08985005268589, 49.256409203805816 ], [ -123.090649879526651, 49.256422906481617 ], [ -123.091860110891901, 49.256443611890219 ], [ -123.093645883737736, 49.256473473130228 ], [ -123.093803143948492, 49.256476092399879 ], [ -123.096492532405136, 49.256521511715597 ], [ -123.09751560339086, 49.256536845546478 ], [ -123.097790550985295, 49.256540963044237 ], [ -123.098454923226086, 49.256550919005107 ], [ -123.100674337296041, 49.256578102785831 ], [ -123.101253537174202, 49.25658472399563 ], [ -123.10205526803243, 49.256595801671601 ], [ -123.103258630259177, 49.256612415856345 ], [ -123.104962818067804, 49.256641004268289 ], [ -123.105185146590927, 49.256645207842901 ], [ -123.107122939695898, 49.256693612074784 ], [ -123.10971493992011, 49.256759414087568 ], [ -123.111198739091321, 49.256797401637854 ], [ -123.112502229936439, 49.256820608067422 ], [ -123.113188252759528, 49.256833499922479 ], [ -123.11355592852145, 49.256839809594609 ], [ -123.114398541617689, 49.256901772626087 ], [ -123.114556837364958, 49.256913417499035 ], [ -123.115068837871775, 49.256918905862392 ] ] ] } },
{ "type": "Feature", "properties": { "CMNTY_HLTH_SERV_AREA_CODE": "3261", "CMNTY_HLTH_SERV_AREA_NAME": "Killarney", "LOCAL_HLTH_AREA_CODE": "326", "LOCAL_HLTH_AREA_NAME": "Vancouver - South", "HLTH_AUTHORITY_CODE": "3", "HLTH_AUTHORITY_NAME": "Vancouver Coastal", "OBJECTID": 1639, "CityOverlapShare": 0.99999117450501429, "VancouverCityIncluded": true }, "geometry": { "type": "Polygon", "coordinates": [ [ [ -123.035235005763766, 49.234808121541988 ], [ -123.035485203316441, 49.234541116113604 ], [ -123.035868621859819, 49.234131926368498 ], [ -123.035945625835964, 49.23417182350908 ], [ -123.03652681872255, 49.233606723080541 ], [ -123.036829615945919, 49.233401625900783 ], [ -123.037455617751291, 49.233144003517424 ], [ -123.038293101602264, 49.23299411540242 ], [ -123.038792453689169, 49.232976222473042 ], [ -123.038806329204277, 49.232975718009484 ], [ -123.039506720235522, 49.232977669113204 ], [ -123.04026691576982, 49.232979820390661 ], [ -123.040280762616504, 49.232979937418506 ], [ -123.04099036468611, 49.232986791657154 ], [ -123.041732316991286, 49.23299390717127 ], [ -123.041746070902335, 49.232993909759429 ], [ -123.04239134729751, 49.232994288645273 ], [ -123.043107927280332, 49.232994725432945 ], [ -123.044528701050297, 49.232998511613545 ], [ -123.044542537842631, 49.232998398109594 ], [ -123.045384415730126, 49.232992223290815 ], [ -123.045501012697741, 49.232950429365665 ], [ -123.04594903235089, 49.23296541718549 ], [ -123.046630376276553, 49.232932090824704 ], [ -123.046658321654931, 49.232930719476023 ], [ -123.047274808377836, 49.232859254794178 ], [ -123.047965320494924, 49.232779228622924 ], [ -123.048799633797969, 49.23276511459278 ], [ -123.048805624504823, 49.232439439443496 ], [ -123.048807312139687, 49.232349487656123 ], [ -123.048813119292149, 49.232034018953179 ], [ -123.048818263308462, 49.231575908054353 ], [ -123.048822819173893, 49.231169504881059 ], [ -123.048830307588986, 49.230703406925073 ], [ -123.048835804134583, 49.230359106295595 ], [ -123.04883570344802, 49.230252817546535 ], [ -123.048841654188365, 49.229812847514907 ], [ -123.048848353351659, 49.229320824779407 ], [ -123.050106420470726, 49.229332711193585 ], [ -123.050128500139635, 49.228913099248388 ], [ -123.050152912745787, 49.228449331310188 ], [ -123.05017666514982, 49.228013425456503 ], [ -123.05020254656246, 49.227539120517321 ], [ -123.050223436670237, 49.227159010272921 ], [ -123.050246908416369, 49.226732210449242 ], [ -123.050269040936413, 49.226331236402636 ], [ -123.05029172245446, 49.22592001583368 ], [ -123.050320070200385, 49.225404949652365 ], [ -123.050321459570483, 49.225379514999439 ], [ -123.050327280723778, 49.225274273972239 ], [ -123.050334695819231, 49.225139534829921 ], [ -123.050337182950614, 49.225094421914925 ], [ -123.050354419407455, 49.224781316549333 ], [ -123.050377923068694, 49.224343257549577 ], [ -123.050406523073477, 49.223810705680407 ], [ -123.050465118037167, 49.222715096208788 ], [ -123.050514033078557, 49.2218796161781 ], [ -123.05055523577343, 49.221080818582166 ], [ -123.050576648518302, 49.220673952556865 ], [ -123.050602220586526, 49.220189300532361 ], [ -123.050594533047772, 49.219790628097314 ], [ -123.050578200983352, 49.218946402077378 ], [ -123.050580019688354, 49.218495998155745 ], [ -123.050581704287225, 49.21807000562081 ], [ -123.050652425422285, 49.21702251883989 ], [ -123.050902904695562, 49.216362707885438 ], [ -123.051423107502785, 49.215734608957753 ], [ -123.051740238616446, 49.215455205318243 ], [ -123.052155326757997, 49.215089465147564 ], [ -123.052280798672527, 49.214978907073608 ], [ -123.052475792566867, 49.214808539811173 ], [ -123.052650472679275, 49.214655942504542 ], [ -123.052762462852215, 49.214558053963202 ], [ -123.053104627254939, 49.214259103290374 ], [ -123.053457265683775, 49.213955321077883 ], [ -123.05406587187197, 49.21343104396729 ], [ -123.054807396640641, 49.21279222050962 ], [ -123.054966133499477, 49.212713711235118 ], [ -123.055132621725335, 49.212706520519347 ], [ -123.055136629977255, 49.212427418772549 ], [ -123.055160723893081, 49.211830803585897 ], [ -123.055381354559486, 49.210211899513205 ], [ -123.055401922009054, 49.2100609024736 ], [ -123.055590319891607, 49.209492222306999 ], [ -123.055898697819103, 49.208934912329042 ], [ -123.056242303639038, 49.208493023202301 ], [ -123.05670432709779, 49.207979516587486 ], [ -123.056860102186064, 49.207578401441836 ], [ -123.056835209363612, 49.207148001115392 ], [ -123.056834871649286, 49.20713797716656 ], [ -123.056832834909827, 49.207077716975398 ], [ -123.056834773847356, 49.20644816699248 ], [ -123.056835614443813, 49.206167930418154 ], [ -123.056808264254911, 49.20583005495974 ], [ -123.05680712288266, 49.205815823693428 ], [ -123.056782044552577, 49.205700640753982 ], [ -123.056771396245168, 49.205682331129012 ], [ -123.056655529605493, 49.205448457903564 ], [ -123.056609632080892, 49.20533501958586 ], [ -123.056602933041034, 49.205299881809403 ], [ -123.056459898260314, 49.204665294494816 ], [ -123.055060260786902, 49.204576373442585 ], [ -123.050684878817876, 49.204576971997518 ], [ -123.047327440617707, 49.204651488486078 ], [ -123.04234103621107, 49.204163276864442 ], [ -123.039891381942482, 49.203780731696938 ], [ -123.029792427896737, 49.201295755504681 ], [ -123.024183478347041, 49.200022392336287 ], [ -123.023154916715612, 49.199750087972944 ], [ -123.023394841996932, 49.201144166350417 ], [ -123.023432767215908, 49.201364524528039 ], [ -123.023443003657107, 49.201479621828753 ], [ -123.023401091222269, 49.202240604309878 ], [ -123.023268734152907, 49.202443311698559 ], [ -123.022951935565828, 49.20261290616245 ], [ -123.023219578625145, 49.202996865577227 ], [ -123.023392122979615, 49.203451170296795 ], [ -123.023417182813048, 49.203938327137962 ], [ -123.023441037124073, 49.20429394407617 ], [ -123.023450205541238, 49.204429316037228 ], [ -123.023397983180928, 49.204537769668534 ], [ -123.02339891378881, 49.205336879417018 ], [ -123.023401493909375, 49.205488364981981 ], [ -123.023401790515891, 49.20550632657168 ], [ -123.023356917858791, 49.206892415031817 ], [ -123.023363639547384, 49.206959530533609 ], [ -123.023428017201837, 49.207601518670444 ], [ -123.023552715846208, 49.208183304367161 ], [ -123.023638549767725, 49.208731757851794 ], [ -123.023715318603024, 49.209222016022494 ], [ -123.023718269244469, 49.209230834075598 ], [ -123.023725734763175, 49.209252905085314 ], [ -123.023682539463181, 49.21204083456292 ], [ -123.023645711606733, 49.212449713580654 ], [ -123.023646735940915, 49.212819525157713 ], [ -123.023646837965245, 49.212856756821196 ], [ -123.02364892017971, 49.213595000121316 ], [ -123.023649517158148, 49.213809247496684 ], [ -123.023649601974995, 49.213838588928944 ], [ -123.023649706082509, 49.213874567500923 ], [ -123.023652296011747, 49.214800227671368 ], [ -123.023652322025285, 49.214809222526206 ], [ -123.023652365906557, 49.21483447019915 ], [ -123.023654710451055, 49.215736442397507 ], [ -123.023656996597254, 49.216617633579467 ], [ -123.023657240919249, 49.216707614767934 ], [ -123.023659225843119, 49.21747941226365 ], [ -123.023659941376749, 49.217753268252416 ], [ -123.023660151964023, 49.217843261866321 ], [ -123.023661435381655, 49.218333682487021 ], [ -123.023661509298009, 49.218360988395368 ], [ -123.02366168103373, 49.218423664377546 ], [ -123.023663831327269, 49.219258901302695 ], [ -123.023663972915585, 49.219312903895073 ], [ -123.023666022436061, 49.220092495145288 ], [ -123.023666164077085, 49.22015529805153 ], [ -123.023668304738749, 49.220984132892802 ], [ -123.023627608285793, 49.221931840539938 ], [ -123.023626515323414, 49.221956728644201 ], [ -123.023516228226754, 49.222735609656596 ], [ -123.023525229451138, 49.223065612124309 ], [ -123.023510853162179, 49.223248847671137 ], [ -123.023510130825855, 49.223258017232276 ], [ -123.023499590493927, 49.224643214880587 ], [ -123.023496561697215, 49.225035117059576 ], [ -123.023495214664834, 49.225204303746906 ], [ -123.023539110352885, 49.226382028027089 ], [ -123.023526417933056, 49.22794965038652 ], [ -123.023525210782452, 49.22809862540683 ], [ -123.023527504333714, 49.229240012023816 ], [ -123.023530401025681, 49.229451633310319 ], [ -123.023533609743637, 49.229685496643313 ], [ -123.02354610813029, 49.230599008155536 ], [ -123.023513804916817, 49.230757064869771 ], [ -123.023510208197976, 49.230774726410466 ], [ -123.023492108242181, 49.230863220969702 ], [ -123.023491929483697, 49.232291083617412 ], [ -123.023491905765255, 49.232300125505802 ], [ -123.023615800436104, 49.232294514616548 ], [ -123.023629619876374, 49.232293943896046 ], [ -123.024858919517698, 49.232243234317117 ], [ -123.025093011203694, 49.232231634067652 ], [ -123.025946811518864, 49.232191211358924 ], [ -123.026497420120862, 49.232168624759652 ], [ -123.02815871513414, 49.232103626083443 ], [ -123.02928260954269, 49.232047207403554 ], [ -123.030617516234202, 49.231976730352379 ], [ -123.031266828961222, 49.232021608024446 ], [ -123.03176122316512, 49.23212531215615 ], [ -123.031786592765059, 49.232132857701309 ], [ -123.032131726492281, 49.232235509529836 ], [ -123.032511926794839, 49.232409026661898 ], [ -123.032115692022742, 49.232810897943828 ], [ -123.031628123608755, 49.233305427527533 ], [ -123.03233397869802, 49.233599512091416 ], [ -123.035235005763766, 49.234808121541988 ] ] ] } },
{ "type": "Feature", "properties": { "CMNTY_HLTH_SERV_AREA_CODE": "3262", "CMNTY_HLTH_SERV_AREA_NAME": "Oakridge/Marpole", "LOCAL_HLTH_AREA_CODE": "326", "LOCAL_HLTH_AREA_NAME": "Vancouver - South", "HLTH_AUTHORITY_CODE": "3", "HLTH_AUTHORITY_NAME": "Vancouver Coastal", "OBJECTID": 1640, "CityOverlapShare": 0.99951509593045063, "VancouverCityIncluded": true }, "geometry": { "type": "Polygon", "coordinates": [ [ [ -123.128890242150035, 49.233924110917705 ], [ -123.130397676999834, 49.233981937260403 ], [ -123.130541427195922, 49.233988446748413 ], [ -123.130693591566654, 49.234036630772998 ], [ -123.131867566039574, 49.234078687664436 ], [ -123.132573130953816, 49.234101903712521 ], [ -123.133371836654348, 49.234130406030737 ], [ -123.134084471763799, 49.23415457476171 ], [ -123.134840438048315, 49.234180199915947 ], [ -123.135648980098878, 49.234208180990962 ], [ -123.136406344724705, 49.234234412363321 ], [ -123.137218750957928, 49.234262309485395 ], [ -123.13800932510253, 49.234287793388077 ], [ -123.138767882255493, 49.234316331313813 ], [ -123.139639352362295, 49.234349107374676 ], [ -123.139608132697418, 49.232471913258642 ], [ -123.139678558465022, 49.230637109810964 ], [ -123.139717345998164, 49.229696800226378 ], [ -123.139751745189898, 49.22878081364437 ], [ -123.139789427930182, 49.227902616703567 ], [ -123.139806490484702, 49.227470602966015 ], [ -123.13982613925188, 49.226972201807605 ], [ -123.139917428597556, 49.224752474982452 ], [ -123.139944832662479, 49.224086501645743 ], [ -123.139963251961277, 49.223521303904263 ], [ -123.140005021737124, 49.222618994558914 ], [ -123.14003086684437, 49.22170984885873 ], [ -123.140074714162523, 49.220819240254812 ], [ -123.140120133347793, 49.219903436626943 ], [ -123.140145384233634, 49.219337513107448 ], [ -123.140856628630502, 49.219355497543205 ], [ -123.143821938620533, 49.219430494523387 ], [ -123.145321137100296, 49.219423303088718 ], [ -123.146818616233347, 49.219442302278168 ], [ -123.147515230243556, 49.219449854967714 ], [ -123.148265642984256, 49.219458010225786 ], [ -123.148279096716436, 49.219031997315057 ], [ -123.148293438464265, 49.218580501010678 ], [ -123.148310481003662, 49.218186104552423 ], [ -123.148329231661478, 49.217751817619963 ], [ -123.148327422325323, 49.217323317233358 ], [ -123.148326889804054, 49.217188393279976 ], [ -123.148325738438857, 49.216914900224495 ], [ -123.148297034102072, 49.216555606896726 ], [ -123.148255001126415, 49.216478125249147 ], [ -123.148404938471785, 49.216384816683153 ], [ -123.148512226350533, 49.216068602169123 ], [ -123.148493172614806, 49.216014647179641 ], [ -123.148409351981797, 49.215777604231448 ], [ -123.148432726394773, 49.215083700038036 ], [ -123.148451396396808, 49.214597379341548 ], [ -123.148469350164078, 49.214129891989508 ], [ -123.148494048236543, 49.213280203080544 ], [ -123.148551645944266, 49.21196198646485 ], [ -123.148572737669426, 49.211505913181213 ], [ -123.148594274459541, 49.211027517959081 ], [ -123.148610357848455, 49.210671006156481 ], [ -123.148616736617583, 49.210542088244765 ], [ -123.148656548873177, 49.209738994693232 ], [ -123.148727415662592, 49.209477799975261 ], [ -123.148274732362992, 49.209052387769582 ], [ -123.14875804495226, 49.208814847043335 ], [ -123.148888749598214, 49.208750594565672 ], [ -123.148973955017397, 49.208466865988719 ], [ -123.149024879990179, 49.208297257861524 ], [ -123.149129390812078, 49.207949320926033 ], [ -123.14924222077704, 49.207573611470252 ], [ -123.149356841047734, 49.207494701225777 ], [ -123.149270973442157, 49.207427255299862 ], [ -123.149486723452881, 49.20632901816353 ], [ -123.149543762580748, 49.206038661959099 ], [ -123.14966267387166, 49.205433328331175 ], [ -123.149727127567942, 49.20510521069783 ], [ -123.147438371887191, 49.204546207043137 ], [ -123.142082089819382, 49.202346433233721 ], [ -123.139242758934472, 49.200428354667089 ], [ -123.136644956752207, 49.199140489279522 ], [ -123.132438316719941, 49.198540501652658 ], [ -123.126827503853931, 49.199353693716709 ], [ -123.125846563677911, 49.200130324233136 ], [ -123.125801602473274, 49.200149749249455 ], [ -123.117337525206096, 49.203805909587302 ], [ -123.116578806558948, 49.203982749214127 ], [ -123.115985694445996, 49.204094755306734 ], [ -123.113521479586069, 49.204766566126416 ], [ -123.101575865273531, 49.204090102466111 ], [ -123.102289485598121, 49.204757754960276 ], [ -123.102473396759095, 49.204929816141053 ], [ -123.102485710914706, 49.205179016846657 ], [ -123.102442341302108, 49.206975009962513 ], [ -123.102437518948221, 49.207127323152818 ], [ -123.102433940673478, 49.207241413574643 ], [ -123.105017193470815, 49.207023223271165 ], [ -123.106867312576213, 49.206866906114094 ], [ -123.106738116929108, 49.209446903761489 ], [ -123.10659120953899, 49.212289602602795 ], [ -123.106588732873703, 49.212341847324275 ], [ -123.106586345569625, 49.212391203726668 ], [ -123.106550169825468, 49.212900007853143 ], [ -123.106519716901687, 49.213328109128 ], [ -123.106447828828024, 49.214218019897309 ], [ -123.106394028359119, 49.215081300643625 ], [ -123.106248513973767, 49.215940414741368 ], [ -123.10619622815976, 49.216823607582114 ], [ -123.106136928411999, 49.217731799347668 ], [ -123.106133468908141, 49.218242152428779 ], [ -123.106131218013715, 49.218572115089309 ], [ -123.106131882576051, 49.218746076804287 ], [ -123.106134243016413, 49.219359510451106 ], [ -123.106093221545649, 49.220237599972606 ], [ -123.106111929317137, 49.221149700821769 ], [ -123.106054921830363, 49.221812718528042 ], [ -123.106037141044965, 49.222019592275025 ], [ -123.106020312270559, 49.222631561045304 ], [ -123.106012350034248, 49.222923405783476 ], [ -123.105990030574063, 49.223431773098852 ], [ -123.10597821307195, 49.223701671416521 ], [ -123.105973222825114, 49.223815012047559 ], [ -123.105950646178783, 49.224331080818821 ], [ -123.105943167139912, 49.224501834477252 ], [ -123.105931025935462, 49.22477951557817 ], [ -123.105922203049971, 49.225294383616585 ], [ -123.105914345914357, 49.225751119953131 ], [ -123.105882236312723, 49.226750994564448 ], [ -123.105842525856517, 49.227673198982771 ], [ -123.105853968266487, 49.228119825977913 ], [ -123.105865334844921, 49.228563796891919 ], [ -123.105809879204614, 49.229015633075605 ], [ -123.105756520227004, 49.229450026450969 ], [ -123.105736035461547, 49.229943705642874 ], [ -123.105718229822671, 49.230372295014547 ], [ -123.105690921763454, 49.230985909776116 ], [ -123.105678951751585, 49.231289108548459 ], [ -123.105669028927778, 49.23171219855201 ], [ -123.105655933185702, 49.232202009159593 ], [ -123.105655627564687, 49.232212702316552 ], [ -123.105639335035647, 49.232629304444032 ], [ -123.10562679838938, 49.233160474594058 ], [ -123.108151126753597, 49.233255217036245 ], [ -123.110781338252465, 49.233347304493783 ], [ -123.112089935207294, 49.233387802259145 ], [ -123.112496999112849, 49.233398702144768 ], [ -123.112671840666636, 49.233457421709915 ], [ -123.113465813484936, 49.233494006407994 ], [ -123.113545040707606, 49.233497335991203 ], [ -123.115331368541973, 49.233572048186055 ], [ -123.116033321069423, 49.23360139610697 ], [ -123.116377123110567, 49.233614208704836 ], [ -123.117879932824081, 49.233666111195603 ], [ -123.119406835841389, 49.23372850609546 ], [ -123.120896241272476, 49.233777304174389 ], [ -123.121253218558067, 49.233788778379456 ], [ -123.122393739815749, 49.233825403099786 ], [ -123.123890423289708, 49.233866211771115 ], [ -123.123940932144507, 49.233867962433727 ], [ -123.128068209982501, 49.234011577208229 ], [ -123.128089324440367, 49.234012343106066 ], [ -123.128091306749695, 49.233961482360492 ], [ -123.12809391816252, 49.233893573203019 ], [ -123.128890242150035, 49.233924110917705 ] ] ] } }
]
}
