{"type":"FeatureCollection","features":[{"type":"Feature","id":1623,"geometry":{"type":"Polygon","coordinates":[[[-123.11647092112933,49.272544837588846],[-123.1172421167886,49.273366640559992],[-123.1173087517432,49.273418204268104],[-123.11710644412472,49.274197305539758],[-123.11753403206968,49.274458194343083],[-123.11888673069315,49.274624911081226],[-123.11921930024488,49.274624820068638],[-123.11813610055978,49.275980318170042],[-123.11804708642644,49.276041874811725],[-123.11795226570389,49.27610870319166],[-123.11791792811668,49.276218582329498],[-123.11664048623399,49.277116706121006],[-123.11660259238512,49.277173343647441],[-123.11543891511145,49.277919693373988],[-123.11520525526406,49.278069593575111],[-123.11497802958256,49.27821531476085],[-123.11329283255293,49.2793268151948],[-123.11427144777461,49.279942915096548],[-123.11522113697487,49.28058171447779],[-123.1157659094348,49.280933776608421],[-123.11620674426889,49.281218704798192],[-123.11447066139863,49.282373015350039],[-123.11338320147452,49.283090164343676],[-123.11287985874512,49.283422111582652],[-123.1124449850721,49.283708739953781],[-123.1119238574223,49.284052210919249],[-123.1114486155447,49.284369963149203],[-123.11093424605237,49.284713916452809],[-123.11090679944623,49.284708704530793],[-123.10883834444057,49.284316407219052],[-123.10869106244239,49.284650304978975],[-123.10874345582106,49.284972781346035],[-123.1087728835444,49.28519132519726],[-123.10880129898325,49.28540252265249],[-123.10882802852583,49.285600864932071],[-123.10885776927988,49.285821807407522],[-123.10888834987361,49.286048903435599],[-123.10873850472687,49.286283175229315],[-123.10903199580555,49.286231769257419],[-123.10954379011108,49.286369457935351],[-123.10941345646587,49.286439791848416],[-123.10942073292478,49.286515984237724],[-123.10887967189734,49.286706691030155],[-123.10894684771553,49.286805137117085],[-123.10897786843809,49.286840204714075],[-123.10931434250853,49.286706788861444],[-123.10935153104531,49.286771679219498],[-123.10887890288812,49.286939448602709],[-123.1089179834334,49.286973989845279],[-123.10871174602023,49.287057693466792],[-123.1087497029917,49.2871378040971],[-123.10881703584221,49.287171799492441],[-123.10904710752354,49.28710748757689],[-123.10911718386646,49.287137340912942],[-123.1094869981786,49.287036436697591],[-123.10955006484457,49.287004424087677],[-123.10958056969339,49.287038736389363],[-123.10924580922455,49.287172198928701],[-123.10931350289896,49.287271400730731],[-123.10987789719086,49.28703924778636],[-123.109947224156,49.287137777736135],[-123.11104598814779,49.286737376100682],[-123.11167508852594,49.286972407325258],[-123.11164874804614,49.28707297311076],[-123.11291521755953,49.287538341625236],[-123.11186989406818,49.287944104955827],[-123.10898589791479,49.288970051069292],[-123.10897787362683,49.289071996408914],[-123.10988135694275,49.289313094105218],[-123.11051883956981,49.289469703173758],[-123.11386215558574,49.288284105779681],[-123.1144785271203,49.288038086951943],[-123.11542656298666,49.288341767161704],[-123.11641729922229,49.288606663313239],[-123.11562391914849,49.288900956575979],[-123.11541744869118,49.28877051195839],[-123.1152808765372,49.288839200706931],[-123.1154169028502,49.288972593208221],[-123.1149121185793,49.289206295062257],[-123.11444955738904,49.289376003808172],[-123.11447742034245,49.289468548323065],[-123.11467235727288,49.28947235168058],[-123.11487309541199,49.289439898691469],[-123.11541704667239,49.289274051411546],[-123.11581089174302,49.289534885553373],[-123.11537991725066,49.289705115873339],[-123.11551496103988,49.289836229091648],[-123.11555599075426,49.289800164808959],[-123.11593753983053,49.289612889137949],[-123.11650786333487,49.289441325156723],[-123.11678006124109,49.289442068364309],[-123.11734962823191,49.289503831512874],[-123.11765798348249,49.289506858236251],[-123.11803771337374,49.289440276921113],[-123.11865521768772,49.289438849309242],[-123.11888703514501,49.289500288850434],[-123.11914803893744,49.289537196843305],[-123.11914850963993,49.289640226378744],[-123.11891252012315,49.289705141995626],[-123.11891168997352,49.289773798423475],[-123.11961394868821,49.28967093962337],[-123.11988145272154,49.289873134104432],[-123.12078000824489,49.289872942379468],[-123.12084508667844,49.289933189978349],[-123.1209722658098,49.290002634949737],[-123.12112595109731,49.290040644950935],[-123.12152486111937,49.290208724334768],[-123.1217136563918,49.290273506922553],[-123.12233089413043,49.290278877310961],[-123.12254201826407,49.290303035654162],[-123.12301757113869,49.290437900997489],[-123.12325629888987,49.290542408909843],[-123.12365153117526,49.290704549084964],[-123.12387792990619,49.290704724301357],[-123.12414090060511,49.29059656340344],[-123.12456861535779,49.290453693413319],[-123.12482630179687,49.290407172696298],[-123.12510473513693,49.290406940339835],[-123.1255510453088,49.290472185236929],[-123.1262299842757,49.290548219683259],[-123.12646306558558,49.29064798455591],[-123.12688431508222,49.290906917409039],[-123.12705691211465,49.290841652630796],[-123.12784519288199,49.291372133639641],[-123.12811266036373,49.291436948065801],[-123.12831828862033,49.291307312539139],[-123.12844440082294,49.2914994296437],[-123.12829459437096,49.291629203429473],[-123.12854500643026,49.291785764561112],[-123.12868565468025,49.291673419474073],[-123.12878512466835,49.291704211162831],[-123.12866329463188,49.291852804446954],[-123.12841315392514,49.291989691837664],[-123.12829486708971,49.292064565194508],[-123.12818669034084,49.292168882605921],[-123.12812137080341,49.292291887973988],[-123.12810815461096,49.292379857667342],[-123.12805151772939,49.292471071509247],[-123.12791088554559,49.292528775554928],[-123.12779508868763,49.292629097952982],[-123.12778463416672,49.292737889425737],[-123.12794277446014,49.292839566042815],[-123.1281276799341,49.29292859064099],[-123.12877477591447,49.293152111310974],[-123.12895486359854,49.293239110315952],[-123.12910327618333,49.293362796029371],[-123.12927310736143,49.293404002568408],[-123.12968383276676,49.29334062626689],[-123.13014998850996,49.293073866354149],[-123.13005050032911,49.29300438275672],[-123.13058707155035,49.292640303658615],[-123.13083647946115,49.292828333921761],[-123.13108942840019,49.292945804599292],[-123.13121352289566,49.293035854319825],[-123.13133712272787,49.293098495293762],[-123.13149111290709,49.293106850810013],[-123.13193623734585,49.293333581904513],[-123.13225130915828,49.293573166960179],[-123.13227304923024,49.293573324585097],[-123.13237889464277,49.293634155215777],[-123.13246831541798,49.293571986332175],[-123.13258896970102,49.29348098881114],[-123.13252874357235,49.293449916262183],[-123.13279575167762,49.293268313296004],[-123.13310994107783,49.293054608831945],[-123.13345631369224,49.292818487556659],[-123.1337342533503,49.292628996910231],[-123.13212974413038,49.291611816137092],[-123.1306127525506,49.290580797871421],[-123.13009221390145,49.290236218382496],[-123.12941774941142,49.289789701200505],[-123.12823996908369,49.289010809586351],[-123.12688907248524,49.288141719330142],[-123.12534565990994,49.287141413703978],[-123.1231475396668,49.285729109688305],[-123.12111245683965,49.284414715398817],[-123.1216812628259,49.284020116739725],[-123.12205571483145,49.28377908158636],[-123.12222885613515,49.283667621667242],[-123.12281934473333,49.283287500192813],[-123.1233752714342,49.282924606609676],[-123.12443782567802,49.282230912363104],[-123.12498427515469,49.281886109224573],[-123.12544610738173,49.281589832307795],[-123.12605333854731,49.281200310629629],[-123.12654004778489,49.280865733828044],[-123.12709404055495,49.280484895242061],[-123.12724768783093,49.280382549793138],[-123.12744049797543,49.280254119528891],[-123.12764016437191,49.280121100287452],[-123.12864136292103,49.279454346382792],[-123.12866335608068,49.279439701244854],[-123.12919823953104,49.27908350055408],[-123.12971891200897,49.278745195727609],[-123.13004298682718,49.278534609546803],[-123.13030355755305,49.278365312597067],[-123.13080175093681,49.278042599824445],[-123.13136323536132,49.27767469636894],[-123.13183201226663,49.277366506567475],[-123.13224416325053,49.277095534735409],[-123.13235587863998,49.277066962363229],[-123.13248380366217,49.276998318127994],[-123.13266935655096,49.276908671405074],[-123.13305797524575,49.276782924782275],[-123.13323023822929,49.276727219687956],[-123.13422003157829,49.27639402329303],[-123.13423227103213,49.276389910427298],[-123.13620253879844,49.275756344785989],[-123.13617645836688,49.275725895090531],[-123.13612853579122,49.275701260936422],[-123.13596873439364,49.275619114717045],[-123.13521276768438,49.275781507573903],[-123.13496626758344,49.275727313757244],[-123.13530872833519,49.275493801286416],[-123.13478436213641,49.274926910762623],[-123.13471485378724,49.274558113516271],[-123.13468078448514,49.274527866519882],[-123.13456404493282,49.274424218833502],[-123.13424803753368,49.274415614894089],[-123.13450876840113,49.274199212697241],[-123.13410925160028,49.27419921068082],[-123.13366315379254,49.27391290159153],[-123.13333992250401,49.274128003176898],[-123.13324292667035,49.274056703279697],[-123.13331064424784,49.273669418285301],[-123.13278765639954,49.273291901748848],[-123.13258933696278,49.273010919017672],[-123.13256653658287,49.272978617013521],[-123.13250483585529,49.27293862162422],[-123.13238634946526,49.272861812043381],[-123.13183663359632,49.272780703721558],[-123.13147884892398,49.272565615357301],[-123.13085965229305,49.27260259603343],[-123.13069603639208,49.272475902676433],[-123.13084554728891,49.272359120377025],[-123.13083136094255,49.272215203589013],[-123.13006063956973,49.271793699025807],[-123.13017045076893,49.271658416737679],[-123.1300466499864,49.27152311509866],[-123.12978614380353,49.271524495057939],[-123.12923602126374,49.271785103988698],[-123.12802164484195,49.270904019529318],[-123.12788753309935,49.27080671241719],[-123.12723922946086,49.270546105971206],[-123.12627664177289,49.270484807680326],[-123.12589224521773,49.270278308322979],[-123.12514994194692,49.270665705723928],[-123.12480723613282,49.270665702742399],[-123.12471034151363,49.270494813627472],[-123.12442063147735,49.27045921490565],[-123.12433893006859,49.270288314023048],[-123.12373293935377,49.270225603800078],[-123.12340465904569,49.270438991778022],[-123.12249924950132,49.271027511314919],[-123.12190644926602,49.270776814326034],[-123.12141275411668,49.270857996373614],[-123.12099814900769,49.27066999771349],[-123.12055462147252,49.270899358789791],[-123.12042264976598,49.27096760415683],[-123.11992632859146,49.270869410600085],[-123.11973503580315,49.270967603023344],[-123.11955635285865,49.271085794537825],[-123.11954416570624,49.271256813783424],[-123.1196954463551,49.27138211423226],[-123.11883005453234,49.271958900436999],[-123.1189123573145,49.271994514411382],[-123.11904985725295,49.271894801109362],[-123.11911815696612,49.271958913944779],[-123.11901005787399,49.272102701043202],[-123.11917374018378,49.27200300732985],[-123.11928433874724,49.272065698189522],[-123.11910475216632,49.27217390635478],[-123.11917402526792,49.272209502880933],[-123.11933865890749,49.272119800862718],[-123.11943492471379,49.272165401433575],[-123.11927173345862,49.272317804709147],[-123.11944865159897,49.272191016045127],[-123.11953185230482,49.272236611002953],[-123.1193821402294,49.272407512976372],[-123.11943714583076,49.272587002269496],[-123.11925593203092,49.272712489071694],[-123.11920275409781,49.272749313636993],[-123.11902394661946,49.272722319190827],[-123.11902402283064,49.272534306414514],[-123.11891312884897,49.272525707777675],[-123.11891403288656,49.272696605922597],[-123.11869364012037,49.27269659629971],[-123.11869485083903,49.272453118223332],[-123.11865384359285,49.272705221214117],[-123.11835043844073,49.272705197052638],[-123.11835065579648,49.272390402615848],[-123.11823935280937,49.272390406001065],[-123.11815625063184,49.272156820168902],[-123.1180191313351,49.272175400544512],[-123.11801973712831,49.272661001159804],[-123.11766393394858,49.272661002682696],[-123.11766175429595,49.272400397572504],[-123.11756624682907,49.272391806710182],[-123.11752694918336,49.272652495804643],[-123.11721042924508,49.272652509999141],[-123.11720854364326,49.272337696094162],[-123.11711293570117,49.272329199419318],[-123.11711466354484,49.272698113989591],[-123.11806275863582,49.272696602678984],[-123.11806193406531,49.272786406481828],[-123.11683912935165,49.27277921177572],[-123.11681184975387,49.272562803999392],[-123.11668624912247,49.272545702762407],[-123.11647092112933,49.272544837588846]]]},"properties":{"CMNTY_HLTH_SERV_AREA_CODE":"3211","CMNTY_HLTH_SERV_AREA_NAME":"Downtown Vancouver","LOCAL_HLTH_AREA_CODE":"321","LOCAL_HLTH_AREA_NAME":"Vancouver - City Centre","HLTH_AUTHORITY_CODE":"3","HLTH_AUTHORITY_NAME":"Vancouver Coastal","OBJECTID":1623}},{"type":"Feature","id":1624,"geometry":{"type":"Polygon","coordinates":[[[-123.13237889464277,49.293634155215777],[-123.13251471520539,49.293706580081214],[-123.13265301953574,49.29384022305949],[-123.13297899694547,49.294037506089865],[-123.13314721261739,49.294171366902361],[-123.13361619815349,49.294373229694358],[-123.13371078576073,49.294470632418594],[-123.13374939883312,49.294574424070248],[-123.13368252194729,49.294671778744075],[-123.13374848385662,49.29483305584084],[-123.1342465735181,49.295137373747281],[-123.13474647969427,49.29540221960891],[-123.13478201171604,49.295404244987225],[-123.13531575486493,49.295270727631703],[-123.13558367835101,49.295273413155414],[-123.13568169921621,49.295441294468048],[-123.13568107185877,49.295671372509567],[-123.13561276714279,49.295838062003369],[-123.13541330300629,49.296206375563315],[-123.13528300485082,49.296340241291716],[-123.13515848036742,49.296492138621161],[-123.13498046747227,49.296640238065585],[-123.13444579132701,49.296640332294317],[-123.13448433499654,49.296739586461804],[-123.13404986132531,49.296773862401928],[-123.13391919363052,49.296906965539897],[-123.13365030104062,49.296972221538262],[-123.13327841091068,49.296971230102258],[-123.13297860494933,49.296937338705924],[-123.1324457049249,49.29680425161466],[-123.13218247243245,49.296872342850669],[-123.13178442163728,49.297070530021124],[-123.13161589676751,49.297204204856754],[-123.13142092487618,49.29730181780986],[-123.13124589248503,49.297408883186201],[-123.13105058240335,49.297540831453666],[-123.13081441905216,49.297605024336839],[-123.13051384292606,49.297639384038128],[-123.1302182434909,49.29760525278548],[-123.13001057239238,49.297504598187921],[-123.12988151413199,49.29733587254858],[-123.12978401306698,49.297171522403239],[-123.12964710626788,49.297040812022921],[-123.12944805463069,49.296705278764605],[-123.12931848744019,49.296571478099516],[-123.12914561244557,49.296434480485956],[-123.12897962837187,49.296302659157092],[-123.12880591005835,49.296198884696999],[-123.12861704248731,49.296072723999821],[-123.12844898099374,49.295972951543398],[-123.12811257037866,49.295904098970439],[-123.12783708086458,49.295974155046203],[-123.12764601761626,49.296007727290196],[-123.12758257062409,49.29603584172191],[-123.12741950616632,49.296140425602879],[-123.12728257020487,49.29627352209198],[-123.12718293415509,49.296437300989233],[-123.12701399215548,49.296605825449802],[-123.12691592259412,49.296773803317713],[-123.12678117060284,49.296912731552219],[-123.12664803406351,49.297071450193741],[-123.12647716882209,49.297206749334116],[-123.12631497996261,49.297302622662087],[-123.12572096930975,49.297604046180211],[-123.12518291839864,49.297739018282577],[-123.12448066342786,49.29773882490958],[-123.1241835173419,49.297704140491085],[-123.12398592144665,49.297605371634418],[-123.12398540840707,49.297171037301844],[-123.12391696755429,49.296970081025279],[-123.12392157489867,49.296284412392161],[-123.12403145305987,49.295879907293489],[-123.1239888464882,49.295052410849131],[-123.12410638395244,49.294822778639663],[-123.12425938365178,49.2947023440531],[-123.12441624781442,49.294624043906033],[-123.12456062943426,49.294493924827364],[-123.12455022947864,49.294271621558785],[-123.12429565102885,49.294086904898798],[-123.12390127783678,49.293939512563419],[-123.12358697225875,49.293942458990941],[-123.12297491657768,49.294060245765174],[-123.12264314171999,49.294191717946809],[-123.1223427027049,49.29440421302774],[-123.12214890966339,49.294546159954542],[-123.12195035811949,49.294742523961645],[-123.12173484922533,49.295049923532396],[-123.12148590649551,49.295271057351734],[-123.12136467599848,49.295607105404301],[-123.12135805922,49.295770706597139],[-123.12138772076609,49.295908487286695],[-123.12153124368282,49.296041865021699],[-123.12183729385853,49.296121656162519],[-123.12214505135549,49.296228923379431],[-123.12250149531428,49.29637884762505],[-123.12268781287274,49.296400164057957],[-123.1229731589669,49.296462396031899],[-123.12320207133556,49.296500231033825],[-123.12341482858153,49.296648757073804],[-123.12344708908931,49.297100906540869],[-123.1233915196047,49.297340959048768],[-123.12324817818718,49.29748874315203],[-123.12298805716883,49.297540511713976],[-123.12278906185297,49.297540485569371],[-123.12244261029586,49.297574162769187],[-123.12224561986282,49.297640205142748],[-123.12211675836728,49.297726610621659],[-123.1219431908731,49.297879952749668],[-123.12168131495478,49.298119395978638],[-123.12146867879316,49.298263073762627],[-123.12110879003173,49.298295557326298],[-123.12094151259002,49.298245544731621],[-123.12065081961326,49.29811290957209],[-123.12041743471889,49.298005556448473],[-123.12001154303617,49.297830205607049],[-123.11969223087303,49.297812881935442],[-123.11929629013126,49.297857375950016],[-123.11882436234615,49.297873799622792],[-123.11771165270878,49.297877022191294],[-123.11727487702547,49.297948605275934],[-123.11701979880704,49.298051823849136],[-123.11681644481912,49.298190013157146],[-123.11669118250991,49.298331480440716],[-123.11660993309286,49.298514713259408],[-123.11638343186915,49.300451045902882],[-123.1163815679769,49.300467304020721],[-123.11676876241717,49.300861812198093],[-123.11682662239112,49.300864873569047],[-123.11727755153451,49.300888817463338],[-123.11773086297059,49.300690902449766],[-123.11848506266776,49.300032920491539],[-123.11892444029534,49.29982502296486],[-123.11990194949246,49.299815019876959],[-123.121181958408,49.300003015950871],[-123.12320434455017,49.300648210619705],[-123.12429186832381,49.301132404170126],[-123.12539415325959,49.301779023297634],[-123.12638794994702,49.302704701692178],[-123.12658005816979,49.302731803715716],[-123.12747353845275,49.30255091735016],[-123.12923494055129,49.302737504427455],[-123.12944176110142,49.302800118858627],[-123.13033764990081,49.303429621898822],[-123.13096926597382,49.303536510413544],[-123.13121913956007,49.304030706564937],[-123.13171583549743,49.304524910204492],[-123.13178436529785,49.305019112270138],[-123.1319372672349,49.30517289698485],[-123.13224075945914,49.305315303349445],[-123.13335615546303,49.30616981547513],[-123.13520127295249,49.30683210463539],[-123.13553167561051,49.307038610055919],[-123.13568634907942,49.308234919179597],[-123.13632285291844,49.309179219917795],[-123.13662817617626,49.309852808032829],[-123.13778524317121,49.311030601480944],[-123.13887575506139,49.311856701806832],[-123.13941398072184,49.312728310039248],[-123.13981517458556,49.313114312405148],[-123.14021344753934,49.313320818759095],[-123.14060738641547,49.313369094419414],[-123.1408751653519,49.313401908817745],[-123.14108124760402,49.313581406815828],[-123.14127645236289,49.314029996235064],[-123.14144015985879,49.314084104605293],[-123.14394474799793,49.313847700726292],[-123.14507217645746,49.313639808269237],[-123.14600554882095,49.313296600673645],[-123.14723065181997,49.313124205207906],[-123.1486462541464,49.31278950831873],[-123.14981516377208,49.31269700936928],[-123.15149544854768,49.311924349945969],[-123.15169847217145,49.311830997373818],[-123.15238485027149,49.311345418128354],[-123.15260365212802,49.311056309640755],[-123.15262994671603,49.310436711310395],[-123.15284886988196,49.310093517191419],[-123.1538641783185,49.309652005587118],[-123.15437295909909,49.309256102513622],[-123.1558709596966,49.308749092411418],[-123.15603605322612,49.308623695611587],[-123.15614407457153,49.3082990016159],[-123.15619535182226,49.306850604364172],[-123.15648026196972,49.305960508065795],[-123.15658715908347,49.304818192361516],[-123.15687335502142,49.303764321117143],[-123.15705985127934,49.302209111435069],[-123.15749975894572,49.30173061192184],[-123.15846115835502,49.301468507930245],[-123.15884623970827,49.301225000833128],[-123.1588458056827,49.30113740679186],[-123.15884544422231,49.301072606020973],[-123.15854155843867,49.30073080816851],[-123.15827706388447,49.300119791126384],[-123.15839776234066,49.298968990897109],[-123.15831375971739,49.298590201455596],[-123.15792715621592,49.297925112601611],[-123.1577624612963,49.297799701033234],[-123.15667294919962,49.297361094288448],[-123.15605366437799,49.297343991659581],[-123.15477726197743,49.297668690002453],[-123.15448725517051,49.297660196275693],[-123.15346585342489,49.296690308749085],[-123.15287067548478,49.295485404567721],[-123.15248664490296,49.295288920748057],[-123.15219786382912,49.295297416132939],[-123.15171563437319,49.295442704179372],[-123.15065644778809,49.294985514329539],[-123.15040633430273,49.294687802454625],[-123.150185965465,49.294149515818525],[-123.15016746955362,49.292844902178757],[-123.14963026098408,49.29223391622984],[-123.14801614458185,49.290932201183693],[-123.14750525591512,49.290321196019512],[-123.14740935761812,49.289925290039896],[-123.14724396791651,49.289790005561422],[-123.14659149888998,49.29000478789694],[-123.14655615148034,49.290016419294822],[-123.14649944002002,49.28998741988763],[-123.1460812665624,49.289773524855711],[-123.14534495485329,49.289396900659938],[-123.1450496005917,49.289283789321871],[-123.14485141313031,49.289207894266731],[-123.14464203298554,49.289127701969171],[-123.14378846604266,49.288516710138779],[-123.14360685485336,49.287941396709165],[-123.14361706465488,49.287038314085969],[-123.14361752948024,49.286997102537001],[-123.14361888064514,49.286974076922299],[-123.14361955284825,49.286962763979247],[-123.14363080249733,49.286771745221024],[-123.14363370196607,49.286722381934993],[-123.14363935812443,49.286626463541928],[-123.14367802347248,49.285969905561416],[-123.14368667957079,49.285822787149357],[-123.14369747422046,49.285639613700639],[-123.14374996279081,49.284748295456716],[-123.14382955218429,49.284664334050703],[-123.14402274027468,49.284460601016036],[-123.14402285483435,49.284306807334552],[-123.14392456303084,49.284247712705827],[-123.1438758161389,49.284218405136677],[-123.14384786257843,49.284201585477014],[-123.1434971985217,49.283990698589989],[-123.14320361946461,49.283814154125444],[-123.14311345403493,49.283759914091796],[-123.1427917038253,49.283307330581167],[-123.14278994334698,49.283304853903175],[-123.14262988620618,49.283079678055863],[-123.14250290891647,49.282901053718334],[-123.14213028526581,49.282376862520863],[-123.1420382917823,49.282247456322956],[-123.14186568236158,49.282004638614922],[-123.14178566774976,49.281892082506282],[-123.14176019257448,49.281856225728347],[-123.14163735395648,49.281683405480798],[-123.14089234782708,49.281001207705593],[-123.14086691176901,49.280912066067515],[-123.14086585681808,49.280908380371159],[-123.14080898206207,49.280709036321447],[-123.14079385169136,49.280655984052601],[-123.14072532565989,49.280415800492648],[-123.14050366653889,49.280084009428037],[-123.14022104788771,49.279874022791773],[-123.13989590084147,49.279632434049425],[-123.13982703435904,49.279581265184234],[-123.13979996171771,49.279561148486259],[-123.13881114532629,49.278826418246119],[-123.13878848365495,49.278801130109279],[-123.1387147087827,49.278718769412876],[-123.13840926316698,49.278377806346164],[-123.138120240323,49.277865121456564],[-123.1378418608722,49.277742805689989],[-123.13769234869709,49.277677096784949],[-123.1373901296313,49.277694206156433],[-123.13689564672769,49.277147669699566],[-123.13685406037621,49.277101705871281],[-123.13651813522486,49.2769827183971],[-123.13639984027159,49.276940816365205],[-123.13639653777204,49.276409518010276],[-123.13636455722363,49.276336881062733],[-123.13626791240678,49.276117349077282],[-123.13624606036264,49.276067710239239],[-123.13625190880217,49.276046144724752],[-123.13629976293072,49.275869807336072],[-123.13620253879844,49.275756344785989],[-123.13423227103213,49.276389910427298],[-123.13422003157829,49.27639402329303],[-123.13323023822929,49.276727219687956],[-123.13305797524575,49.276782924782275],[-123.13266935655096,49.276908671405074],[-123.13248380366217,49.276998318127994],[-123.13235587863998,49.277066962363229],[-123.13224416325053,49.277095534735409],[-123.13183201226663,49.277366506567475],[-123.13136323536132,49.27767469636894],[-123.13080175093681,49.278042599824445],[-123.13030355755305,49.278365312597067],[-123.13004298682718,49.278534609546803],[-123.12971891200897,49.278745195727609],[-123.12919823953104,49.27908350055408],[-123.12866335608068,49.279439701244854],[-123.12864136292103,49.279454346382792],[-123.12764016437191,49.280121100287452],[-123.12744049797543,49.280254119528891],[-123.12724768783093,49.280382549793138],[-123.12709404055495,49.280484895242061],[-123.12654004778489,49.280865733828044],[-123.12605333854731,49.281200310629629],[-123.12544610738173,49.281589832307795],[-123.12498427515469,49.281886109224573],[-123.12443782567802,49.282230912363104],[-123.1233752714342,49.282924606609676],[-123.12281934473333,49.283287500192813],[-123.12222885613515,49.283667621667242],[-123.12205571483145,49.28377908158636],[-123.1216812628259,49.284020116739725],[-123.12111245683965,49.284414715398817],[-123.1231475396668,49.285729109688305],[-123.12534565990994,49.287141413703978],[-123.12688907248524,49.288141719330142],[-123.12823996908369,49.289010809586351],[-123.12941774941142,49.289789701200505],[-123.13009221390145,49.290236218382496],[-123.1306127525506,49.290580797871421],[-123.13212974413038,49.291611816137092],[-123.1337342533503,49.292628996910231],[-123.13345631369224,49.292818487556659],[-123.13310994107783,49.293054608831945],[-123.13279575167762,49.293268313296004],[-123.13252874357235,49.293449916262183],[-123.13258896970102,49.29348098881114],[-123.13246831541798,49.293571986332175],[-123.13237889464277,49.293634155215777]]]},"properties":{"CMNTY_HLTH_SERV_AREA_CODE":"3212","CMNTY_HLTH_SERV_AREA_NAME":"West End","LOCAL_HLTH_AREA_CODE":"321","LOCAL_HLTH_AREA_NAME":"Vancouver - City Centre","HLTH_AUTHORITY_CODE":"3","HLTH_AUTHORITY_NAME":"Vancouver Coastal","OBJECTID":1624}},{"type":"Feature","id":1641,"geometry":{"type":"Polygon","coordinates":[[[-123.07934915150341,49.232730309226426],[-123.07982242690785,49.232734995473187],[-123.08121913317422,49.232749405913601],[-123.08259081150278,49.232769405091545],[-123.08369563450377,49.232773997999772],[-123.08375961455268,49.232804610620938],[-123.08485121823058,49.232845800205915],[-123.08486503338725,49.232845980014737],[-123.08693245460348,49.232870507658475],[-123.08776944723787,49.232879812653209],[-123.08785189006993,49.232880724897662],[-123.08865450679721,49.232889634222616],[-123.08930990140257,49.23289691751927],[-123.08932372176606,49.232897211297853],[-123.09056452745392,49.232923608369248],[-123.09203368550249,49.232942011485541],[-123.09208860906141,49.232942698118102],[-123.09211604576738,49.232943036243775],[-123.09305713998359,49.232954807409662],[-123.09321513926776,49.232908591567679],[-123.09387735134423,49.232924683885663],[-123.09405618466157,49.232929020526626],[-123.09416592904725,49.232931682474124],[-123.09445450683722,49.232938680290687],[-123.09448190343207,49.232939351828428],[-123.0945749436779,49.232941621820807],[-123.09564863915907,49.232963247711702],[-123.09722131481475,49.232994869598585],[-123.09833655268177,49.233009588832701],[-123.09846412041881,49.233055341499274],[-123.09861766537196,49.23305858204229],[-123.09956347950845,49.233082227293352],[-123.10001750953002,49.23308810422278],[-123.10153517430295,49.233122621785924],[-123.1021985668572,49.233137749669595],[-123.10372870379292,49.233172561541835],[-123.10418104739438,49.233183821777097],[-123.10441737694767,49.23313700626867],[-123.10562679838938,49.233160474594072],[-123.10563933503565,49.232629304444039],[-123.10565562756467,49.232212702316545],[-123.1056559331857,49.232202009159607],[-123.10566902892778,49.231712198552017],[-123.10567895175159,49.231289108548474],[-123.10569092176345,49.23098590977613],[-123.10571822982267,49.230372295014561],[-123.10573603546153,49.229943705642881],[-123.105756520227,49.229450026450976],[-123.10580987920461,49.229015633075619],[-123.10586533484491,49.228563796891962],[-123.10585396826647,49.228119825977913],[-123.10584252585652,49.227673198982778],[-123.10588223631272,49.226750994564448],[-123.10591434591436,49.225751119953124],[-123.10592220304997,49.225294383616607],[-123.10593102593546,49.22477951557817],[-123.10594316713991,49.22450183447723],[-123.10595064617878,49.224331080818835],[-123.10597322282511,49.223815012047581],[-123.10597821307195,49.223701671416528],[-123.10599003057406,49.223431773098859],[-123.10601235003425,49.222923405783497],[-123.10602031227056,49.222631561045311],[-123.10603714104495,49.222019592275025],[-123.10605492183036,49.221812718528035],[-123.10611192931712,49.221149700821783],[-123.10609322154565,49.220237599972599],[-123.10613424301641,49.219359510451113],[-123.10613188257605,49.218746076804308],[-123.10613121801372,49.218572115089344],[-123.10613346890814,49.218242152428786],[-123.10613692841198,49.217731799347668],[-123.10619622815976,49.216823607582128],[-123.10624851397377,49.215940414741382],[-123.10639402835912,49.215081300643632],[-123.10644782882802,49.214218019897316],[-123.10651971690169,49.213328109128014],[-123.10655016982545,49.21290000785315],[-123.10658634556962,49.212391203726668],[-123.1065887328737,49.212341847324268],[-123.10659120953899,49.21228960260283],[-123.10673811692909,49.20944690376151],[-123.10686731257621,49.206866906114115],[-123.10501719347081,49.207023223271179],[-123.10243394067348,49.207241413574636],[-123.10243751894822,49.207127323152832],[-123.10244234130211,49.206975009962541],[-123.10248571091471,49.205179016846671],[-123.10247339675909,49.204929816141053],[-123.10228948559812,49.204757754960276],[-123.10157586527353,49.204090102466118],[-123.10005664406629,49.20403886563119],[-123.0979164511084,49.204190064196325],[-123.09360746020127,49.204823137129338],[-123.09346749928964,49.204837120349524],[-123.0917583954793,49.205245223647566],[-123.08865746774184,49.205792998480028],[-123.08335069537921,49.20679824823636],[-123.08065823740716,49.207404285642973],[-123.07723051664576,49.208113803799925],[-123.07720291315103,49.208568392379377],[-123.07716105058486,49.209256806380154],[-123.07716025941713,49.209269967731572],[-123.07715341753527,49.20938281434227],[-123.07714721071879,49.209481708925438],[-123.0771386177953,49.209629946812115],[-123.07707335062939,49.210754430580216],[-123.07706660686343,49.210870508185018],[-123.07705670311152,49.211028707647927],[-123.07704934313868,49.211145613473946],[-123.07703823870945,49.211322802267183],[-123.07703023100161,49.211471215066503],[-123.07713511167731,49.211526329221385],[-123.07713318880113,49.212085039873095],[-123.0771327333189,49.212219906136717],[-123.07712992246701,49.212737971016956],[-123.07712915030349,49.21288641666802],[-123.07711751915699,49.213768898942526],[-123.07710920927556,49.214217529950041],[-123.07710152640327,49.214633321799241],[-123.07709356520854,49.215081073464361],[-123.07708642673383,49.215484111232264],[-123.07707997027047,49.215926615284602],[-123.07707310055541,49.216393606659487],[-123.07706586994125,49.216853115585522],[-123.07705940363694,49.217265220176571],[-123.07706902102539,49.218138413299897],[-123.07708171909034,49.219090903367636],[-123.07728770260212,49.219591007231223],[-123.07748982298656,49.220021713551297],[-123.07749208068111,49.220043196241342],[-123.07753271177457,49.220430923868122],[-123.07749423325073,49.221805413287143],[-123.07741872010773,49.223375302380511],[-123.07735662346417,49.224876806898614],[-123.0773397126959,49.225285610989289],[-123.07732122241816,49.225794408037878],[-123.07725340875558,49.227658717038253],[-123.07715323277033,49.229011706815406],[-123.07715234304845,49.230660207314408],[-123.07709376779712,49.23231604358385],[-123.07708192782371,49.232650813053326],[-123.07777517369429,49.232660759060167],[-123.07842613102471,49.232670103438281],[-123.07930401865769,49.232682196484333],[-123.07934915150341,49.232730309226426]]]},"properties":{"CMNTY_HLTH_SERV_AREA_CODE":"3263","CMNTY_HLTH_SERV_AREA_NAME":"Sunset","LOCAL_HLTH_AREA_CODE":"326","LOCAL_HLTH_AREA_NAME":"Vancouver - South","HLTH_AUTHORITY_CODE":"3","HLTH_AUTHORITY_NAME":"Vancouver Coastal","OBJECTID":1641}},{"type":"Feature","id":1642,"geometry":{"type":"Polygon","coordinates":[[[-123.04879963379797,49.232765114592794],[-123.04938292156776,49.232765571216603],[-123.05019032559312,49.232766214064249],[-123.0508809878399,49.232772094231443],[-123.05167221527105,49.232778815374509],[-123.05460336212603,49.232809181141],[-123.05549613994889,49.232818410195755],[-123.05604550888756,49.232822319448225],[-123.05660902382262,49.232826322875496],[-123.05717196489239,49.232830931057741],[-123.05788101967579,49.232836716118264],[-123.05888312200291,49.232838822549866],[-123.06046741740586,49.232861310615526],[-123.06113323955083,49.232862308698927],[-123.06125322553044,49.232919607570409],[-123.06212512613783,49.232917304799273],[-123.0621389042127,49.232917443270701],[-123.06412153938568,49.232935604091644],[-123.06475743814572,49.232911508096024],[-123.06551372145152,49.232809918092109],[-123.06552726172677,49.232808127335545],[-123.06619685762934,49.232684026033446],[-123.06623978993346,49.232680613495624],[-123.0668194162462,49.232634613484329],[-123.06687397598026,49.232630281974487],[-123.06693229967701,49.232625654662691],[-123.06870109264,49.232639538025261],[-123.06883968115079,49.232640592129464],[-123.06895685928681,49.232611355483805],[-123.07012711041737,49.232624233709494],[-123.07152953448272,49.23263532279767],[-123.0729211987922,49.232664089728154],[-123.07401205151628,49.23267388315719],[-123.07415191755965,49.232632620113577],[-123.0743070023064,49.232634134611459],[-123.07568980146968,49.232629291040183],[-123.07570361838314,49.232629529723901],[-123.07708192782371,49.232650813053326],[-123.07709376779712,49.23231604358385],[-123.07715234304845,49.230660207314408],[-123.07715323277033,49.229011706815406],[-123.07725340875558,49.227658717038253],[-123.07732122241816,49.225794408037878],[-123.0773397126959,49.225285610989289],[-123.07735662346417,49.224876806898614],[-123.07741872010773,49.223375302380511],[-123.07749423325073,49.221805413287143],[-123.07753271177457,49.220430923868122],[-123.07749208068111,49.220043196241342],[-123.07748982298656,49.220021713551297],[-123.07728770260212,49.219591007231223],[-123.07708171909034,49.219090903367636],[-123.07706902102539,49.218138413299897],[-123.07705940363694,49.217265220176571],[-123.07706586994125,49.216853115585522],[-123.07707310055541,49.216393606659487],[-123.07707997027047,49.215926615284602],[-123.07708642673383,49.215484111232264],[-123.07709356520854,49.215081073464361],[-123.07710152640327,49.214633321799241],[-123.07710920927556,49.214217529950041],[-123.07711751915699,49.213768898942526],[-123.07712915030349,49.21288641666802],[-123.07712992246701,49.212737971016956],[-123.0771327333189,49.212219906136717],[-123.07713318880113,49.212085039873095],[-123.07713511167731,49.211526329221385],[-123.07703023100161,49.211471215066503],[-123.07703823870945,49.211322802267183],[-123.07704934313868,49.211145613473946],[-123.07705670311152,49.211028707647927],[-123.07706660686343,49.210870508185018],[-123.07707335062939,49.210754430580216],[-123.0771386177953,49.209629946812115],[-123.07714721071879,49.209481708925438],[-123.07715341753527,49.20938281434227],[-123.07716025941713,49.209269967731572],[-123.07716105058486,49.209256806380154],[-123.07720291315103,49.208568392379377],[-123.07723051664576,49.208113803799925],[-123.07627409711816,49.208287825101721],[-123.07447870682408,49.208336396693142],[-123.0731474158916,49.208140388626326],[-123.0710038334372,49.207556118636369],[-123.06853678073266,49.206578508981742],[-123.06754249784309,49.206152854466936],[-123.06689779811785,49.20598583217302],[-123.06323835874689,49.205359669487876],[-123.05878446262817,49.204662024680218],[-123.05645989826031,49.204665294494809],[-123.05660293304103,49.205299881809424],[-123.05660963208089,49.205335019585874],[-123.05665552960549,49.205448457903572],[-123.05677139624517,49.205682331129019],[-123.05678204455258,49.205700640753989],[-123.05680712288266,49.205815823693435],[-123.05680826425491,49.205830054959733],[-123.05683561444381,49.20616793041814],[-123.05683477384736,49.206448166992487],[-123.05683283490983,49.207077716975412],[-123.05683487164929,49.207137977166575],[-123.05683520936361,49.207148001115399],[-123.05686010218606,49.207578401441843],[-123.05670432709778,49.2079795165875],[-123.05624230363904,49.208493023202308],[-123.0558986978191,49.208934912329063],[-123.05559031989161,49.20949222230702],[-123.05540192200905,49.210060902473607],[-123.05538135455949,49.210211899513205],[-123.05516072389307,49.211830803585897],[-123.05513662997726,49.212427418772563],[-123.05513262172533,49.212706520519369],[-123.05496613349948,49.212713711235125],[-123.05480739664064,49.212792220509634],[-123.05406587187197,49.213431043967283],[-123.05345726568378,49.213955321077883],[-123.05310462725494,49.214259103290374],[-123.05276246285221,49.214558053963209],[-123.05265047267928,49.214655942504542],[-123.05247579256687,49.214808539811187],[-123.05228079867253,49.214978907073622],[-123.052155326758,49.215089465147571],[-123.05174023861645,49.215455205318257],[-123.05142310750279,49.21573460895776],[-123.05090290469556,49.216362707885459],[-123.05065242542227,49.21702251883989],[-123.05058170428723,49.218070005620824],[-123.05058001968835,49.218495998155745],[-123.05057820098334,49.2189464020774],[-123.05059453304777,49.219790628097321],[-123.05060222058653,49.220189300532368],[-123.0505766485183,49.220673952556872],[-123.05055523577343,49.221080818582152],[-123.05051403307856,49.221879616178093],[-123.05046511803717,49.222715096208788],[-123.05040652307346,49.2238107056804],[-123.05037792306869,49.224343257549592],[-123.05035441940745,49.224781316549347],[-123.0503371829506,49.225094421914932],[-123.05033469581923,49.225139534829935],[-123.05032728072376,49.225274273972246],[-123.05032145957048,49.225379514999439],[-123.05032007020039,49.225404949652358],[-123.05029172245446,49.225920015833694],[-123.05026904093641,49.226331236402636],[-123.05024690841637,49.226732210449235],[-123.05022343667022,49.227159010272921],[-123.05020254656246,49.227539120517335],[-123.05017666514982,49.228013425456503],[-123.05015291274577,49.228449331310188],[-123.05012850013962,49.228913099248409],[-123.05010642047071,49.229332711193599],[-123.04884835335166,49.229320824779407],[-123.04884165418837,49.229812847514907],[-123.04883570344802,49.230252817546528],[-123.04883580413458,49.230359106295602],[-123.04883030758899,49.23070340692508],[-123.04882281917389,49.23116950488108],[-123.04881826330846,49.231575908054367],[-123.04881311929213,49.232034018953193],[-123.04880731213969,49.232349487656116],[-123.04880562450482,49.232439439443517],[-123.04879963379797,49.232765114592794]]]},"properties":{"CMNTY_HLTH_SERV_AREA_CODE":"3264","CMNTY_HLTH_SERV_AREA_NAME":"Victoria-Fraserview","LOCAL_HLTH_AREA_CODE":"326","LOCAL_HLTH_AREA_NAME":"Vancouver - South","HLTH_AUTHORITY_CODE":"3","HLTH_AUTHORITY_NAME":"Vancouver Coastal","OBJECTID":1642}},{"type":"Feature","id":1625,"geometry":{"type":"Polygon","coordinates":[[[-123.11478994955181,49.271152789392296],[-123.11497595816185,49.27105409760847],[-123.11563822332985,49.270702709120556],[-123.11717585543957,49.270080406557696],[-123.11739443538386,49.269765607361478],[-123.11758654335824,49.26966590853521],[-123.11762931852279,49.269495004176029],[-123.11805354628923,49.269332606676038],[-123.11816262830195,49.268999414417351],[-123.11832433437071,49.268999411467497],[-123.11842453042598,49.268999409796969],[-123.11842505327455,49.269151799517161],[-123.11878195232111,49.269368201655872],[-123.11886313153317,49.268926708549159],[-123.11894602987562,49.268926701285139],[-123.11882133979371,49.268647598397543],[-123.11882045801785,49.267982515918455],[-123.11893046635282,49.267793112190944],[-123.11912174113569,49.267694806152463],[-123.12068923798373,49.267701905239512],[-123.12097075488396,49.26786726892346],[-123.12111605158573,49.267952615181329],[-123.12120873003393,49.26820128239676],[-123.12136699443508,49.268423414089703],[-123.12136579167817,49.268538256643389],[-123.12150206907867,49.268627713072988],[-123.12177814467542,49.268671794428506],[-123.12232633529139,49.26859062210707],[-123.12297205576263,49.268311508647308],[-123.1232621529779,49.268265911403525],[-123.12404435414631,49.268364206138649],[-123.12407205847363,49.268139209970556],[-123.12433143733871,49.267860023002243],[-123.12485493577496,49.267741801503405],[-123.1256520339012,49.268154816192855],[-123.12818425265428,49.268207276651182],[-123.12820587083559,49.268207724909857],[-123.12821707743635,49.268207952859811],[-123.12827226235282,49.268209098848295],[-123.12936466724908,49.268231709581663],[-123.13003634783998,49.267979607969274],[-123.13055182545344,49.26796517530763],[-123.13069733415686,49.267961105045551],[-123.13090184308362,49.267636408840325],[-123.13127224165034,49.267411403551428],[-123.1315192279683,49.267330211775288],[-123.13179584278444,49.267365820465606],[-123.13198874044765,49.267541730956502],[-123.1320689541588,49.26761487136023],[-123.1323877671238,49.267905610752614],[-123.13296434717547,49.267985303637587],[-123.13323261335636,49.268296902888551],[-123.13335063649895,49.268434018834228],[-123.1335856358121,49.268496604541014],[-123.13369332446597,49.268452515352223],[-123.13380476275248,49.26840690704006],[-123.13392192854482,49.268450131490575],[-123.13402485558056,49.268488103868492],[-123.13403336613315,49.268609595196565],[-123.13403872371759,49.268686099908074],[-123.13394275553078,49.268846997542504],[-123.13391554918084,49.268857113440809],[-123.13372412522273,49.268928206574728],[-123.13333290649986,49.268805449579418],[-123.13293203189978,49.268679656740119],[-123.13252593706058,49.268552220322015],[-123.13068516771683,49.268392709353463],[-123.13058833346994,49.268555010796284],[-123.13072754771373,49.268923899359649],[-123.13052284274893,49.269463705967652],[-123.13065552191169,49.269658954424308],[-123.13066385104875,49.269671210436755],[-123.1307425442272,49.269787015333335],[-123.13157025178772,49.270415016221648],[-123.13187436058554,49.270900702385489],[-123.13213553943652,49.270963400965321],[-123.13242025801775,49.271163800547889],[-123.13242223835037,49.271165171818851],[-123.13242228971744,49.271165229929068],[-123.13352565003362,49.271941804559283],[-123.13367637524121,49.272157227843458],[-123.13373836960689,49.272245832294651],[-123.13374584759895,49.272256517949586],[-123.13436523764298,49.272552819697914],[-123.13458604740288,49.272859006507204],[-123.13546682440993,49.273190802852824],[-123.13662126097059,49.273045611522178],[-123.13682696785247,49.272937305359591],[-123.13705972919274,49.272612601449183],[-123.13741585144879,49.271883402485415],[-123.13741593428441,49.27166831694506],[-123.13694595868513,49.270607301063635],[-123.13719224450925,49.270301105230672],[-123.1374116514428,49.270345318015139],[-123.13778363021298,49.270803901824408],[-123.13844415076433,49.271054492618298],[-123.13873256535108,49.271100106996947],[-123.13900735278477,49.271054490464209],[-123.13955966418962,49.271602808159024],[-123.13983735579501,49.272357693148038],[-123.13985266048141,49.273032699121892],[-123.13964743159242,49.273608108679021],[-123.1392909514489,49.274058210734886],[-123.13849433712765,49.274230508534536],[-123.13838594557717,49.274355801067301],[-123.13875474150359,49.274859920667275],[-123.13879955464137,49.27492117708718],[-123.14191587370826,49.2739188904877],[-123.14198213254906,49.273897596629247],[-123.14199991044458,49.273891862356557],[-123.1425614343154,49.273711243174191],[-123.14257937028401,49.273705483269502],[-123.14390771128538,49.273278204362271],[-123.14420674600001,49.273182008870641],[-123.14508023714852,49.272853901119163],[-123.14533496548994,49.272667909567183],[-123.14540854118115,49.272542812734805],[-123.14553175350517,49.272304715543889],[-123.14547974921811,49.271653891826233],[-123.14549894520191,49.270671699622639],[-123.145539626584,49.270210027748981],[-123.14557675446137,49.269788403788709],[-123.14559391830343,49.269337601565326],[-123.14561035226281,49.268906602721515],[-123.14563324601835,49.268456156819262],[-123.14565584189418,49.268011504266276],[-123.14565797658025,49.267601273464486],[-123.14566024693454,49.267157824759465],[-123.14567479114717,49.266468108387585],[-123.14567815059965,49.266309801923981],[-123.14572355319157,49.265459813986283],[-123.14573752236075,49.265074233053781],[-123.14575314147076,49.264643612558764],[-123.14576180566178,49.264218873306731],[-123.14577222751451,49.263707399108576],[-123.14579350136231,49.263193608459765],[-123.14581164136091,49.262755397274468],[-123.14582734046922,49.262302931204836],[-123.14584364182123,49.261833012067662],[-123.14586362596067,49.261367375693958],[-123.14588166068795,49.260946794989927],[-123.14590164975155,49.260404811482026],[-123.14591855995855,49.259946205874982],[-123.1459367950083,49.259468961067896],[-123.14595255196964,49.25905720373752],[-123.14597096878443,49.258560088478212],[-123.14598795204374,49.258102393288304],[-123.14599138891509,49.257651839865389],[-123.14599492650814,49.257184798182628],[-123.14361422233526,49.257146094638429],[-123.1413091214291,49.25710489650546],[-123.13880933304442,49.257059310587003],[-123.13854463464352,49.257074817408068],[-123.13826294168562,49.257166405752166],[-123.13788444256325,49.257397931045304],[-123.13763485413489,49.25755060799063],[-123.13704732981688,49.257788997124884],[-123.13632324263178,49.257948116643504],[-123.13608570616678,49.257943710692857],[-123.13563608693595,49.257935396406126],[-123.13441885385055,49.257912913094685],[-123.13428427276331,49.257898323595555],[-123.1339344285099,49.257860403938956],[-123.1336267365683,49.257793710152036],[-123.13271356805265,49.257501008701269],[-123.13211933539949,49.257242972326821],[-123.13181863039854,49.25711239640998],[-123.13180492084682,49.257112416580767],[-123.13179115836941,49.257112426335482],[-123.13084691745762,49.257067459621048],[-123.13032023843452,49.257065417273239],[-123.12783676537781,49.257042042127935],[-123.12765295954561,49.257040317827965],[-123.12722613637473,49.257122598938615],[-123.12719855424538,49.257612807868263],[-123.12705254745823,49.257819691142601],[-123.1243764458651,49.257779901092306],[-123.12206735205655,49.257737306072002],[-123.12011802460545,49.257716812219456],[-123.12012858304681,49.257421567460028],[-123.12014401839104,49.256987910732761],[-123.11940043483648,49.256974431673441],[-123.11814364953732,49.256951610491178],[-123.11601885396253,49.256928105778464],[-123.11506883787177,49.256918905862406],[-123.1150615690358,49.257344899985377],[-123.11505325711917,49.257832797781525],[-123.11504547350887,49.258289509259285],[-123.11503774910059,49.258743896279789],[-123.11502822154226,49.2594498825],[-123.11502586354359,49.259598430791442],[-123.11495855981562,49.259686718407529],[-123.1149523053292,49.259898694735639],[-123.11493745903964,49.260401338603089],[-123.11487268545702,49.262234382221692],[-123.11487236386309,49.262243418875599],[-123.11479515699226,49.263200574898526],[-123.11479443033936,49.263209607915293],[-123.1147733960677,49.26402871468283],[-123.11477312540929,49.264037704935468],[-123.11477127820974,49.26415052272943],[-123.11475945665136,49.264873511857886],[-123.11475857791832,49.264927221922633],[-123.11475843419493,49.264936313737564],[-123.11475012703342,49.265306216696096],[-123.11474832478692,49.265385509113187],[-123.11476275316807,49.265790908849652],[-123.11476531797406,49.265862896792598],[-123.11477629227812,49.266171888998038],[-123.11479182705203,49.266608897628736],[-123.11479542593651,49.266727014600789],[-123.11480526391988,49.267402527573246],[-123.11480923053705,49.267675913000652],[-123.11481350851346,49.267941664807211],[-123.11481546466663,49.26806251548372],[-123.11482073556138,49.268352594576335],[-123.1148354121101,49.269397909415396],[-123.11478994955181,49.271152789392296]]]},"properties":{"CMNTY_HLTH_SERV_AREA_CODE":"3213","CMNTY_HLTH_SERV_AREA_NAME":"Fairview","LOCAL_HLTH_AREA_CODE":"321","LOCAL_HLTH_AREA_NAME":"Vancouver - City Centre","HLTH_AUTHORITY_CODE":"3","HLTH_AUTHORITY_NAME":"Vancouver Coastal","OBJECTID":1625}},{"type":"Feature","id":1626,"geometry":{"type":"Polygon","coordinates":[[[-123.07794050862908,49.287238922949733],[-123.07887753441399,49.28695151129385],[-123.07892224808677,49.28937131720383],[-123.07918423946404,49.289371314283571],[-123.0792494410294,49.287149511394112],[-123.07971645157541,49.287103913906833],[-123.07977176161518,49.286968613843449],[-123.07981113222483,49.285547321449194],[-123.07996135263404,49.285134315487056],[-123.08011334345359,49.285124316344117],[-123.08027832414575,49.285547315353419],[-123.080334733318,49.286950124283543],[-123.08044501878915,49.287066910687933],[-123.0806789470187,49.287112515914458],[-123.08109144797768,49.287039803062179],[-123.08110593464232,49.287202205584542],[-123.080638636581,49.287202217343882],[-123.08061144346183,49.287319000678821],[-123.08109162944275,49.287346007018293],[-123.08112084028181,49.288038204170007],[-123.08119074201433,49.288038206879051],[-123.08120155129546,49.287210715516004],[-123.08140893135834,49.287210720946931],[-123.08140931590862,49.287129608381569],[-123.08121504084933,49.28712960143725],[-123.08121492728316,49.286995709055923],[-123.08157273370624,49.286356229819347],[-123.08181925353367,49.286310619602915],[-123.08204013392326,49.286329230343853],[-123.08224654324312,49.286445919652024],[-123.08222014280095,49.287921412929478],[-123.08240093515172,49.287930010441023],[-123.08239735878162,49.286418920272503],[-123.08217744348403,49.286283623833775],[-123.0822172519709,49.2860415016793],[-123.08199762935456,49.28525810944258],[-123.0823801596876,49.284682819542702],[-123.08298573482816,49.284681312032468],[-123.0829729502406,49.285654104605271],[-123.08272532614151,49.285644117180546],[-123.08271433207005,49.286598321731134],[-123.08278362008902,49.286606907014843],[-123.08280853040313,49.285689711096317],[-123.08295916145218,49.28568971789182],[-123.08294695515322,49.28661542208485],[-123.08305825912751,49.286615413645741],[-123.08309633837497,49.284583102670773],[-123.08280644276695,49.284574509604198],[-123.0827914376148,49.283953600997165],[-123.08357524996232,49.283953608044186],[-123.08356434116227,49.284681325322111],[-123.08382373826842,49.284689904985058],[-123.08397344059443,49.283791220593891],[-123.08415245168554,49.283791216021015],[-123.08404642896883,49.286210925068332],[-123.08456895835548,49.286236608996099],[-123.08456933412555,49.286588418041042],[-123.0847484453701,49.286588412191406],[-123.08474894011917,49.286219501200407],[-123.08531182647607,49.286228010830001],[-123.08537884401753,49.284581722919505],[-123.08579065460721,49.284644323548939],[-123.08579014130723,49.284752602271304],[-123.08679434713113,49.284840907680525],[-123.08670373501018,49.288142207812669],[-123.08810622079132,49.288167808625303],[-123.08818595443026,49.285460412328916],[-123.0889819399508,49.285450414298481],[-123.08964216484213,49.285648415443596],[-123.08953844336544,49.28890411473791],[-123.09179443751893,49.289532201174531],[-123.09187493282211,49.28789581523948],[-123.09506845585884,49.288749605277665],[-123.09669926924884,49.289184334702917],[-123.09806586051967,49.289532764682079],[-123.09898504687736,49.289801507028898],[-123.09937564803809,49.288914939007334],[-123.09963861920386,49.288358511998446],[-123.09964152899528,49.288069687705608],[-123.09926158736023,49.287879580038833],[-123.09917983278319,49.287862771260279],[-123.09882572773776,49.287743604689787],[-123.09714493633673,49.28734010750334],[-123.09635171678924,49.28637105377841],[-123.09777794793456,49.286300262527192],[-123.09771830274866,49.285371690546739],[-123.09777886975193,49.285337289915738],[-123.09800715495689,49.285488743008443],[-123.09812465772875,49.285588377377344],[-123.0982550648409,49.285780353339305],[-123.09833285297043,49.28596343891752],[-123.0983858245887,49.286183836202973],[-123.09857003242236,49.28658533132414],[-123.09871094761709,49.286798288991811],[-123.0989256905937,49.286906025926477],[-123.09935030162887,49.286939451500224],[-123.09935077056657,49.28720658237259],[-123.09964799846691,49.287206685979385],[-123.09975288940927,49.286515752836181],[-123.09981509872244,49.28607345677456],[-123.09951783796146,49.28606828240941],[-123.09951743351891,49.285970603110179],[-123.09974774747756,49.285970115948381],[-123.09978582794109,49.28577233695264],[-123.09957967206249,49.285772147312869],[-123.09957918427138,49.285505296417043],[-123.10028148994218,49.285505130152252],[-123.10101597777786,49.285439654936944],[-123.10197785102707,49.285273277008862],[-123.10225757170342,49.285273455965637],[-123.10251979372214,49.285308044850652],[-123.10277446994945,49.285381376695852],[-123.10295150334572,49.285441314204846],[-123.10305803671427,49.285549778247997],[-123.10311094901857,49.285627339174347],[-123.10314920762269,49.285769767378213],[-123.10314113974782,49.285944766312625],[-123.10318622296897,49.286102372656032],[-123.10324258589483,49.286166031594981],[-123.10334572202173,49.286236355099689],[-123.10344672983599,49.286271997891433],[-123.1036877110794,49.286269940209152],[-123.10380771794787,49.286209763530579],[-123.10390719861478,49.286109577584732],[-123.10399986105045,49.286077352281019],[-123.10401105825375,49.286039158753823],[-123.10424098225035,49.286039320775807],[-123.10453335422142,49.286072129079734],[-123.10536841665305,49.286244042285425],[-123.10574944325971,49.28635900303626],[-123.10634047670203,49.286537321411622],[-123.10667049074344,49.286572056769749],[-123.10698423744832,49.286573191858345],[-123.10734290888047,49.286570225375712],[-123.10761806095064,49.286537993495614],[-123.10787739838466,49.28647492832912],[-123.10817402935774,49.286441069070428],[-123.10857178782224,49.286309652707978],[-123.10873850472687,49.286283175229315],[-123.10888834987361,49.286048903435599],[-123.10885776927988,49.285821807407522],[-123.10882802852583,49.285600864932071],[-123.10880129898325,49.28540252265249],[-123.1087728835444,49.28519132519726],[-123.10874345582106,49.284972781346035],[-123.10869106244239,49.284650304978975],[-123.10883834444057,49.284316407219052],[-123.11090679944623,49.284708704530793],[-123.11093424605237,49.284713916452809],[-123.1114486155447,49.284369963149203],[-123.1119238574223,49.284052210919249],[-123.1124449850721,49.283708739953781],[-123.11287985874512,49.283422111582652],[-123.11244155051295,49.283118284608207],[-123.11239243374526,49.283084228076994],[-123.11225267394424,49.282987363016041],[-123.11193784480901,49.282769095224957],[-123.11097184170143,49.282125409970426],[-123.11008175994094,49.281566515983037],[-123.10977345126699,49.281463712837677],[-123.10847443484441,49.281226216213909],[-123.1075990450752,49.281071316070971],[-123.10622798347391,49.280825849027529],[-123.10561066390994,49.280715348682925],[-123.10578959807009,49.280283563421158],[-123.10586466233133,49.280102459036947],[-123.10612855339153,49.279462802903119],[-123.10505462901661,49.279312592209841],[-123.10492556133511,49.279294524672309],[-123.10448013873572,49.279232197717228],[-123.10255982932122,49.279216712412676],[-123.10217045453933,49.27929181680301],[-123.1021346513882,49.279050322273093],[-123.10213404736822,49.278585917745204],[-123.10213295221004,49.277740365007375],[-123.10213285710908,49.277649610531952],[-123.1004756110964,49.277690688313498],[-123.10039323697889,49.277692706326576],[-123.09991693329502,49.277704514171624],[-123.09981617989757,49.27769680548586],[-123.09973645621078,49.277690720994499],[-123.09973766557319,49.277679711451043],[-123.09974905160458,49.277576601064908],[-123.09977831027862,49.27728467447681],[-123.0997834507661,49.277092059148735],[-123.09979713076689,49.276763617920871],[-123.09982517697451,49.27602031566002],[-123.09984603315876,49.275466468537061],[-123.09985166768132,49.275316727305572],[-123.09986594460118,49.274937916973848],[-123.09988835927855,49.274378072322868],[-123.09993845813945,49.273127671644012],[-123.09993990614986,49.273091702764027],[-123.09994278625345,49.273019799699298],[-123.09994915552628,49.272861198218564],[-123.09926820054883,49.27275116030048],[-123.09863233740327,49.272648409201381],[-123.09844511041602,49.272615636104618],[-123.09812180971666,49.272559022330192],[-123.09771713775255,49.272488182058403],[-123.09548311805891,49.272097019316071],[-123.09445695481031,49.271917324694222],[-123.09333455388069,49.271740200352099],[-123.09081683335003,49.2713144097427],[-123.08949891961151,49.271091476062956],[-123.08743652661545,49.2707426234658],[-123.08486408237756,49.270288594802466],[-123.08376107175465,49.270096969530584],[-123.082512709784,49.269880059399398],[-123.08238767386139,49.269814524892396],[-123.08180283191659,49.269723945107877],[-123.08177519219728,49.269719673109229],[-123.08167602634055,49.269704312698522],[-123.08142638028123,49.269697569921455],[-123.08073421114601,49.269689943014008],[-123.08028070404801,49.269684936807955],[-123.08007435529223,49.269682646372047],[-123.07985447880918,49.269680215602996],[-123.07883413116434,49.269668910729351],[-123.07846618497967,49.269665325499652],[-123.07738132525859,49.269654722241889],[-123.07737525421403,49.270104670473295],[-123.07736892625047,49.270570512391132],[-123.07736477123193,49.270829016066095],[-123.07736171232659,49.271022173809541],[-123.07735392784609,49.271506807608496],[-123.07733094774515,49.273135706037586],[-123.07731483436777,49.274045924216864],[-123.07731401894101,49.274458439928338],[-123.07731304407085,49.274946619009526],[-123.07730353963657,49.275860626559869],[-123.07729155017734,49.276338866621565],[-123.07728086145647,49.276765217392089],[-123.07727126642132,49.277229529528356],[-123.0772621376731,49.277673618827954],[-123.07725224609213,49.278138006976803],[-123.07724322105486,49.278561213035772],[-123.07722774797102,49.278992679661314],[-123.07721043489745,49.279474506016577],[-123.07719376525763,49.279928086101606],[-123.0771777389692,49.28036362622403],[-123.07714733716416,49.280845800692639],[-123.07711559449871,49.281350021856213],[-123.07711197820751,49.281777785952478],[-123.07710194362916,49.282263894027388],[-123.07710520151559,49.282398867232764],[-123.07712125213671,49.283069676674913],[-123.07711190325458,49.283570652756737],[-123.07710836610059,49.283759524411742],[-123.07710731763588,49.28381330939164],[-123.07800996438316,49.28440262080526],[-123.07794050862908,49.287238922949733]]]},"properties":{"CMNTY_HLTH_SERV_AREA_CODE":"3221","CMNTY_HLTH_SERV_AREA_NAME":"Downtown Eastside","LOCAL_HLTH_AREA_CODE":"322","LOCAL_HLTH_AREA_NAME":"Vancouver - Centre North","HLTH_AUTHORITY_CODE":"3","HLTH_AUTHORITY_NAME":"Vancouver Coastal","OBJECTID":1626}},{"type":"Feature","id":1627,"geometry":{"type":"Polygon","coordinates":[[[-123.10492556133511,49.279294524672309],[-123.10505462901661,49.279312592209841],[-123.10612855339153,49.279462802903119],[-123.10586466233133,49.280102459036947],[-123.10578959807009,49.280283563421158],[-123.10561066390994,49.280715348682925],[-123.10622798347391,49.280825849027529],[-123.1075990450752,49.281071316070971],[-123.10847443484441,49.281226216213909],[-123.10977345126699,49.281463712837677],[-123.11008175994094,49.281566515983037],[-123.11097184170143,49.282125409970426],[-123.11193784480901,49.282769095224957],[-123.11225267394424,49.282987363016041],[-123.11239243374526,49.283084228076994],[-123.11244155051295,49.283118284608207],[-123.11287985874512,49.283422111582652],[-123.11338320147452,49.283090164343676],[-123.11447066139863,49.282373015350039],[-123.11620674426889,49.281218704798192],[-123.1157659094348,49.280933776608421],[-123.11522113697487,49.28058171447779],[-123.11427144777461,49.279942915096548],[-123.11329283255293,49.2793268151948],[-123.11497802958256,49.27821531476085],[-123.11520525526406,49.278069593575111],[-123.11543891511145,49.277919693373988],[-123.11660259238512,49.277173343647441],[-123.11664048623399,49.277116706121006],[-123.11791792811668,49.276218582329498],[-123.11795226570389,49.27610870319166],[-123.11804708642644,49.276041874811725],[-123.11813610055978,49.275980318170042],[-123.11921930024488,49.274624820068638],[-123.11888673069315,49.274624911081226],[-123.11753403206968,49.274458194343083],[-123.11710644412472,49.274197305539758],[-123.1173087517432,49.273418204268104],[-123.1172421167886,49.273366640559992],[-123.11647092112933,49.272544837588846],[-123.11646557575588,49.272539140896491],[-123.11587048234331,49.272542422510938],[-123.11559353277933,49.272509072519931],[-123.11521996096542,49.272504812549599],[-123.1149155251987,49.272538575298974],[-123.11489299064446,49.27254107414177],[-123.11475273146678,49.272589233775385],[-123.11374715540195,49.272934498317539],[-123.11252306217992,49.273025610575679],[-123.1121235642633,49.273225010955478],[-123.11209764998092,49.273431507658536],[-123.11194634962816,49.273306205964907],[-123.11173882118079,49.27333320512696],[-123.11163083949128,49.273450013360495],[-123.11178085521473,49.273585302606939],[-123.11135534645855,49.273458597990981],[-123.11107933906078,49.273487107587719],[-123.11029662529525,49.273891505285988],[-123.11031142065002,49.274072404689065],[-123.11003675300985,49.274351614869659],[-123.10973463846484,49.274341598757779],[-123.10930855866684,49.274189215509921],[-123.10899234723908,49.274207697118165],[-123.10878625635559,49.274297414557353],[-123.10852614389536,49.274811611998288],[-123.10748176052796,49.275261615564844],[-123.1072220608545,49.275234617354315],[-123.10704253565035,49.275342825683438],[-123.10704342687836,49.27551371321708],[-123.10679463148242,49.275586316065628],[-123.10359345788849,49.275553618913804],[-123.1034829462571,49.275391202580593],[-123.10364613325072,49.274805906642968],[-123.10371186147111,49.273924314027177],[-123.10383631963461,49.273763406026823],[-123.10416503622596,49.27375342576206],[-123.10434515134983,49.273636618662671],[-123.10439902694479,49.273078314649197],[-123.10423293169947,49.272971514568013],[-123.10393012632076,49.272935916791695],[-123.10340775070735,49.273071206402008],[-123.10306504597317,49.273071206984184],[-123.10294183256799,49.272927324138514],[-123.1029412381118,49.272702300338956],[-123.10235650060127,49.272870459576694],[-123.10200744235838,49.273037629102404],[-123.10185087659396,49.272994394581808],[-123.10163733166843,49.272935430571714],[-123.10164682386554,49.273018433237127],[-123.10165064115671,49.273052007031438],[-123.10149888510848,49.273053050647469],[-123.10119704298644,49.273055107330684],[-123.10011485974547,49.272890914255235],[-123.09994915552628,49.272861198218564],[-123.09994278625345,49.273019799699298],[-123.09993990614986,49.273091702764027],[-123.09993845813945,49.273127671644012],[-123.09988835927855,49.274378072322868],[-123.09986594460118,49.274937916973848],[-123.09985166768132,49.275316727305572],[-123.09984603315876,49.275466468537061],[-123.09982517697451,49.27602031566002],[-123.09979713076689,49.276763617920871],[-123.0997834507661,49.277092059148735],[-123.09977831027862,49.27728467447681],[-123.09974905160458,49.277576601064908],[-123.09973766557319,49.277679711451043],[-123.09973645621078,49.277690720994499],[-123.09981617989757,49.27769680548586],[-123.09991693329502,49.277704514171624],[-123.10039323697889,49.277692706326576],[-123.1004756110964,49.277690688313498],[-123.10213285710908,49.277649610531952],[-123.10213295221004,49.277740365007375],[-123.10213404736822,49.278585917745204],[-123.1021346513882,49.279050322273093],[-123.10217045453933,49.27929181680301],[-123.10255982932122,49.279216712412676],[-123.10448013873572,49.279232197717228],[-123.10492556133511,49.279294524672309]]]},"properties":{"CMNTY_HLTH_SERV_AREA_CODE":"3222","CMNTY_HLTH_SERV_AREA_NAME":"Northeast False Creek","LOCAL_HLTH_AREA_CODE":"322","LOCAL_HLTH_AREA_NAME":"Vancouver - Centre North","HLTH_AUTHORITY_CODE":"3","HLTH_AUTHORITY_NAME":"Vancouver Coastal","OBJECTID":1627}},{"type":"Feature","id":1628,"geometry":{"type":"Polygon","coordinates":[[[-123.05660673177516,49.262137120829685],[-123.05658813184607,49.262970701539423],[-123.05658504471805,49.263171525415601],[-123.05661661457826,49.263885813330312],[-123.05661242198143,49.264146931348563],[-123.0566005344398,49.264789707073788],[-123.05660374306721,49.264997923589114],[-123.05660164601798,49.265457212437688],[-123.05660031534696,49.265745432741873],[-123.05660132167613,49.265903113469783],[-123.05660251006334,49.266347757456572],[-123.05660352164604,49.26673462746303],[-123.056640569904,49.267182603557842],[-123.05664725973247,49.267263320792793],[-123.0566789527666,49.26764641063636],[-123.05665779041887,49.268157199510725],[-123.05664030856983,49.268579451404655],[-123.05662988094551,49.269082760561638],[-123.05662301160125,49.269414870130866],[-123.05661938166591,49.269558895880735],[-123.05661634808772,49.269990998948892],[-123.0566133960625,49.270410859909191],[-123.05661103954408,49.270791478078202],[-123.05660843138884,49.271203406807551],[-123.05660722217108,49.271373612131946],[-123.05660649655455,49.271627957077328],[-123.05660524256365,49.272055418882687],[-123.05660332705308,49.272301318027708],[-123.05660268385628,49.27250945774756],[-123.05660133704109,49.27293980968944],[-123.0565970378826,49.273289217128436],[-123.05659464154141,49.273846722324897],[-123.05659534504494,49.274160216541084],[-123.05659144262302,49.274761802551332],[-123.05659062534754,49.274991519752348],[-123.05658919394139,49.275216991081884],[-123.0565863238119,49.275666012904011],[-123.05658664260537,49.275812918412754],[-123.05658555277398,49.276116516656877],[-123.05658373548324,49.276616306007632],[-123.05657723124915,49.277475411442587],[-123.05657532626944,49.277870574210908],[-123.05657324880079,49.278296816953691],[-123.05657145545545,49.278689115190083],[-123.05656951710853,49.279113619152177],[-123.05656793893185,49.279636915115795],[-123.0565639514399,49.280240321476818],[-123.05656176755652,49.280713075307659],[-123.05655964190495,49.281174323348367],[-123.05655695747792,49.281648595037517],[-123.05655451859198,49.282077622322554],[-123.05655205381647,49.28253015807325],[-123.05654942990094,49.283001611117008],[-123.05654812361439,49.283456658475117],[-123.05654684956117,49.283909508587215],[-123.05654381479742,49.284347203130416],[-123.05654074481808,49.284784909937471],[-123.056542009014,49.285273639125748],[-123.05654314045705,49.285700113238626],[-123.05654163359034,49.28619118198813],[-123.05654034999525,49.286608909242133],[-123.05654613750724,49.286734232887532],[-123.05653542485581,49.287073126778068],[-123.0565271941495,49.287333693284381],[-123.0565248939911,49.287405690560931],[-123.05652155879189,49.287511809306288],[-123.05650751593238,49.287732978336798],[-123.05650688451912,49.287982378151291],[-123.05650656327148,49.288115782149845],[-123.05656855936761,49.28822194433787],[-123.05656761117368,49.28841017347488],[-123.05656772105945,49.288667798947991],[-123.05656026499142,49.288958532698452],[-123.05655378289477,49.289221842945544],[-123.05655156737981,49.289312294803004],[-123.05653973477818,49.289715518911308],[-123.05651966568404,49.290212959382842],[-123.05649915086182,49.290722305851638],[-123.05640592448599,49.290740515478774],[-123.05458085289688,49.291122999702232],[-123.05331201399528,49.291388145677672],[-123.05196866076243,49.291668817790281],[-123.05189738764936,49.292048525837039],[-123.05181449478293,49.292286407433856],[-123.0516308937089,49.292524812382368],[-123.05168786261083,49.292816543843308],[-123.0517372097229,49.293438164084492],[-123.05447573648735,49.292651217983263],[-123.05589126428849,49.292164120769314],[-123.05629162976651,49.291867910860063],[-123.0570194229435,49.291893517931697],[-123.05771963444388,49.291389417177257],[-123.05791293289515,49.291506204809195],[-123.05872393920697,49.291110225687873],[-123.05915153827991,49.291497616574603],[-123.05989343453271,49.291200016094422],[-123.05932941967315,49.290668719297855],[-123.05965895643271,49.290561916204446],[-123.05954723971537,49.2904437269315],[-123.06019382759588,49.290156021125391],[-123.06033202889877,49.290281316113948],[-123.06015324024945,49.290399529822032],[-123.0608141291457,49.290929412416482],[-123.06095033584313,49.290866711767151],[-123.06037292882695,49.290389630315325],[-123.06059262162651,49.290318414924769],[-123.06088204703346,49.290569005815868],[-123.06110172395532,49.290497824103781],[-123.06148822748892,49.290731422214193],[-123.0616651335783,49.290631705747082],[-123.06121152323601,49.290289908925089],[-123.06106043951981,49.290371131149769],[-123.06064783582714,49.29011040944058],[-123.06052345711551,49.290183120016877],[-123.06040113850963,49.289949505879534],[-123.06057793950549,49.289876912906209],[-123.06107305584675,49.289912512665843],[-123.06138912221233,49.289760111985821],[-123.06188505740344,49.289166216243508],[-123.06206443984767,49.2893456126857],[-123.06222843217805,49.289291512784395],[-123.06206415471902,49.289066519069259],[-123.06244784838897,49.289174700102379],[-123.0629700354215,49.288481124171113],[-123.06266813935953,49.288355805234318],[-123.06269355181668,49.288184911246752],[-123.0633962522278,49.288400008556195],[-123.06369872179884,49.288022508288421],[-123.06371102529762,49.287545421341711],[-123.06390383957861,49.287509820265328],[-123.06390492231806,49.287932813763966],[-123.06413865157032,49.287932807679269],[-123.06415055450582,49.287276315957079],[-123.06448103284677,49.287274817337824],[-123.06448113186178,49.287113929015838],[-123.06460552233857,49.287113919761758],[-123.06457755467557,49.287833111682588],[-123.06468844185946,49.287841727177174],[-123.06471465056067,49.287141020976691],[-123.06494903752917,49.287139527802779],[-123.06499063751683,49.287284829316874],[-123.06533423895095,49.287283407403336],[-123.06533425189777,49.287383116301562],[-123.06539959957568,49.287392976594255],[-123.06551313710742,49.287410107689354],[-123.06551204341667,49.287193713573764],[-123.06581552972639,49.287193708369962],[-123.06582851895217,49.287454317569974],[-123.06604855977619,49.287462819347247],[-123.06600944670051,49.289208926597809],[-123.06616172493193,49.289217514974567],[-123.06621414458287,49.287383107539981],[-123.06703985400962,49.287390210008368],[-123.06702853640236,49.289144815424024],[-123.06726173096285,49.289153416889903],[-123.06728484837213,49.286581217675234],[-123.06859226313793,49.286589819806487],[-123.06856744357408,49.289647614673939],[-123.06979153294363,49.289637614602007],[-123.06981776433321,49.288009719150843],[-123.07717655259189,49.289560718959891],[-123.0772291408361,49.287457110506061],[-123.07794050862908,49.287238922949733],[-123.07800996438316,49.28440262080526],[-123.07710731763588,49.28381330939164],[-123.07710836610059,49.283759524411742],[-123.07711190325458,49.283570652756737],[-123.07712125213671,49.283069676674913],[-123.07710520151559,49.282398867232764],[-123.07710194362916,49.282263894027388],[-123.07711197820751,49.281777785952478],[-123.07711559449871,49.281350021856213],[-123.07714733716416,49.280845800692639],[-123.0771777389692,49.28036362622403],[-123.07719376525763,49.279928086101606],[-123.07721043489745,49.279474506016577],[-123.07722774797102,49.278992679661314],[-123.07724322105486,49.278561213035772],[-123.07725224609213,49.278138006976803],[-123.0772621376731,49.277673618827954],[-123.07727126642132,49.277229529528356],[-123.07728086145647,49.276765217392089],[-123.07729155017734,49.276338866621565],[-123.07730353963657,49.275860626559869],[-123.07731304407085,49.274946619009526],[-123.07731401894101,49.274458439928338],[-123.07731483436777,49.274045924216864],[-123.07733094774515,49.273135706037586],[-123.07735392784609,49.271506807608496],[-123.07736171232659,49.271022173809541],[-123.07736477123193,49.270829016066095],[-123.07736892625047,49.270570512391132],[-123.07737525421403,49.270104670473295],[-123.07738132525859,49.269654722241889],[-123.07740063800209,49.26875990113907],[-123.07739842041032,49.268354051811805],[-123.07739574447756,49.26785541035914],[-123.07742373594716,49.266931114976998],[-123.07742762596214,49.266302503637419],[-123.07743054610413,49.266110709022257],[-123.07743439018593,49.265858761620066],[-123.07743475199521,49.265836010195919],[-123.07743715398369,49.26567888956702],[-123.07744474011066,49.265180601497796],[-123.0774771691429,49.264653422084379],[-123.07748985309588,49.264447339674071],[-123.07750264483489,49.264240024279104],[-123.07754301519061,49.263337622492507],[-123.07755507449949,49.262882092254088],[-123.07756292950754,49.262585126843362],[-123.07749615551462,49.262489633791304],[-123.07749642052917,49.262397785828192],[-123.07560019865674,49.262382427042574],[-123.07484657668607,49.262375673625009],[-123.07366153035217,49.262365019965301],[-123.07180262233916,49.262349342570275],[-123.06981013968667,49.262332508278817],[-123.06912167906259,49.262325586401701],[-123.06793952179284,49.262313650333041],[-123.06754589189001,49.262309694958461],[-123.06730742423005,49.26230727646773],[-123.06685424732106,49.262302674778333],[-123.0661390597207,49.262300701092023],[-123.06593125405125,49.262300097775245],[-123.06398442612263,49.262280513146948],[-123.06204554465121,49.262266421569663],[-123.05829085206348,49.262248877240438],[-123.05817263013304,49.262248323163398],[-123.05741217556842,49.262230705491085],[-123.0573656886999,49.262229632330445],[-123.05708893213878,49.262223222257056],[-123.05660673177516,49.262137120829685]]]},"properties":{"CMNTY_HLTH_SERV_AREA_CODE":"3223","CMNTY_HLTH_SERV_AREA_NAME":"Grandview-Woodland","LOCAL_HLTH_AREA_CODE":"322","LOCAL_HLTH_AREA_NAME":"Vancouver - Centre North","HLTH_AUTHORITY_CODE":"3","HLTH_AUTHORITY_NAME":"Vancouver Coastal","OBJECTID":1628}},{"type":"Feature","id":1629,"geometry":{"type":"Polygon","coordinates":[[[-123.05660673177516,49.262137120829685],[-123.05708893213878,49.262223222257056],[-123.0573656886999,49.262229632330445],[-123.05741217556842,49.262230705491085],[-123.05817263013304,49.262248323163398],[-123.05829085206348,49.262248877240438],[-123.06204554465121,49.262266421569663],[-123.06398442612263,49.262280513146948],[-123.06593125405125,49.262300097775245],[-123.0661390597207,49.262300701092023],[-123.06685424732106,49.262302674778333],[-123.06730742423005,49.26230727646773],[-123.06754589189001,49.262309694958461],[-123.06793952179284,49.262313650333041],[-123.06912167906259,49.262325586401701],[-123.06981013968667,49.262332508278817],[-123.07180262233916,49.262349342570275],[-123.07366153035217,49.262365019965301],[-123.07484657668607,49.262375673625009],[-123.07560019865674,49.262382427042574],[-123.07749642052917,49.262397785828192],[-123.0774953660741,49.261411413756782],[-123.07749539530521,49.261347055945748],[-123.07749580449524,49.260994966838247],[-123.07749584026219,49.260983495684918],[-123.0774963239828,49.260533270175273],[-123.07749631809875,49.260524204727218],[-123.07749689215068,49.260065959142302],[-123.07749743517194,49.259634199400821],[-123.07749807346029,49.259166428440381],[-123.0774985082944,49.258815849452745],[-123.07749864206873,49.25874250457229],[-123.07749391051995,49.258490209509375],[-123.07739725366908,49.258237114199225],[-123.07715992626062,49.257969506001089],[-123.07694547511466,49.25782842351888],[-123.07693575443906,49.257822025936527],[-123.07708661087085,49.257826098429],[-123.07761791992819,49.257829727353311],[-123.07762385238348,49.257349349073337],[-123.07763192534361,49.256692383118342],[-123.07784143868214,49.256702617548001],[-123.07979665246417,49.256781618288962],[-123.0815065382025,49.256850403006354],[-123.08170381530977,49.256858407291226],[-123.08339591978272,49.256926703485384],[-123.08358772719157,49.256934605089711],[-123.08391515933944,49.256947666450301],[-123.08533473533701,49.257004308874144],[-123.08553332185879,49.257013305314835],[-123.08722542016015,49.257081513072649],[-123.08744195333408,49.25709011674671],[-123.08909528573351,49.257155381265044],[-123.08945613179003,49.257169623571592],[-123.0897284366774,49.256836505149629],[-123.0898018152668,49.256696208075148],[-123.08985005268588,49.256409203805838],[-123.08920162460041,49.256409708087745],[-123.08743283914403,49.255594513417883],[-123.08699498782708,49.255387356694072],[-123.08565206025992,49.254752018445167],[-123.08522514344384,49.254551298768568],[-123.08373351334693,49.253850704143581],[-123.08322622395444,49.253618121927119],[-123.08181342853786,49.252953917448295],[-123.07991055095772,49.252068307180643],[-123.078025153472,49.251167801568066],[-123.07737815811126,49.250798969285526],[-123.07613860170987,49.250156439047224],[-123.07595707156194,49.250073161695212],[-123.07336759598191,49.248949927022323],[-123.07232491118305,49.248497400517408],[-123.0720431364341,49.24836617592775],[-123.07130834348912,49.248023903805056],[-123.06996074465789,49.247398211850452],[-123.06903883935593,49.24696871991398],[-123.06880934974366,49.246862415508176],[-123.06856239765162,49.246742071940275],[-123.06785013484452,49.24639500862763],[-123.06718053506194,49.24608526774059],[-123.06654651859981,49.245792003443704],[-123.06518911054744,49.245148916722236],[-123.06378094127291,49.244507015621203],[-123.06182582204292,49.243568308738425],[-123.05917652065133,49.242359311025972],[-123.05813882910404,49.241876123402697],[-123.05734082555939,49.242593004845666],[-123.056936622336,49.242969320510852],[-123.05677503065932,49.243244100978359],[-123.05670020851559,49.243449317576733],[-123.05667490684102,49.243739511025126],[-123.05666831682259,49.243995209978472],[-123.05667413422023,49.244617819509926],[-123.0566755234394,49.245418625523627],[-123.0566721280226,49.245797824442903],[-123.05667162672223,49.246281533021623],[-123.05666811438135,49.246704818512363],[-123.05666971171037,49.247112910758382],[-123.05666862657414,49.24810371154576],[-123.05666705251579,49.248411706024683],[-123.05665615566846,49.24864547751708],[-123.05664823995387,49.248816613606301],[-123.05664166167428,49.249282338335732],[-123.05664139869782,49.249301727877658],[-123.05663572991666,49.249706211675239],[-123.05661611131403,49.250621821239633],[-123.05661605892008,49.25064206953509],[-123.05661591163259,49.250688411081285],[-123.05661331379017,49.25153152534854],[-123.05661071516869,49.252054280170277],[-123.0566098473213,49.252235810895279],[-123.05661180597748,49.252355721147467],[-123.05660582556125,49.252884323730378],[-123.05660832939171,49.25349420727278],[-123.05664893061028,49.255084316870686],[-123.05663512667684,49.25644860978467],[-123.05663210947115,49.256755717885731],[-123.05664113485939,49.257261011510053],[-123.05665083337757,49.257804697179083],[-123.05664921194308,49.257865722134746],[-123.05664035892313,49.258198278598741],[-123.05663511247714,49.258396122880811],[-123.05663303446123,49.258474390626645],[-123.05663709224496,49.258710727550934],[-123.05664473063464,49.259156605327732],[-123.05664234345971,49.259452913738492],[-123.05664017372317,49.259940990529195],[-123.05663943705171,49.260105922275258],[-123.05663702423249,49.260359826472396],[-123.05659515019202,49.261020709518284],[-123.05660452687064,49.261262420519017],[-123.05660673177516,49.262137120829685]]]},"properties":{"CMNTY_HLTH_SERV_AREA_CODE":"3231","CMNTY_HLTH_SERV_AREA_NAME":"Cedar Cottage","LOCAL_HLTH_AREA_CODE":"323","LOCAL_HLTH_AREA_NAME":"Vancouver - Northeast","HLTH_AUTHORITY_CODE":"3","HLTH_AUTHORITY_NAME":"Vancouver Coastal","OBJECTID":1629}},{"type":"Feature","id":1630,"geometry":{"type":"Polygon","coordinates":[[[-123.0234953286141,49.265649912718111],[-123.02347343140227,49.266632932611522],[-123.02346705415344,49.26845769370393],[-123.0234670289247,49.268466736857768],[-123.02347461491416,49.269397512518225],[-123.02347682552654,49.26953441735526],[-123.0234830092806,49.270294027297481],[-123.02347262016296,49.271205316224446],[-123.02345093584846,49.272121715072338],[-123.02344702185977,49.272997119334796],[-123.02344403089292,49.27319252586058],[-123.02343913469643,49.273911216434279],[-123.02343941472297,49.27412200804612],[-123.02343251485199,49.274828021626348],[-123.02343312492444,49.274946893662751],[-123.02343712578718,49.275762217508962],[-123.02342780091986,49.276208294502261],[-123.02342381993451,49.27639871584406],[-123.02342504364053,49.276658113959023],[-123.02341912067151,49.277563320065084],[-123.02341986755648,49.277737461183136],[-123.02342203464687,49.278246129299035],[-123.0234138375839,49.278481011921592],[-123.02341784805107,49.279060326151679],[-123.02341353326285,49.279342118502498],[-123.02341076603021,49.279807072948003],[-123.02340824609531,49.280238220939871],[-123.02340823992681,49.280247287878929],[-123.0234079727815,49.280688579970452],[-123.02340772456736,49.281145313198117],[-123.02340762856943,49.281154323601982],[-123.02339745194006,49.282054818719985],[-123.02339714786417,49.282063901740585],[-123.02338252240936,49.282514693402987],[-123.02336805220661,49.28296190581375],[-123.02336797401985,49.282970938302618],[-123.02336464412271,49.283405143425661],[-123.02336113347171,49.283862523465615],[-123.02336107304738,49.283871578951057],[-123.02335804007484,49.284313638198661],[-123.02335510284325,49.284740567028948],[-123.02335504378861,49.284749622540247],[-123.02334811185969,49.285222158981625],[-123.02334162267938,49.285665338065961],[-123.02332427949641,49.286157682717196],[-123.02330853613805,49.286603886593511],[-123.02330822879132,49.286612912715022],[-123.02330364730335,49.287057176649618],[-123.02329902641188,49.287506206003911],[-123.02329672735495,49.287911727727014],[-123.02329404372357,49.288375326484271],[-123.02329072042674,49.288666546132426],[-123.02329008524555,49.288720541460528],[-123.02328905781781,49.288811282150853],[-123.02328362295022,49.28928741228129],[-123.0232680183104,49.289744618810346],[-123.02326682214458,49.290190417905244],[-123.02326153440207,49.29070100847121],[-123.02325414162539,49.291095311290107],[-123.02324654410516,49.291536816575309],[-123.02324469695083,49.291643553232461],[-123.02323905677477,49.291972278774125],[-123.02317511150886,49.292320114900704],[-123.02316685500222,49.292659517531114],[-123.02314019974472,49.292793822073172],[-123.02309234557561,49.292999699330288],[-123.02307692384562,49.293063108420895],[-123.02309704021486,49.293296172318996],[-123.02309841111149,49.293312394758928],[-123.02310053300796,49.293406234659734],[-123.02310146524414,49.293500938894454],[-123.02390442266775,49.293480112297566],[-123.02530643022332,49.293307819339297],[-123.02611853333923,49.29301763570583],[-123.02629771175653,49.292953610060138],[-123.02691673258914,49.292732410127414],[-123.02749422075144,49.292776616011651],[-123.02785002333547,49.292669713062644],[-123.02796013728984,49.29281362338687],[-123.0346983464249,49.291372323987268],[-123.03468412990517,49.291182917656627],[-123.03016054280596,49.292057318882463],[-123.03006553321801,49.291967631414558],[-123.02894992693167,49.292120009245174],[-123.03175434698802,49.290428008037786],[-123.03251194479706,49.290661619274111],[-123.03365323080862,49.290724320262719],[-123.03384493662706,49.291012031871659],[-123.03420322113179,49.290984913371609],[-123.03412092752069,49.29064311320505],[-123.03387344063185,49.29033831098748],[-123.03420232967827,49.290328325244921],[-123.03502842551556,49.29049922648791],[-123.03684275286628,49.29068722796287],[-123.03732401959721,49.290831112582751],[-123.03901742471558,49.290875211395552],[-123.03958002435543,49.291217030264249],[-123.03982883346129,49.29155031933881],[-123.04053102496442,49.292080129279277],[-123.04275944780056,49.292503122774391],[-123.0430891287311,49.292503125927531],[-123.04398263905998,49.292142809228331],[-123.04428564034329,49.292151302874927],[-123.04596414809494,49.292887612441909],[-123.04630763921898,49.293625406159038],[-123.04678882331444,49.293796321978611],[-123.04740912405296,49.293769215508533],[-123.04824733943106,49.293444509611454],[-123.04912734452324,49.29354421701477],[-123.04929081822677,49.29319241770979],[-123.04955233564031,49.293201006665512],[-123.04975872454861,49.293317813515046],[-123.04987073139648,49.293821922112272],[-123.05021333744915,49.293876019348801],[-123.0517372097229,49.293438164084492],[-123.05168786261083,49.292816543843308],[-123.0516308937089,49.292524812382368],[-123.05181449478293,49.292286407433856],[-123.05189738764936,49.292048525837039],[-123.05196866076243,49.291668817790281],[-123.05331201399528,49.291388145677672],[-123.05458085289688,49.291122999702232],[-123.05640592448599,49.290740515478774],[-123.05649915086182,49.290722305851638],[-123.05651966568404,49.290212959382842],[-123.05653973477818,49.289715518911308],[-123.05655156737981,49.289312294803004],[-123.05655378289477,49.289221842945544],[-123.05656026499142,49.288958532698452],[-123.05656772105945,49.288667798947991],[-123.05656761117368,49.28841017347488],[-123.05656855936761,49.28822194433787],[-123.05650656327148,49.288115782149845],[-123.05650688451912,49.287982378151291],[-123.05650751593238,49.287732978336798],[-123.05652155879189,49.287511809306288],[-123.0565248939911,49.287405690560931],[-123.0565271941495,49.287333693284381],[-123.05653542485581,49.287073126778068],[-123.05654613750724,49.286734232887532],[-123.05654034999525,49.286608909242133],[-123.05654163359034,49.28619118198813],[-123.05654314045705,49.285700113238626],[-123.056542009014,49.285273639125748],[-123.05654074481808,49.284784909937471],[-123.05654381479742,49.284347203130416],[-123.05654684956117,49.283909508587215],[-123.05654812361439,49.283456658475117],[-123.05654942990094,49.283001611117008],[-123.05655205381647,49.28253015807325],[-123.05655451859198,49.282077622322554],[-123.05655695747792,49.281648595037517],[-123.05655964190495,49.281174323348367],[-123.05656176755652,49.280713075307659],[-123.0565639514399,49.280240321476818],[-123.05656793893185,49.279636915115795],[-123.05656951710853,49.279113619152177],[-123.05657145545545,49.278689115190083],[-123.05657324880079,49.278296816953691],[-123.05657532626944,49.277870574210908],[-123.05657723124915,49.277475411442587],[-123.05658373548324,49.276616306007632],[-123.05658555277398,49.276116516656877],[-123.05658664260537,49.275812918412754],[-123.0565863238119,49.275666012904011],[-123.05658919394139,49.275216991081884],[-123.05659062534754,49.274991519752348],[-123.05659144262302,49.274761802551332],[-123.05659534504494,49.274160216541084],[-123.05659464154141,49.273846722324897],[-123.0565970378826,49.273289217128436],[-123.05660133704109,49.27293980968944],[-123.05660268385628,49.27250945774756],[-123.05660332705308,49.272301318027708],[-123.05660524256365,49.272055418882687],[-123.05660649655455,49.271627957077328],[-123.05660722217108,49.271373612131946],[-123.05660843138884,49.271203406807551],[-123.05661103954408,49.270791478078202],[-123.0566133960625,49.270410859909191],[-123.05661634808772,49.269990998948892],[-123.05661938166591,49.269558895880735],[-123.05662301160125,49.269414870130866],[-123.05662988094551,49.269082760561638],[-123.05664030856983,49.268579451404655],[-123.05665779041887,49.268157199510725],[-123.0566789527666,49.26764641063636],[-123.05664725973247,49.267263320792793],[-123.056640569904,49.267182603557842],[-123.05660352164604,49.26673462746303],[-123.05660251006334,49.266347757456572],[-123.05660132167613,49.265903113469783],[-123.05660031534696,49.265745432741873],[-123.05660164601798,49.265457212437688],[-123.05660374306721,49.264997923589114],[-123.0566005344398,49.264789707073788],[-123.05661242198143,49.264146931348563],[-123.05661661457826,49.263885813330312],[-123.05658504471805,49.263171525415601],[-123.05658813184607,49.262970701539423],[-123.05660673177516,49.262137120829685],[-123.05587557486442,49.262032267878247],[-123.05586204732755,49.262030317923717],[-123.05552846584338,49.262028337168147],[-123.05499587967991,49.262025160471381],[-123.05472083051112,49.262023510938882],[-123.05302214207232,49.262012315173401],[-123.05222541985459,49.262012109149609],[-123.05053901345137,49.262012379441401],[-123.04960144898263,49.262012524267512],[-123.04705612694694,49.262007727193179],[-123.04432981635681,49.26195381945849],[-123.04357063405479,49.261947254484816],[-123.04159332885143,49.261930120874133],[-123.04014551389425,49.261906619971214],[-123.03909884298255,49.261904917370366],[-123.03790662173755,49.261901004385841],[-123.03653402146698,49.261903012159372],[-123.03515919293135,49.261903796362418],[-123.03401845058843,49.261904422974297],[-123.03383713164432,49.261904502994945],[-123.0336759810167,49.2619042453803],[-123.03366135433603,49.261904221608823],[-123.03334351350732,49.261890111988244],[-123.03307140942131,49.261900810077591],[-123.03188643998595,49.261947306479939],[-123.03155541003039,49.262014767918437],[-123.03104141031147,49.262119513012337],[-123.03086752076157,49.262153512531533],[-123.0308558090634,49.262158213048025],[-123.03001452970135,49.262494815664098],[-123.02870385411998,49.263355987534162],[-123.02849861922903,49.263490831565498],[-123.02700223301879,49.264418348017401],[-123.02681840296498,49.26453224985859],[-123.02672313562928,49.264591317921912],[-123.02668130291696,49.264631796865451],[-123.02658553500839,49.264724409771702],[-123.02618132634576,49.264899712043572],[-123.02606048353519,49.264944446728542],[-123.02603377343344,49.264954350680611],[-123.02588010400068,49.26501121122638],[-123.02546542394673,49.265157434084799],[-123.02494183700188,49.265332214624976],[-123.02425983848633,49.265511527817537],[-123.02371483525509,49.265611818735998],[-123.0234953286141,49.265649912718111]]]},"properties":{"CMNTY_HLTH_SERV_AREA_CODE":"3232","CMNTY_HLTH_SERV_AREA_NAME":"Hastings-Sunrise","LOCAL_HLTH_AREA_CODE":"323","LOCAL_HLTH_AREA_NAME":"Vancouver - Northeast","HLTH_AUTHORITY_CODE":"3","HLTH_AUTHORITY_NAME":"Vancouver Coastal","OBJECTID":1630}},{"type":"Feature","id":1631,"geometry":{"type":"Polygon","coordinates":[[[-123.02356153298618,49.261105422169926],[-123.02355372954887,49.261271026446643],[-123.02354293552295,49.261546319513975],[-123.0235270474105,49.262311336241844],[-123.02352399562045,49.262458613208899],[-123.02351142622724,49.26306460416189],[-123.02349892087548,49.26366646531865],[-123.02349552023318,49.265560724904645],[-123.0234953286141,49.265649912718111],[-123.02371483525509,49.265611818735998],[-123.02425983848633,49.265511527817537],[-123.02494183700188,49.265332214624976],[-123.02546542394673,49.265157434084799],[-123.02588010400068,49.26501121122638],[-123.02603377343344,49.264954350680611],[-123.02606048353519,49.264944446728542],[-123.02618132634576,49.264899712043572],[-123.02658553500839,49.264724409771702],[-123.02668130291696,49.264631796865451],[-123.02672313562928,49.264591317921912],[-123.02681840296498,49.26453224985859],[-123.02700223301879,49.264418348017401],[-123.02849861922903,49.263490831565498],[-123.02870385411998,49.263355987534162],[-123.03001452970135,49.262494815664098],[-123.0308558090634,49.262158213048025],[-123.03086752076157,49.262153512531533],[-123.03104141031147,49.262119513012337],[-123.03155541003039,49.262014767918437],[-123.03188643998595,49.261947306479939],[-123.03307140942131,49.261900810077591],[-123.03334351350732,49.261890111988244],[-123.03366135433603,49.261904221608823],[-123.0336759810167,49.2619042453803],[-123.03383713164432,49.261904502994945],[-123.03401845058843,49.261904422974297],[-123.03515919293135,49.261903796362418],[-123.03653402146698,49.261903012159372],[-123.03790662173755,49.261901004385841],[-123.03909884298255,49.261904917370366],[-123.04014551389425,49.261906619971214],[-123.04159332885143,49.261930120874133],[-123.04357063405479,49.261947254484816],[-123.04432981635681,49.26195381945849],[-123.04705612694694,49.262007727193179],[-123.04960144898263,49.262012524267512],[-123.05053901345137,49.262012379441401],[-123.05222541985459,49.262012109149609],[-123.05302214207232,49.262012315173401],[-123.05472083051112,49.262023510938882],[-123.05499587967991,49.262025160471381],[-123.05552846584338,49.262028337168147],[-123.05586204732755,49.262030317923717],[-123.05587557486442,49.262032267878247],[-123.05660673177516,49.262137120829685],[-123.05660452687064,49.261262420519017],[-123.05659515019202,49.261020709518284],[-123.05663702423249,49.260359826472396],[-123.05663943705171,49.260105922275258],[-123.05664017372317,49.259940990529195],[-123.05664234345971,49.259452913738492],[-123.05664473063464,49.259156605327732],[-123.05663709224496,49.258710727550934],[-123.05663303446123,49.258474390626645],[-123.05663511247714,49.258396122880811],[-123.05664035892313,49.258198278598741],[-123.05664921194308,49.257865722134746],[-123.05665083337757,49.257804697179083],[-123.05664113485939,49.257261011510053],[-123.05663210947115,49.256755717885731],[-123.05663512667684,49.25644860978467],[-123.05664893061028,49.255084316870686],[-123.05660832939171,49.25349420727278],[-123.05660582556125,49.252884323730378],[-123.05661180597748,49.252355721147467],[-123.0566098473213,49.252235810895279],[-123.05661071516869,49.252054280170277],[-123.05661331379017,49.25153152534854],[-123.05661591163259,49.250688411081285],[-123.05661605892008,49.25064206953509],[-123.05661611131403,49.250621821239633],[-123.05663572991666,49.249706211675239],[-123.05664139869782,49.249301727877658],[-123.05664166167428,49.249282338335732],[-123.05664823995387,49.248816613606301],[-123.05665615566846,49.24864547751708],[-123.05666705251579,49.248411706024683],[-123.05666862657414,49.24810371154576],[-123.05666971171037,49.247112910758382],[-123.05666811438135,49.246704818512363],[-123.05667162672223,49.246281533021623],[-123.0566721280226,49.245797824442903],[-123.0566755234394,49.245418625523627],[-123.05667413422023,49.244617819509926],[-123.05666831682259,49.243995209978472],[-123.05667490684102,49.243739511025126],[-123.05670020851559,49.243449317576733],[-123.05677503065932,49.243244100978359],[-123.056936622336,49.242969320510852],[-123.05734082555939,49.242593004845666],[-123.05813882910404,49.241876123402697],[-123.05835751124576,49.241674921260625],[-123.05838942496065,49.241624792008039],[-123.05858632528523,49.241315420852111],[-123.05865993924988,49.241129102676176],[-123.05869482880526,49.240859807717776],[-123.05870359755723,49.24065561010547],[-123.05871511541267,49.240224543098925],[-123.05872651029772,49.239796929740237],[-123.0587371763629,49.239360943989062],[-123.05874802433038,49.238915626989183],[-123.0587721169572,49.238014505441498],[-123.05875203642776,49.23739962589233],[-123.05875243587512,49.237381881010997],[-123.05876331026901,49.236896417186202],[-123.05879693488494,49.23589021157246],[-123.05880605898994,49.23539419820851],[-123.05881549952295,49.23488181099723],[-123.05881963119781,49.234386554318732],[-123.05882382914936,49.233883900723946],[-123.05885249173927,49.233378553103655],[-123.05888312200291,49.232838822549866],[-123.05788101967579,49.232836716118264],[-123.05717196489239,49.232830931057741],[-123.05660902382262,49.232826322875496],[-123.05604550888756,49.232822319448225],[-123.05549613994889,49.232818410195755],[-123.05460336212603,49.232809181141],[-123.05167221527105,49.232778815374509],[-123.0508809878399,49.232772094231443],[-123.05019032559312,49.232766214064249],[-123.04938292156776,49.232765571216603],[-123.04879963379797,49.232765114592794],[-123.04796532049492,49.232779228622924],[-123.04727480837784,49.232859254794185],[-123.04665832165493,49.23293071947603],[-123.04663037627655,49.232932090824718],[-123.04594903235089,49.23296541718549],[-123.04550101269774,49.232950429365687],[-123.04538441573011,49.232992223290815],[-123.04454253784263,49.232998398109594],[-123.0445287010503,49.232998511613552],[-123.04310792728033,49.232994725432945],[-123.04239134729751,49.232994288645287],[-123.04174607090233,49.232993909759443],[-123.04173231699129,49.23299390717127],[-123.04099036468611,49.232986791657169],[-123.0402807626165,49.232979937418499],[-123.04026691576982,49.232979820390668],[-123.03950672023552,49.232977669113239],[-123.03880632920426,49.232975718009492],[-123.03879245368917,49.232976222473042],[-123.03829310160225,49.23299411540242],[-123.03745561775129,49.233144003517445],[-123.03682961594592,49.23340162590079],[-123.03652681872254,49.233606723080541],[-123.03594562583596,49.234171823509101],[-123.03586862185982,49.234131926368505],[-123.03548520331644,49.234541116113611],[-123.03523500576377,49.234808121541988],[-123.03233397869802,49.233599512091423],[-123.03162812360875,49.233305427527554],[-123.03211569202274,49.23281089794385],[-123.03251192679484,49.232409026661898],[-123.03213172649228,49.232235509529858],[-123.03178659276506,49.232132857701359],[-123.03176122316512,49.232125312156143],[-123.03126682896122,49.232021608024439],[-123.0306175162342,49.231976730352386],[-123.02928260954269,49.232047207403554],[-123.02815871513413,49.232103626083443],[-123.02649742012086,49.232168624759673],[-123.02594681151886,49.232191211358924],[-123.02509301120368,49.232231634067652],[-123.0248589195177,49.232243234317131],[-123.02362961987637,49.23229394389606],[-123.0236158004361,49.232294514616569],[-123.02349190576525,49.232300125505816],[-123.0234715108647,49.234330913834938],[-123.02346922406451,49.234506932910385],[-123.02346779750211,49.234614871289615],[-123.02346626242341,49.234731910422134],[-123.02346591314169,49.234757441952105],[-123.02346365822621,49.234929836864609],[-123.02344669223181,49.236217412905404],[-123.02344223321967,49.236993815639565],[-123.02344490942941,49.237765922896877],[-123.02346221910496,49.239572519964447],[-123.02346415866936,49.239585013837086],[-123.02356620444802,49.240242008930188],[-123.02356996321498,49.240386430360672],[-123.02357029318121,49.24039907887326],[-123.02358519890666,49.240973110570707],[-123.0235859507499,49.241496425119273],[-123.02358602038834,49.241535916221856],[-123.02358670969436,49.242054124564106],[-123.02358673565277,49.242063119945854],[-123.02358055688175,49.242566882906495],[-123.02358042776956,49.24257596228189],[-123.02357530381344,49.242990622681425],[-123.02357341705518,49.244433716699128],[-123.02357188555433,49.244833662989706],[-123.02357181162313,49.244849804436733],[-123.02357163444695,49.244903806945402],[-123.02356986038123,49.24536177214712],[-123.02356673857287,49.246186516951326],[-123.02355922063214,49.247052927141148],[-123.02355915855946,49.247061924529753],[-123.02355461597152,49.247917506872568],[-123.02354771309774,49.248837911828126],[-123.02354768795304,49.248846954351066],[-123.02354200862285,49.249741319713827],[-123.0235336297048,49.250663527165365],[-123.02353356941499,49.250672582205759],[-123.02353043129736,49.251506616259604],[-123.02352833410886,49.252416320273134],[-123.02352501306717,49.253141751727675],[-123.02352432937472,49.253288867254049],[-123.02352422510403,49.253316122659449],[-123.02352203814553,49.254206922000087],[-123.02351992481375,49.254731115384757],[-123.02351711242343,49.255310312620004],[-123.02351649860516,49.255529008920611],[-123.02351391046203,49.256431728892615],[-123.02351103128255,49.257333329823602],[-123.02349812182193,49.25821841236997],[-123.02349251806584,49.259119134005303],[-123.02353641481795,49.25982892038126],[-123.02353973386964,49.259882405576377],[-123.0235462372802,49.260102410080123],[-123.02355921992974,49.260799119706363],[-123.02356153298618,49.261105422169926]]]},"properties":{"CMNTY_HLTH_SERV_AREA_CODE":"3233","CMNTY_HLTH_SERV_AREA_NAME":"Renfrew-Collingwood","LOCAL_HLTH_AREA_CODE":"323","LOCAL_HLTH_AREA_NAME":"Vancouver - Northeast","HLTH_AUTHORITY_CODE":"3","HLTH_AUTHORITY_NAME":"Vancouver Coastal","OBJECTID":1631}},{"type":"Feature","id":1632,"geometry":{"type":"Polygon","coordinates":[[[-123.13211933539949,49.257242972326821],[-123.13271356805265,49.257501008701269],[-123.1336267365683,49.257793710152036],[-123.1339344285099,49.257860403938956],[-123.13428427276331,49.257898323595555],[-123.13441885385055,49.257912913094685],[-123.13563608693595,49.257935396406126],[-123.13608570616678,49.257943710692857],[-123.13632324263178,49.257948116643504],[-123.13704732981688,49.257788997124884],[-123.13763485413489,49.25755060799063],[-123.13788444256325,49.257397931045304],[-123.13826294168562,49.257166405752166],[-123.13854463464352,49.257074817408068],[-123.13880933304442,49.257059310587003],[-123.1413091214291,49.25710489650546],[-123.14361422233526,49.257146094638429],[-123.14599492650814,49.257184798182628],[-123.14838645276868,49.257227294831992],[-123.15078413556566,49.257259114713456],[-123.15175011293701,49.257273343791482],[-123.15248033599876,49.257284118620412],[-123.15290805213175,49.257298109804182],[-123.15359134554602,49.257308938488279],[-123.15555923088546,49.257340106154771],[-123.15596466158425,49.257335409267391],[-123.15604585129265,49.257310608559884],[-123.15792891575113,49.257332530096591],[-123.16030225603747,49.257382111444706],[-123.16031597498842,49.257382316684783],[-123.16267742118083,49.257422097556315],[-123.16267737879035,49.257471801097353],[-123.16349865801755,49.257470711086988],[-123.16401045766139,49.257502188093937],[-123.16446025060013,49.257558102754082],[-123.16494204078745,49.257654607851862],[-123.16550664240997,49.257697313564258],[-123.16651044169423,49.257725499378829],[-123.16752612790782,49.257739992471983],[-123.16838374623781,49.257752197733573],[-123.17047755352377,49.25778910390985],[-123.17229165731989,49.257817683813364],[-123.17301637672028,49.257826302545006],[-123.17423795794025,49.257840800800061],[-123.17429294847942,49.257841750955798],[-123.17488224749378,49.257851956369464],[-123.17616445828813,49.257874098287822],[-123.17617823039086,49.257874311904537],[-123.17810623469232,49.25790330860589],[-123.17810787335316,49.257814169804689],[-123.17810911970511,49.257742999019086],[-123.17814893193125,49.257459686003827],[-123.17817214280565,49.257294312648156],[-123.17823644770817,49.257185189165455],[-123.17624334010317,49.255674797833699],[-123.17614516060191,49.255550609463896],[-123.17579228534771,49.255109552497387],[-123.17541506158888,49.254638002951438],[-123.17509235479049,49.254230597195132],[-123.17505830092513,49.254201816480624],[-123.17502041344302,49.254169770234945],[-123.17448756030237,49.253719296580748],[-123.17400030406203,49.253316634673389],[-123.17339572807236,49.252816991314319],[-123.17290956500689,49.252816908792617],[-123.17291302860353,49.252421603611097],[-123.1728899740317,49.252402384169727],[-123.17229862765407,49.251910093993949],[-123.17189295821282,49.251581510828771],[-123.17177835929292,49.251450631199319],[-123.1713909312132,49.251008095407698],[-123.17102345467561,49.250588057826562],[-123.17087476887063,49.250418111916623],[-123.17065350056342,49.250166236781993],[-123.17050625259012,49.249998587827413],[-123.16988864886358,49.24929330722032],[-123.17104592634435,49.249908198132381],[-123.17135583837133,49.250005505970634],[-123.17171215281786,49.25008600132837],[-123.1722347610695,49.250118599664326],[-123.17212528378602,49.249976938355189],[-123.17208205530675,49.249921003890108],[-123.17169112661347,49.249420472674373],[-123.17137045131821,49.249009896525422],[-123.17090492338077,49.248413794853612],[-123.17049173214249,49.248096706874975],[-123.17021806003586,49.247945395535574],[-123.17019056219971,49.247742897320059],[-123.17019163503733,49.247562114906337],[-123.17019465159977,49.247044991642966],[-123.17020815286814,49.246608424641508],[-123.17022293139669,49.246130591234611],[-123.17021250937493,49.245646256907186],[-123.17020214709862,49.245165315059751],[-123.17020764803873,49.244701623807245],[-123.17021344651039,49.244214515438301],[-123.17021858757369,49.243748209144755],[-123.17022402024126,49.243251893929624],[-123.17022887295178,49.24282175312144],[-123.17023426797479,49.242341500939489],[-123.17024704614792,49.241850458473152],[-123.17025983681926,49.241358508026671],[-123.17026191296299,49.240878722572965],[-123.17026382914121,49.240438090593145],[-123.17026113706541,49.239952103849888],[-123.17025846051602,49.239466899000718],[-123.17026680851635,49.238784120785972],[-123.17026983709584,49.238537711155203],[-123.17027039315126,49.23805411684846],[-123.17027095575149,49.237573905565917],[-123.1702729979512,49.237100615371588],[-123.17027513934244,49.236603017136879],[-123.17027380501987,49.236201083277784],[-123.17027178187102,49.235607411895458],[-123.17026884683013,49.23472480827234],[-123.17308235165922,49.234739993364357],[-123.17577002990633,49.234746501740787],[-123.17674412970335,49.234756718693923],[-123.17723772033274,49.234759089262589],[-123.17771254340711,49.234761395165201],[-123.17873015851889,49.234766289952759],[-123.17872828184662,49.234065443226044],[-123.17872765835685,49.233814203800883],[-123.17871324413079,49.23285361315061],[-123.17875634724183,49.232144910263244],[-123.17872113358541,49.230126286896386],[-123.17919637802424,49.230151848781702],[-123.17924374255418,49.230154411930442],[-123.18034875045656,49.230156301826518],[-123.18068997492772,49.230155141019722],[-123.18125309586524,49.230153239560138],[-123.18202796275605,49.230150600732166],[-123.18207433424449,49.229317804474768],[-123.18211821631965,49.228549699112676],[-123.18214674316638,49.228048982286424],[-123.18218014107927,49.227461411879247],[-123.18550465443289,49.22748509818296],[-123.1854843423759,49.226507291270067],[-123.18550905067832,49.22587289306589],[-123.18559265016661,49.225513008415284],[-123.19041794504635,49.225526199176421],[-123.19104538733022,49.22555682360224],[-123.19111250477465,49.225560111557648],[-123.19136383529239,49.220818967151509],[-123.19132183978348,49.22038648564957],[-123.1913114181755,49.21944530372749],[-123.1855646079721,49.21748044162068],[-123.1803703591327,49.215704091367911],[-123.17220312007376,49.214966795988964],[-123.16825273817021,49.2144656559799],[-123.16355897489308,49.21359323617483],[-123.15694020917618,49.210483928987536],[-123.15529649111575,49.20930461365689],[-123.1535655439662,49.207406600314393],[-123.15074282597556,49.205353263497052],[-123.14972712756794,49.205105210697837],[-123.14966267387166,49.205433328331175],[-123.14954376258075,49.206038661959099],[-123.14948672345288,49.20632901816353],[-123.14927097344216,49.207427255299876],[-123.14935684104773,49.207494701225798],[-123.14924222077704,49.207573611470259],[-123.14912939081206,49.207949320926033],[-123.14902487999018,49.208297257861553],[-123.1489739550174,49.208466865988711],[-123.14888874959821,49.208750594565686],[-123.14875804495225,49.208814847043321],[-123.14827473236298,49.209052387769574],[-123.14872741566259,49.209477799975268],[-123.14865654887318,49.209738994693225],[-123.14861673661758,49.210542088244758],[-123.14861035784845,49.210671006156495],[-123.14859427445954,49.211027517959096],[-123.14857273766943,49.21150591318122],[-123.14855164594427,49.211961986464857],[-123.14849404823654,49.213280203080551],[-123.14846935016408,49.214129891989522],[-123.14845139639681,49.214597379341555],[-123.14843272639477,49.215083700038036],[-123.1484093519818,49.215777604231455],[-123.14849317261481,49.216014647179662],[-123.14851222635052,49.216068602169123],[-123.14840493847178,49.216384816683146],[-123.14825500112642,49.216478125249154],[-123.14829703410207,49.216555606896719],[-123.14832573843886,49.216914900224495],[-123.14832688980405,49.217188393279983],[-123.14832742232532,49.217323317233351],[-123.14832923166148,49.217751817619977],[-123.14831048100366,49.21818610455243],[-123.14829343846426,49.218580501010671],[-123.14827909671644,49.219031997315078],[-123.14826564298424,49.219458010225807],[-123.14751523024356,49.219449854967721],[-123.14681861623335,49.219442302278182],[-123.1453211371003,49.21942330308871],[-123.14382193862053,49.219430494523394],[-123.1408566286305,49.219355497543219],[-123.14014538423363,49.219337513107462],[-123.14012013334779,49.219903436626957],[-123.14007471416252,49.220819240254826],[-123.14003086684437,49.22170984885873],[-123.14000502173712,49.222618994558921],[-123.13996325196128,49.223521303904263],[-123.13994483266248,49.224086501645751],[-123.13991742859756,49.224752474982473],[-123.13982613925188,49.226972201807605],[-123.1398064904847,49.227470602966015],[-123.13978942793017,49.227902616703574],[-123.1397517451899,49.228780813644363],[-123.13971734599816,49.229696800226392],[-123.13967855846502,49.230637109810978],[-123.13960813269742,49.232471913258642],[-123.13963935236229,49.23434910737469],[-123.13876788225549,49.234316331313821],[-123.13800932510252,49.234287793388098],[-123.13721875095793,49.234262309485381],[-123.1364063447247,49.234234412363328],[-123.13564898009888,49.234208180990954],[-123.1348404380483,49.234180199915947],[-123.1340844717638,49.234154574761718],[-123.13337183665435,49.234130406030737],[-123.13257313095382,49.234101903712535],[-123.13186756603957,49.23407868766445],[-123.13069359156664,49.234036630772998],[-123.13054142719592,49.23398844674842],[-123.13039767699983,49.233981937260424],[-123.12889024215004,49.233924110917719],[-123.12809391816252,49.233893573203012],[-123.1280913067497,49.233961482360499],[-123.12808932444037,49.234012343106059],[-123.12807375269932,49.234465410203498],[-123.12799514357292,49.236755400420925],[-123.127966928124,49.237654507824772],[-123.12793708385178,49.238543018154111],[-123.12790485262349,49.239502659421248],[-123.1278712787319,49.240501039697158],[-123.12785404615013,49.241013934701655],[-123.12783962141083,49.241443305107126],[-123.12780872336774,49.242386503689147],[-123.12770035526154,49.243583510852858],[-123.12768923249091,49.243986848206539],[-123.12768425092467,49.244166832471095],[-123.12767496562209,49.244504308921506],[-123.127665547652,49.245410208234496],[-123.12767833309275,49.246312209081097],[-123.12761594332504,49.247232011839102],[-123.12758492730541,49.248155317707393],[-123.12755441422951,49.248659840136689],[-123.12752523141546,49.249141906699755],[-123.12752915726031,49.249344614070992],[-123.12751868227819,49.250018697161309],[-123.12750613025212,49.250825812961587],[-123.12748209172571,49.251341313000275],[-123.12746413637508,49.251725412900605],[-123.12744446573345,49.252177927465219],[-123.12742503943878,49.252624203341739],[-123.12740324941382,49.253104150803203],[-123.12738364884288,49.253535613138283],[-123.12736380013571,49.253994726925491],[-123.12734553092507,49.254418227315206],[-123.12730556196728,49.255330514740606],[-123.12727275090953,49.2560817106069],[-123.12726694143734,49.256241894658963],[-123.12724601650217,49.256693105454538],[-123.12722613637473,49.257122598938615],[-123.12765295954561,49.257040317827965],[-123.12783676537781,49.257042042127935],[-123.13032023843452,49.257065417273239],[-123.13084691745762,49.257067459621048],[-123.13179115836941,49.257112426335482],[-123.13180492084682,49.257112416580767],[-123.13181863039854,49.25711239640998],[-123.13211933539949,49.257242972326821]]]},"properties":{"CMNTY_HLTH_SERV_AREA_CODE":"3241","CMNTY_HLTH_SERV_AREA_NAME":"Shaughnessy/Arbutus Ridge/Kerrisdale","LOCAL_HLTH_AREA_CODE":"324","LOCAL_HLTH_AREA_NAME":"Vancouver - Westside","HLTH_AUTHORITY_CODE":"3","HLTH_AUTHORITY_NAME":"Vancouver Coastal","OBJECTID":1632}},{"type":"Feature","id":1633,"geometry":{"type":"Polygon","coordinates":[[[-123.21910931378579,49.277569794822739],[-123.21934070224383,49.277637796136283],[-123.21958136514981,49.277738368880819],[-123.21991124246095,49.277771987257381],[-123.22048037156311,49.277871608244162],[-123.22068161066191,49.277971210139924],[-123.22087769761389,49.278005115855265],[-123.22131914844655,49.278040569130994],[-123.2216142728923,49.278073730771908],[-123.22204619158913,49.278272142665806],[-123.22235046679278,49.278203967848867],[-123.22287679110396,49.278106070857397],[-123.22318331391716,49.278104669253288],[-123.22348113274296,49.27807758740736],[-123.22378576209148,49.278079874959801],[-123.22381733187022,49.277821645602188],[-123.22388115382839,49.277391605032648],[-123.22423626838081,49.276548755149136],[-123.22397553652426,49.274850585340488],[-123.22397352043866,49.274766456894142],[-123.22392818630814,49.27287035423813],[-123.222180421964,49.271079008344927],[-123.22150209096259,49.27056395622531],[-123.22157256685692,49.268778109015436],[-123.22153893075691,49.26878164201203],[-123.22025846857946,49.268916790237519],[-123.21961421968545,49.268984792468267],[-123.21955595190293,49.268810386988264],[-123.21955590820913,49.26879761602342],[-123.21955275729862,49.268016787239333],[-123.21958396428433,49.267243907647369],[-123.21868201837688,49.267294543758744],[-123.21703375476534,49.267387091797779],[-123.21505623263158,49.26737388734437],[-123.21507217116255,49.266943210388305],[-123.21508708150942,49.266540684561626],[-123.21510233552014,49.266133688252985],[-123.21511670264987,49.265749744394697],[-123.21511820486612,49.265678633445965],[-123.21512765809713,49.265613134488603],[-123.21513756798453,49.265503894658629],[-123.21514796238658,49.265389374878765],[-123.21516050252382,49.265261491116604],[-123.21520451771271,49.264813504672667],[-123.21523023476121,49.2644077960042],[-123.21525578741019,49.264005092951273],[-123.21526029631762,49.263861118034619],[-123.21527056366337,49.263453922080814],[-123.21528224386836,49.26299251919216],[-123.21530447310731,49.262096006872476],[-123.21531626574139,49.261645397139787],[-123.21532190823361,49.261429594665948],[-123.21532784185062,49.261202189711604],[-123.21537107690312,49.260298998924334],[-123.21537747043357,49.259855456012183],[-123.21538417966413,49.259394200683872],[-123.21540377382634,49.258518298239643],[-123.21539001168522,49.258517940378361],[-123.21235085624485,49.258442204886414],[-123.21233711545207,49.258441926447645],[-123.20933960331766,49.258380477005986],[-123.20932586118981,49.258380198148437],[-123.20630089910937,49.258318993577085],[-123.20628713911771,49.258318692252423],[-123.20324472004057,49.258273015669111],[-123.20323094627045,49.258272806369206],[-123.20323789792529,49.258187764792531],[-123.20324183127678,49.258138895548115],[-123.20325174132165,49.257974331031853],[-123.20322257527467,49.257831552211627],[-123.20303749871903,49.256925770979173],[-123.20293903966748,49.256700021336627],[-123.2010257581115,49.256735587548235],[-123.19803674936793,49.256614873997279],[-123.19656064954128,49.256528903143654],[-123.19655728704038,49.256092804445011],[-123.19655366134685,49.255621689847594],[-123.19654845497344,49.255206290489561],[-123.19649644044684,49.253939904099781],[-123.19668768544396,49.252912365332307],[-123.19680466245204,49.251974306826156],[-123.19680676399281,49.251965776724099],[-123.19677645086182,49.250246366437452],[-123.19884763211333,49.250155388060207],[-123.19913163910024,49.250069987467754],[-123.20002655744085,49.25005961996888],[-123.20057045967016,49.250053305359494],[-123.20106963994925,49.24996417251706],[-123.20402867475003,49.249435872149554],[-123.20433414595523,49.249356478172942],[-123.20462225578565,49.249133372202913],[-123.2031890578118,49.248418007792608],[-123.20123075697028,49.247440399116371],[-123.20021590918688,49.246942744832893],[-123.20000476932591,49.246839203210179],[-123.19991017585663,49.246792826935554],[-123.19979363040659,49.246735661158212],[-123.19906342035574,49.246377592867653],[-123.19892864612493,49.246311510283064],[-123.19835868083082,49.246288846954933],[-123.19676823224259,49.246225593104512],[-123.19677901863207,49.245784042069815],[-123.19679153319643,49.245271406435712],[-123.19678514919822,49.244830171465139],[-123.19677773045893,49.244318995960775],[-123.19678318700907,49.243886062901012],[-123.19678964916507,49.243370887893974],[-123.19679507695919,49.242932538301986],[-123.19679550316384,49.242897221981607],[-123.19680135910696,49.242427204628541],[-123.19680774928231,49.241970074030405],[-123.19681463378564,49.241479997409115],[-123.19681522543596,49.241034390709089],[-123.19681584659192,49.240550486346201],[-123.19682612048851,49.239584291212992],[-123.19683181912457,49.239118273882596],[-123.19683756875099,49.238645089522556],[-123.19834487770919,49.238596062181138],[-123.19841347018833,49.236495491524458],[-123.19685115696008,49.23648639535962],[-123.19684713633183,49.235644099180504],[-123.19684885374394,49.235524283707299],[-123.1969217936991,49.235317365400981],[-123.19694004000237,49.23526551495415],[-123.19709664380231,49.235057909407089],[-123.1996878528074,49.235776390772742],[-123.20001092484374,49.235866162455629],[-123.2052390531378,49.237318401814839],[-123.20532946534894,49.237344142967991],[-123.2055055367214,49.237224401939002],[-123.20592575736237,49.236948902564016],[-123.20718194112004,49.236150896747795],[-123.20720969078671,49.236127336171364],[-123.20743340786382,49.235937427639627],[-123.20747124580085,49.235905300161278],[-123.20784625422631,49.235674486943708],[-123.20817071403171,49.235440516459413],[-123.20833704744898,49.235320599811509],[-123.20845932980319,49.235189523810284],[-123.20855270177252,49.235089450117215],[-123.20858172907525,49.235058318281084],[-123.20941283286466,49.235460725805304],[-123.2094573283962,49.235476017739309],[-123.22008363180089,49.239131960676559],[-123.22098789670999,49.237798707191857],[-123.22131636549079,49.237329368310945],[-123.22159754746045,49.236995429817959],[-123.22154356732388,49.236966481558355],[-123.221213141213,49.236736199652761],[-123.22092162342248,49.236470764166889],[-123.22040769201065,49.236101240946049],[-123.21984480171763,49.235771727560227],[-123.21938528143033,49.235605879927768],[-123.21914663853246,49.235540088664827],[-123.21894230704137,49.235434858885469],[-123.21848661679462,49.235274322045626],[-123.21762861601131,49.234913630972457],[-123.21697823998191,49.234604911585933],[-123.21675147740866,49.234540933617005],[-123.21591529304104,49.234228990679362],[-123.21585218325487,49.234205444844633],[-123.21491600603801,49.233642696130296],[-123.21374417320877,49.233204774656947],[-123.21343914692555,49.233044509176068],[-123.21238061369822,49.232439603167329],[-123.21134931226128,49.231973225501399],[-123.21109914300094,49.231901641658915],[-123.21084496936307,49.231839667157502],[-123.21052482910517,49.231578241857541],[-123.21035261636743,49.231474701491656],[-123.21008175406939,49.231404238051439],[-123.20984621341944,49.23130581835958],[-123.20971860679177,49.231174134595086],[-123.20961662991512,49.23100433355436],[-123.2094121311773,49.230905299187555],[-123.20928247722486,49.230771242386496],[-123.209183513681,49.230604721775798],[-123.2086996954002,49.230252092929625],[-123.20851992230675,49.230138711988587],[-123.20834252534196,49.229995599399039],[-123.20794114473073,49.229535419538379],[-123.20764919110709,49.229306661243193],[-123.20744967557509,49.229203383957767],[-123.20731131783123,49.229068760079912],[-123.20711270985217,49.228936345021481],[-123.20671219716991,49.228771269069867],[-123.2064129907252,49.228704429904283],[-123.20629513527709,49.228582517307039],[-123.20614622334628,49.228204643118076],[-123.20602774057487,49.228082078807383],[-123.20591975624842,49.227911527297209],[-123.20584985199243,49.227743201846927],[-123.20601088753696,49.227384277212693],[-123.20604741669919,49.226938228935623],[-123.20588125989271,49.226576771921088],[-123.20561443172845,49.226307320475861],[-123.20545434256755,49.226173295610735],[-123.20502266139975,49.225975337532333],[-123.20479031119858,49.225907423906072],[-123.20461768283312,49.225774677671211],[-123.2045841272331,49.225586104785073],[-123.20458194067255,49.225374463644904],[-123.20448621586205,49.225210149962756],[-123.20344303439789,49.224537833820605],[-123.20321860465586,49.224440733132894],[-123.20301376113136,49.224338932823557],[-123.20211831610636,49.224004618146743],[-123.2017823211517,49.22373700288734],[-123.20168265577659,49.223604018082007],[-123.20168262132414,49.223466024896759],[-123.20173190903442,49.223284772410722],[-123.20188104023656,49.223067690562289],[-123.20188153537987,49.222843821676882],[-123.20178281713947,49.222539790540303],[-123.20227089420527,49.22182131774403],[-123.1913114181755,49.21944530372749],[-123.19132183978348,49.22038648564957],[-123.19136383529239,49.220818967151509],[-123.19111250477465,49.225560111557648],[-123.19104538733022,49.22555682360224],[-123.19041794504635,49.225526199176421],[-123.18559265016661,49.225513008415284],[-123.18550905067832,49.22587289306589],[-123.1854843423759,49.226507291270067],[-123.18550465443289,49.22748509818296],[-123.18218014107927,49.227461411879247],[-123.18214674316638,49.228048982286424],[-123.18211821631965,49.228549699112676],[-123.18207433424449,49.229317804474768],[-123.18202796275605,49.230150600732166],[-123.18125309586524,49.230153239560138],[-123.18068997492772,49.230155141019722],[-123.18034875045656,49.230156301826518],[-123.17924374255418,49.230154411930442],[-123.17919637802424,49.230151848781702],[-123.17872113358541,49.230126286896386],[-123.17875634724183,49.232144910263244],[-123.17871324413079,49.23285361315061],[-123.17872765835685,49.233814203800883],[-123.17872828184662,49.234065443226044],[-123.17873015851889,49.234766289952759],[-123.17771254340711,49.234761395165201],[-123.17723772033274,49.234759089262589],[-123.17674412970335,49.234756718693923],[-123.17577002990633,49.234746501740787],[-123.17308235165922,49.234739993364357],[-123.17026884683013,49.23472480827234],[-123.17027178187102,49.235607411895458],[-123.17027380501987,49.236201083277784],[-123.17027513934244,49.236603017136879],[-123.1702729979512,49.237100615371588],[-123.17027095575149,49.237573905565917],[-123.17027039315126,49.23805411684846],[-123.17026983709584,49.238537711155203],[-123.17026680851635,49.238784120785972],[-123.17025846051602,49.239466899000718],[-123.17026113706541,49.239952103849888],[-123.17026382914121,49.240438090593145],[-123.17026191296299,49.240878722572965],[-123.17025983681926,49.241358508026671],[-123.17024704614792,49.241850458473152],[-123.17023426797479,49.242341500939489],[-123.17022887295178,49.24282175312144],[-123.17022402024126,49.243251893929624],[-123.17021858757369,49.243748209144755],[-123.17021344651039,49.244214515438301],[-123.17020764803873,49.244701623807245],[-123.17020214709862,49.245165315059751],[-123.17021250937493,49.245646256907186],[-123.17022293139669,49.246130591234611],[-123.17020815286814,49.246608424641508],[-123.17019465159977,49.247044991642966],[-123.17019163503733,49.247562114906337],[-123.17019056219971,49.247742897320059],[-123.17021806003586,49.247945395535574],[-123.17049173214249,49.248096706874975],[-123.17090492338077,49.248413794853612],[-123.17137045131821,49.249009896525422],[-123.17169112661347,49.249420472674373],[-123.17208205530675,49.249921003890108],[-123.17212528378602,49.249976938355189],[-123.1722347610695,49.250118599664326],[-123.17171215281786,49.25008600132837],[-123.17135583837133,49.250005505970634],[-123.17104592634435,49.249908198132381],[-123.16988864886358,49.24929330722032],[-123.17050625259012,49.249998587827413],[-123.17065350056342,49.250166236781993],[-123.17087476887063,49.250418111916623],[-123.17102345467561,49.250588057826562],[-123.1713909312132,49.251008095407698],[-123.17177835929292,49.251450631199319],[-123.17189295821282,49.251581510828771],[-123.17229862765407,49.251910093993949],[-123.1728899740317,49.252402384169727],[-123.17291302860353,49.252421603611097],[-123.17290956500689,49.252816908792617],[-123.17339572807236,49.252816991314319],[-123.17400030406203,49.253316634673389],[-123.17448756030237,49.253719296580748],[-123.17502041344302,49.254169770234945],[-123.17505830092513,49.254201816480624],[-123.17509235479049,49.254230597195132],[-123.17541506158888,49.254638002951438],[-123.17579228534771,49.255109552497387],[-123.17614516060191,49.255550609463896],[-123.17624334010317,49.255674797833699],[-123.17823644770817,49.257185189165455],[-123.17817214280565,49.257294312648156],[-123.17814893193125,49.257459686003827],[-123.17810911970511,49.257742999019086],[-123.17810787335316,49.257814169804689],[-123.17810623469232,49.25790330860589],[-123.17812004527411,49.257903567115797],[-123.18000643533763,49.257939519073823],[-123.18071206885848,49.257949703909546],[-123.18180128249506,49.257965406268838],[-123.18208555441615,49.257969490942742],[-123.18402895856684,49.257995008965146],[-123.18402873252049,49.258461273819499],[-123.18402856597791,49.258906506490085],[-123.18398517486507,49.259369776120039],[-123.18396605274467,49.259574113045986],[-123.18399327951809,49.259700251108924],[-123.18401966066413,49.259822309370058],[-123.18424323702898,49.260009197339301],[-123.18464678775015,49.260304198265274],[-123.18515228666996,49.260673687503818],[-123.18529189852715,49.260775747938439],[-123.18581106547823,49.261155206037301],[-123.18587435769047,49.261274579094319],[-123.18590596370902,49.261334192495617],[-123.18591597101231,49.26147233278018],[-123.18593066688381,49.26167440135481],[-123.18593358116364,49.262119236159293],[-123.18593643881417,49.262552798661225],[-123.18592556768223,49.263009595921858],[-123.18592281629046,49.263124229802663],[-123.18591414616925,49.263487102818353],[-123.18590404118878,49.263945325420401],[-123.18589457075956,49.264375601037329],[-123.18586754986212,49.264845016285605],[-123.18584415566764,49.265252487256248],[-123.18582708595042,49.265672300384303],[-123.18581073275445,49.266074001734822],[-123.18579346386858,49.266508477958638],[-123.18577653894047,49.266933202893576],[-123.18576161286673,49.267300201653306],[-123.18574297148292,49.267758303543943],[-123.18570204922725,49.268612896578027],[-123.18569260647726,49.269117528742292],[-123.18568486495489,49.269531212088737],[-123.18567093696866,49.270008178840897],[-123.18565934287552,49.270404217447997],[-123.18564304047202,49.270912019978169],[-123.18562986017056,49.271321194739812],[-123.18560899693729,49.27181647421326],[-123.18558945954067,49.272280295192495],[-123.18557105619054,49.272878783494171],[-123.18556524552612,49.273065092193292],[-123.18570353867078,49.273282241113712],[-123.18571544201349,49.27330345470758],[-123.18581394222805,49.273340187902683],[-123.18668311374601,49.273340105255066],[-123.18691369340662,49.273370654242918],[-123.18711969747274,49.273439608090925],[-123.18727856583513,49.273504311417831],[-123.18744605377493,49.27353842740682],[-123.18751665136433,49.273572998020541],[-123.18771335706514,49.273607043554534],[-123.18795098284912,49.273637689182841],[-123.18821491400746,49.273637634128086],[-123.18844658762998,49.273637481259783],[-123.18851487170177,49.273473520507757],[-123.18854553221922,49.273306383822259],[-123.18861412368888,49.273172155509364],[-123.18878294449964,49.273107336410675],[-123.18901947075989,49.2730387005547],[-123.1891183351986,49.273038734387832],[-123.18918070588961,49.273004059946729],[-123.18942068267353,49.272973196129321],[-123.18965332433696,49.272939503581973],[-123.18971385665375,49.272939582708368],[-123.18984893669138,49.272905374279603],[-123.1900752496519,49.27287139897691],[-123.19034568760718,49.272840563247783],[-123.19084872555008,49.272840365081045],[-123.1911189089363,49.272805506437173],[-123.19158240225255,49.27273724021547],[-123.19181663994559,49.272672870215708],[-123.1920464794693,49.272672513418378],[-123.19228208925468,49.27263841333145],[-123.1928444780124,49.272638215926598],[-123.19314912516246,49.272672397332066],[-123.19401226526728,49.272672518896535],[-123.1943145707524,49.272706971163998],[-123.19457988032968,49.272706898693293],[-123.19481819228828,49.272738064083846],[-123.19504575959475,49.272805949927594],[-123.19528443962739,49.272841197633802],[-123.19568303534137,49.272975158277134],[-123.19601657755017,49.273108428982646],[-123.19634807017549,49.273304504181027],[-123.19667936188831,49.273639050610626],[-123.19681390477719,49.273901778037015],[-123.19694378414493,49.274203749336984],[-123.19698397084142,49.274240256454142],[-123.19691753648435,49.274240435286544],[-123.19772214546467,49.27490840123221],[-123.1982811549648,49.275171239353405],[-123.19821227252959,49.27537323068821],[-123.19844398892172,49.275373423837138],[-123.19877625931417,49.275403125769841],[-123.19968528854805,49.275507006998879],[-123.19991356333,49.275572178261442],[-123.20001163308031,49.275640306132892],[-123.20015527815943,49.275672521531767],[-123.20041591667777,49.27573939848093],[-123.20131956370285,49.276072916352767],[-123.20161683920568,49.276244661367052],[-123.20195078450455,49.276437588824393],[-123.2019801054096,49.276407107018557],[-123.20211873407754,49.27647347215742],[-123.20211839583013,49.276506388581396],[-123.20241639347398,49.276506069938378],[-123.20321757666797,49.276372594391447],[-123.20371269878564,49.276205116665231],[-123.20408597271864,49.276138826060269],[-123.20475314837218,49.276006253662324],[-123.2054555271411,49.275907672267465],[-123.20915308081352,49.275403910974177],[-123.21044774557242,49.27533892819438],[-123.21115409721737,49.275340430169848],[-123.21153945092502,49.275522738741486],[-123.2117156041154,49.275606526846332],[-123.21171608859365,49.275909438844288],[-123.21164739143823,49.276371296098702],[-123.21168688173145,49.27646972580574],[-123.21171345484593,49.276411656774279],[-123.21174729957714,49.27640535532953],[-123.21184620063731,49.276204930526056],[-123.21184610769362,49.276007214013163],[-123.21191378291626,49.275937969086741],[-123.21208222569501,49.27590741853362],[-123.21307623356466,49.275972007350312],[-123.21338402638098,49.2760397825556],[-123.21354836466749,49.276143677117027],[-123.21361589112757,49.27634594507434],[-123.2136143686635,49.276543938429782],[-123.21344763804805,49.27693953565268],[-123.21344971951088,49.277004650313614],[-123.21351758962265,49.276970292560947],[-123.21358177539028,49.276910049826085],[-123.2136467661111,49.276739089310588],[-123.21373808947619,49.276707097615031],[-123.21421399033075,49.276640278790708],[-123.21449562779274,49.276639852247172],[-123.21496143958906,49.276654148200926],[-123.21557806656722,49.276673956354905],[-123.2158463652291,49.276704163497122],[-123.21604813485533,49.276803224451854],[-123.21617914923294,49.27694030328621],[-123.21621749761017,49.277172293458882],[-123.21634736448767,49.277308873132149],[-123.21638857021418,49.277547489138719],[-123.21658675840355,49.277604487093257],[-123.21720720486631,49.277540976693729],[-123.21784626994332,49.277505962436457],[-123.21851544692608,49.277505920499408],[-123.21910931378579,49.277569794822739]]]},"properties":{"CMNTY_HLTH_SERV_AREA_CODE":"3242","CMNTY_HLTH_SERV_AREA_NAME":"West Point Grey/Dunbar-Southlands","LOCAL_HLTH_AREA_CODE":"324","LOCAL_HLTH_AREA_NAME":"Vancouver - Westside","HLTH_AUTHORITY_CODE":"3","HLTH_AUTHORITY_NAME":"Vancouver Coastal","OBJECTID":1633}},{"type":"Feature","id":1634,"geometry":{"type":"Polygon","coordinates":[[[-123.22378576209148,49.278079874959801],[-123.22493942693998,49.278104533214098],[-123.22524350937732,49.278138239378109],[-123.22593100580126,49.278364772529642],[-123.22638883623387,49.278542183044387],[-123.2271358201629,49.278768246022601],[-123.22773532845019,49.278872599066815],[-123.22824145563266,49.278905341561575],[-123.22994926107552,49.279070502499991],[-123.23089011869952,49.279207923845206],[-123.23145569816035,49.279268933802733],[-123.23271008194918,49.279439381443687],[-123.23298333729058,49.279505075341703],[-123.23329811343224,49.279539080201133],[-123.23362845045675,49.279537342171224],[-123.23391987808245,49.279507380179297],[-123.23408213832606,49.279474607022493],[-123.23458030537773,49.279238227703814],[-123.23502953654858,49.279079636331275],[-123.23530511614506,49.279040156410453],[-123.23598495071717,49.279039205928399],[-123.23625192427056,49.279073557140592],[-123.23635238879574,49.279104652945875],[-123.23645041371424,49.27920701375978],[-123.23645061644319,49.279238016871503],[-123.23654985159223,49.279340646316385],[-123.23718057707474,49.279306401012789],[-123.23750862939089,49.279306388598904],[-123.23781608556018,49.279340710813592],[-123.23801409797026,49.279439353501935],[-123.23823984150276,49.279642159070448],[-123.23831171465993,49.279706856314284],[-123.23841691581623,49.279770004915569],[-123.23878804965238,49.279871129974687],[-123.23941944314178,49.279939180449794],[-123.23968526568157,49.279870769322649],[-123.23991225549217,49.279772332117588],[-123.24051696665268,49.279706809620308],[-123.24099783733053,49.27983645014158],[-123.24131703088436,49.279904904250614],[-123.24161132113592,49.279939029425641],[-123.24331752454248,49.279905243488763],[-123.24401945631935,49.279870798631968],[-123.24415513091573,49.279870141679446],[-123.2444601873641,49.279838570997214],[-123.24470716651183,49.279806802429633],[-123.24517817937382,49.279603866856014],[-123.2454130224597,49.279539161783113],[-123.24571580141411,49.279504306068681],[-123.24638112391867,49.279474165514721],[-123.24771866416449,49.279138669228168],[-123.24827826859571,49.278959773928065],[-123.24894081452392,49.27874017243559],[-123.24971502387012,49.278506263447653],[-123.24998556149659,49.278470376407419],[-123.25021527021634,49.278370792172197],[-123.25077841948278,49.278039511268751],[-123.25149586269596,49.277496620089053],[-123.25231204549583,49.277040666420227],[-123.25400186603355,49.275944418462501],[-123.25415567961865,49.275869489791923],[-123.25500968116749,49.275208220280867],[-123.25521843092166,49.27507208538605],[-123.25578395555723,49.274972420532613],[-123.25624514726746,49.274806454358405],[-123.2564476828706,49.274705802552468],[-123.25708586833598,49.274130803362539],[-123.2573186109657,49.273838145122085],[-123.25798304051969,49.273302263453211],[-123.25824820538412,49.273003281827378],[-123.25860017567466,49.272746483391352],[-123.25943713351221,49.272295157973616],[-123.26001856228734,49.272004289833362],[-123.26011750069208,49.271806592834324],[-123.26028599227122,49.271707544730347],[-123.26061057733638,49.271707427741966],[-123.26088050384745,49.271637913310578],[-123.26101925453004,49.271503716008134],[-123.26121775486732,49.271405662156056],[-123.2614542042699,49.271340231552543],[-123.26184492373278,49.27114081388676],[-123.26206788816681,49.270995139999691],[-123.26224295311953,49.270907594903441],[-123.26241284224893,49.270772789629888],[-123.26262361256903,49.270432423001715],[-123.2630109757059,49.26993938756214],[-123.26308518863789,49.269772579145616],[-123.26328458927604,49.269138199305729],[-123.26359451495557,49.268448478929464],[-123.2637573813703,49.268102090689311],[-123.26398454643974,49.267739943098448],[-123.26451812839645,49.267106733799231],[-123.26461886334371,49.266935117385152],[-123.26477301814995,49.266551728778033],[-123.26484658789929,49.266340431270116],[-123.2648639289995,49.266020895634469],[-123.2648724394639,49.265863480283407],[-123.26488459937957,49.26563859695441],[-123.2647483486205,49.26527132224669],[-123.26477863307868,49.265074827633214],[-123.26501663157816,49.265139062951299],[-123.26521368735038,49.265237666131512],[-123.26547999763375,49.265237752146533],[-123.26554911898299,49.265172797823666],[-123.26567899083172,49.265138030943788],[-123.26591684803114,49.265039103947885],[-123.26615069209488,49.264971078264907],[-123.26615092547895,49.264836974693424],[-123.26574591953948,49.264405088731792],[-123.2655807008869,49.264273307407862],[-123.26535075231607,49.264307218878756],[-123.26521280810965,49.264440367387721],[-123.2649479753228,49.264470891958688],[-123.2645028439118,49.264388745506267],[-123.26441137368039,49.264371534408049],[-123.2637179545838,49.263871788647187],[-123.26358190916794,49.263740217678425],[-123.26341883968414,49.263609821980474],[-123.2626495529356,49.263139183944098],[-123.26241059431727,49.263039857371908],[-123.26214671297551,49.262971468996021],[-123.26204795455882,49.262840096876502],[-123.2619483358115,49.26266970931362],[-123.26195821593997,49.262520896861673],[-123.26196857693881,49.262348853049325],[-123.26208591192842,49.26103750984813],[-123.26245121051451,49.260306569570254],[-123.26258347423175,49.26017084885541],[-123.2627799135479,49.260072553042896],[-123.26295009407687,49.259936274253818],[-123.26324988539633,49.259639618948945],[-123.26394861452013,49.259171479450174],[-123.26445676337053,49.258875766990059],[-123.26491648498613,49.258603820098799],[-123.26511637672722,49.258503655851285],[-123.26528233661458,49.258405234208475],[-123.26544821223824,49.258272899899048],[-123.26574764022203,49.25787144872978],[-123.26584581118932,49.257837064658332],[-123.26591717443874,49.257637065674906],[-123.26628062235314,49.257174570743778],[-123.26635400878079,49.256959391325871],[-123.26661679467773,49.256174030043809],[-123.26664784532679,49.255705165578028],[-123.26654785012374,49.255300446865093],[-123.26654752866727,49.255105819946905],[-123.26664677376766,49.254907371042044],[-123.2667867481731,49.25480350786205],[-123.26754873852967,49.254373381077954],[-123.2677157821546,49.254240094452157],[-123.26757880504427,49.254239992268502],[-123.26744859479092,49.254205463626008],[-123.267216142702,49.254268790407409],[-123.26701557318582,49.254372085699359],[-123.26654959376847,49.254537144253888],[-123.26635115789419,49.25463977455275],[-123.26608329248623,49.254705626060804],[-123.26594521807897,49.254840178417638],[-123.26594525292525,49.255071420587377],[-123.26615323863368,49.255375582539017],[-123.26627430236492,49.255779802387472],[-123.26631199163592,49.256010067164219],[-123.26624983960404,49.256473546378082],[-123.26591699550336,49.257201125800862],[-123.26567745157634,49.257575501599398],[-123.26520448383879,49.257977149684919],[-123.26468129348616,49.258369898352264],[-123.26382631216971,49.258865735613824],[-123.26351340557929,49.25900197922779],[-123.26335215885538,49.25913771096829],[-123.26311609959635,49.259206620067665],[-123.26292080216218,49.259401375838422],[-123.26275109143828,49.259537243246143],[-123.26251846044592,49.259634993760912],[-123.26227836976855,49.259672040235593],[-123.26089845825496,49.259706236861028],[-123.26061054963439,49.259706686545854],[-123.25921402441089,49.259973467283324],[-123.25888123313412,49.259973327200669],[-123.25874873591198,49.259800881674835],[-123.25861460245777,49.259440810261161],[-123.25828507760073,49.258938312191297],[-123.25814611466896,49.258804568037583],[-123.25796166294558,49.258679604848446],[-123.25788121820176,49.258504301359011],[-123.25785021191851,49.258271672437409],[-123.25774778475402,49.258099096626744],[-123.25721778217763,49.257470788078614],[-123.25687776424567,49.256936293080898],[-123.25640145031535,49.256401475026635],[-123.25609350674522,49.25604744672178],[-123.25582426056006,49.255780455985295],[-123.25554302700692,49.255467841756918],[-123.25524171133713,49.255164367373077],[-123.25464285438348,49.254639089755074],[-123.25444929819791,49.254537726701351],[-123.25401057063527,49.254334300050573],[-123.25372034591429,49.254038085732276],[-123.25364664793294,49.253872454788706],[-123.2536163058564,49.253638432442067],[-123.25371530876146,49.252942846771155],[-123.25371587210445,49.252706609724733],[-123.25328151685831,49.252038265433725],[-123.25324975530208,49.251839574265595],[-123.25284392823531,49.251368469724184],[-123.25264634471353,49.251038972892502],[-123.25244851088655,49.250939993879214],[-123.25161792742242,49.250737919952385],[-123.25047387540941,49.250270378686317],[-123.25025235231062,49.250204118002046],[-123.24981442977779,49.250003384132945],[-123.24821067864079,49.248936015552168],[-123.24754856191596,49.248639378709434],[-123.24708810679722,49.248472540781179],[-123.24682097605431,49.248407608090524],[-123.24648306759883,49.248372985124057],[-123.24628156526005,49.248271131410753],[-123.24611849806381,49.248140944451976],[-123.24582384174141,49.248056315342829],[-123.24452284167054,49.247699785213086],[-123.24429061826602,49.247641566924436],[-123.24376948821073,49.247411998623249],[-123.2433820343114,49.247269126626477],[-123.2428181282198,49.247016002265397],[-123.24234256547183,49.246802229311498],[-123.24174797005242,49.246505253716442],[-123.24121755372508,49.246373552325402],[-123.24035051111018,49.246038583871304],[-123.24011321251616,49.2459733791367],[-123.2399534542119,49.245840521984391],[-123.239790086403,49.245744336106867],[-123.23971358666705,49.245705474155358],[-123.23937336251686,49.245535908643383],[-123.2386820582645,49.245269667447353],[-123.23828642687263,49.245075218333675],[-123.23813770525969,49.244964567384145],[-123.23794622308378,49.244840704119007],[-123.23771479498403,49.244770964012815],[-123.23752125624692,49.244674279122385],[-123.23738104262527,49.244538601741155],[-123.23704358664759,49.244305515612488],[-123.23684566131261,49.244206570616335],[-123.23637782258642,49.244037617553737],[-123.23614206940366,49.243937909131972],[-123.23556328105295,49.243546900028747],[-123.23494640041169,49.243104148807426],[-123.2344070402613,49.242771148124696],[-123.23394486203748,49.242638275955905],[-123.23371430043933,49.242536579973951],[-123.23319212919407,49.242178478264634],[-123.23298614328843,49.242107835126376],[-123.23273550842713,49.241998603566643],[-123.23255148099683,49.241907132842357],[-123.23210087590468,49.24174476539217],[-123.23141854550813,49.241473566253681],[-123.23091796359563,49.241338576754003],[-123.23061314509479,49.241304322886982],[-123.23012378680747,49.24117235950802],[-123.22968852858588,49.240974668566444],[-123.22952169798222,49.240877430761309],[-123.22927723325265,49.240773732637678],[-123.2284128317855,49.24054941173344],[-123.22774652797543,49.240373749404029],[-123.22704218958627,49.239868172692631],[-123.22688565913838,49.239772584125241],[-123.2266405660055,49.239668494103192],[-123.22583780346905,49.239266687301487],[-123.22568409258693,49.239170951338153],[-123.22547707147831,49.239071650487176],[-123.22525665439703,49.238976382050616],[-123.22505776362809,49.238873487559893],[-123.22491540473831,49.238740773430386],[-123.22435136979337,49.238405731157272],[-123.22388285124032,49.238236006919777],[-123.22327082545362,49.237893608085244],[-123.22310814142728,49.237804452726081],[-123.22261642637193,49.237674106494808],[-123.22241125428225,49.237572318488787],[-123.22225350935956,49.237440751468043],[-123.22206921956914,49.237329378261407],[-123.22175273296574,49.237076365508472],[-123.22159754746045,49.236995429817959],[-123.22131636549079,49.237329368310945],[-123.22098789670999,49.237798707191857],[-123.22008363180089,49.239131960676559],[-123.2094573283962,49.235476017739309],[-123.20941283286466,49.235460725805304],[-123.20858172907525,49.235058318281084],[-123.20855270177252,49.235089450117215],[-123.20845932980319,49.235189523810284],[-123.20833704744898,49.235320599811509],[-123.20817071403171,49.235440516459413],[-123.20784625422631,49.235674486943708],[-123.20747124580085,49.235905300161278],[-123.20743340786382,49.235937427639627],[-123.20720969078671,49.236127336171364],[-123.20718194112004,49.236150896747795],[-123.20592575736237,49.236948902564016],[-123.2055055367214,49.237224401939002],[-123.20532946534894,49.237344142967991],[-123.2052390531378,49.237318401814839],[-123.20001092484374,49.235866162455629],[-123.1996878528074,49.235776390772742],[-123.19709664380231,49.235057909407089],[-123.19694004000237,49.23526551495415],[-123.1969217936991,49.235317365400981],[-123.19684885374394,49.235524283707299],[-123.19684713633183,49.235644099180504],[-123.19685115696008,49.23648639535962],[-123.19841347018833,49.236495491524458],[-123.19834487770919,49.238596062181138],[-123.19683756875099,49.238645089522556],[-123.19683181912457,49.239118273882596],[-123.19682612048851,49.239584291212992],[-123.19681584659192,49.240550486346201],[-123.19681522543596,49.241034390709089],[-123.19681463378564,49.241479997409115],[-123.19680774928231,49.241970074030405],[-123.19680135910696,49.242427204628541],[-123.19679550316384,49.242897221981607],[-123.19679507695919,49.242932538301986],[-123.19678964916507,49.243370887893974],[-123.19678318700907,49.243886062901012],[-123.19677773045893,49.244318995960775],[-123.19678514919822,49.244830171465139],[-123.19679153319643,49.245271406435712],[-123.19677901863207,49.245784042069815],[-123.19676823224259,49.246225593104512],[-123.19835868083082,49.246288846954933],[-123.19892864612493,49.246311510283064],[-123.19906342035574,49.246377592867653],[-123.19979363040659,49.246735661158212],[-123.19991017585663,49.246792826935554],[-123.20000476932591,49.246839203210179],[-123.20021590918688,49.246942744832893],[-123.20123075697028,49.247440399116371],[-123.2031890578118,49.248418007792608],[-123.20462225578565,49.249133372202913],[-123.20433414595523,49.249356478172942],[-123.20402867475003,49.249435872149554],[-123.20106963994925,49.24996417251706],[-123.20057045967016,49.250053305359494],[-123.20002655744085,49.25005961996888],[-123.19913163910024,49.250069987467754],[-123.19884763211333,49.250155388060207],[-123.19677645086182,49.250246366437452],[-123.19680676399281,49.251965776724099],[-123.19680466245204,49.251974306826156],[-123.19668768544396,49.252912365332307],[-123.19649644044684,49.253939904099781],[-123.19654845497344,49.255206290489561],[-123.19655366134685,49.255621689847594],[-123.19655728704038,49.256092804445011],[-123.19656064954128,49.256528903143654],[-123.19803674936793,49.256614873997279],[-123.2010257581115,49.256735587548235],[-123.20293903966748,49.256700021336627],[-123.20303749871903,49.256925770979173],[-123.20322257527467,49.257831552211627],[-123.20325174132165,49.257974331031853],[-123.20324183127678,49.258138895548115],[-123.20323789792529,49.258187764792531],[-123.20323094627045,49.258272806369206],[-123.20324472004057,49.258273015669111],[-123.20628713911771,49.258318692252423],[-123.20630089910937,49.258318993577085],[-123.20932586118981,49.258380198148437],[-123.20933960331766,49.258380477005986],[-123.21233711545207,49.258441926447645],[-123.21235085624485,49.258442204886414],[-123.21539001168522,49.258517940378361],[-123.21540377382634,49.258518298239643],[-123.21538417966413,49.259394200683872],[-123.21537747043357,49.259855456012183],[-123.21537107690312,49.260298998924334],[-123.21532784185062,49.261202189711604],[-123.21532190823361,49.261429594665948],[-123.21531626574139,49.261645397139787],[-123.21530447310731,49.262096006872476],[-123.21528224386836,49.26299251919216],[-123.21527056366337,49.263453922080814],[-123.21526029631762,49.263861118034619],[-123.21525578741019,49.264005092951273],[-123.21523023476121,49.2644077960042],[-123.21520451771271,49.264813504672667],[-123.21516050252382,49.265261491116604],[-123.21514796238658,49.265389374878765],[-123.21513756798453,49.265503894658629],[-123.21512765809713,49.265613134488603],[-123.21511820486612,49.265678633445965],[-123.21511670264987,49.265749744394697],[-123.21510233552014,49.266133688252985],[-123.21508708150942,49.266540684561626],[-123.21507217116255,49.266943210388305],[-123.21505623263158,49.26737388734437],[-123.21703375476534,49.267387091797779],[-123.21868201837688,49.267294543758744],[-123.21958396428433,49.267243907647369],[-123.21955275729862,49.268016787239333],[-123.21955590820913,49.26879761602342],[-123.21955595190293,49.268810386988264],[-123.21961421968545,49.268984792468267],[-123.22025846857946,49.268916790237519],[-123.22153893075691,49.26878164201203],[-123.22157256685692,49.268778109015436],[-123.22150209096259,49.27056395622531],[-123.222180421964,49.271079008344927],[-123.22392818630814,49.27287035423813],[-123.22397352043866,49.274766456894142],[-123.22397553652426,49.274850585340488],[-123.22423626838081,49.276548755149136],[-123.22388115382839,49.277391605032648],[-123.22381733187022,49.277821645602188],[-123.22378576209148,49.278079874959801]]]},"properties":{"CMNTY_HLTH_SERV_AREA_CODE":"3243","CMNTY_HLTH_SERV_AREA_NAME":"University of British Columbia","LOCAL_HLTH_AREA_CODE":"324","LOCAL_HLTH_AREA_NAME":"Vancouver - Westside","HLTH_AUTHORITY_CODE":"3","HLTH_AUTHORITY_NAME":"Vancouver Coastal","OBJECTID":1634}},{"type":"Feature","id":1635,"geometry":{"type":"Polygon","coordinates":[[[-123.13879955464137,49.27492117708718],[-123.13883850450664,49.274974416642955],[-123.13911163660921,49.275036910455626],[-123.13932293540924,49.275148603710647],[-123.13935551485068,49.275177284732003],[-123.1400115426944,49.276044894162204],[-123.13998196635708,49.276205698837252],[-123.13944874048282,49.276477901437929],[-123.13947528591434,49.276607255111024],[-123.13958966093298,49.276604038698686],[-123.13986214496313,49.276576208755387],[-123.14008193740771,49.276638819347085],[-123.1401982337071,49.276838273161438],[-123.14025412260121,49.277008650293673],[-123.14046974480708,49.277303919623883],[-123.1406192616469,49.277473831305002],[-123.14074597511144,49.277603066203987],[-123.14091669163869,49.277739460604138],[-123.14110602647088,49.277834239707609],[-123.14133648086876,49.277902483603256],[-123.14154889460498,49.27800652613535],[-123.1417144019637,49.278137668739369],[-123.14191508754818,49.278238320403432],[-123.14215056321649,49.278336496146473],[-123.14238861857331,49.278409682887329],[-123.14261372209074,49.278504202623999],[-123.14283197254214,49.278569716991726],[-123.14315947451141,49.278652315593085],[-123.14336799347359,49.278715209632949],[-123.14358228245874,49.278805447306574],[-123.14384501927694,49.278869615588349],[-123.14444284774164,49.278939543112401],[-123.14475343305784,49.278903732104006],[-123.14502137795689,49.278833403393392],[-123.14525152577329,49.27873621977097],[-123.14541847904954,49.278635990100952],[-123.14554996584123,49.278468052248208],[-123.14568268159424,49.278338560854287],[-123.14580674514323,49.278179812618767],[-123.14598236057863,49.278073758376202],[-123.14624789467132,49.278039837899804],[-123.14645013048195,49.278141614439981],[-123.14661385758401,49.278272613800766],[-123.14687397321329,49.278305756367246],[-123.14767321462365,49.278503109455414],[-123.14780055821653,49.278635593562591],[-123.14778114133736,49.278736687011254],[-123.1477747291127,49.278842105157956],[-123.14761425342527,49.278970098001928],[-123.14738305427339,49.279040183625526],[-123.14721638646139,49.279172635562773],[-123.14741231648567,49.279270696333256],[-123.1477543278741,49.279237103235523],[-123.14801858104413,49.279172722368976],[-123.14818763646602,49.279075708305008],[-123.14828623283763,49.278902709391261],[-123.1483164675476,49.278704073686804],[-123.14838700220925,49.278500602909162],[-123.14848725663603,49.278337906520044],[-123.14879344498266,49.278094407215711],[-123.14914595761786,49.277872257580235],[-123.14932274631752,49.27783761881085],[-123.14957053414034,49.277837614049822],[-123.14978252806385,49.277906575281733],[-123.15002641715139,49.277943384524264],[-123.1502483447274,49.278005794150666],[-123.15070927065645,49.278071181181524],[-123.15102437728969,49.278103801669054],[-123.15130771674481,49.278074799045612],[-123.15158563421917,49.278073076281068],[-123.15181140475215,49.278007441205318],[-123.15197025213799,49.277946460216334],[-123.15217989264947,49.277906807389797],[-123.15265121112682,49.277637505597454],[-123.1527455174248,49.277542786684982],[-123.15308921708098,49.276767840107837],[-123.1531886908943,49.276669841577423],[-123.15330020627354,49.276521600459319],[-123.15339672781798,49.27643246154441],[-123.15347367576025,49.276312876912009],[-123.15359150258995,49.276127685717363],[-123.15402377012389,49.275662732211487],[-123.15411400152824,49.275572099140405],[-123.15421378943842,49.275437932924987],[-123.15457996234892,49.275071488255705],[-123.1546772416884,49.274940498881982],[-123.15491303871529,49.274707307085862],[-123.15500564990943,49.274583352244456],[-123.1552502509949,49.274136694967076],[-123.15528103183021,49.274002744493515],[-123.15535142583195,49.27383891947315],[-123.15544826435215,49.273706436008325],[-123.15564501682023,49.273638803486087],[-123.15591337539112,49.273637658738487],[-123.15664705047385,49.273740630490785],[-123.1568842315601,49.273805778028311],[-123.15708352831628,49.273840230074306],[-123.15731623494172,49.273903968963729],[-123.15754848962482,49.27393904042323],[-123.15834881226125,49.273939039619044],[-123.15864374875629,49.273904951874698],[-123.15917688217401,49.27390464925049],[-123.15931689493527,49.273938802278529],[-123.15938761747481,49.273939543049231],[-123.15958677218843,49.274004753784595],[-123.15975737036017,49.274075619405963],[-123.16007921941728,49.274270229880678],[-123.16024995157576,49.274305721289736],[-123.16044291947894,49.274372649135039],[-123.16048323453091,49.274373839404497],[-123.16070878681984,49.274403791752128],[-123.16098218415888,49.274403781030699],[-123.16114605132103,49.274340205073365],[-123.16164674099906,49.274271794946607],[-123.16191762919702,49.274270805287607],[-123.16218800492886,49.274240417893168],[-123.16241645793158,49.274240278443983],[-123.1626825388299,49.274206145288957],[-123.16295037927202,49.274205979040467],[-123.16345251331894,49.274137444579985],[-123.16371703634367,49.274136692974601],[-123.16418221865007,49.274073034226987],[-123.16438179201418,49.274038352918154],[-123.16458331419147,49.273972328521282],[-123.16474890345003,49.273874020015022],[-123.16491801284326,49.273805531344621],[-123.16505029700892,49.273703711234973],[-123.16518579700106,49.273571905525543],[-123.16532283199933,49.273468522840837],[-123.1654830455757,49.273370165716237],[-123.16562000935737,49.273304756141599],[-123.16577586203459,49.273208623193433],[-123.16592194666902,49.273135147378156],[-123.16608435541931,49.273038984378374],[-123.16624994870841,49.272974661666012],[-123.16644703701964,49.272872573189069],[-123.16661597475972,49.272807263191616],[-123.16685205902877,49.272770446475732],[-123.16725473298354,49.27263735359724],[-123.1676543129965,49.27253837137409],[-123.16788630746468,49.272504251701505],[-123.16828010977818,49.27237137895338],[-123.16852013472869,49.272340014010382],[-123.16891378798249,49.272207209850535],[-123.16911399951982,49.27217283757561],[-123.16911508125924,49.272138050260331],[-123.16931511780496,49.272103385707503],[-123.16951796396943,49.272038976774276],[-123.16967715791866,49.271972767075141],[-123.16981504534328,49.27194019265621],[-123.16984656686614,49.271905793697044],[-123.16992071238283,49.271905099723831],[-123.17033925422938,49.271838710437279],[-123.17059567482967,49.271804976834595],[-123.17077473329388,49.271773761505116],[-123.17104064574744,49.271739603746937],[-123.17211312479729,49.271737866628882],[-123.17237343868923,49.271707826447802],[-123.17264564889457,49.27170754835435],[-123.17295320970464,49.271738069908743],[-123.17351208390215,49.271737906628424],[-123.17378404014495,49.271772214856249],[-123.17404758703051,49.271772193647713],[-123.17428216625535,49.271806927060844],[-123.17461414670662,49.271837000507794],[-123.17514830887748,49.271837338328346],[-123.17568366310952,49.271905826276139],[-123.17594629839635,49.271905755843832],[-123.17618026336321,49.271969137298932],[-123.17641398020126,49.272004781066634],[-123.17668624860912,49.272039228748596],[-123.17691534624606,49.272039191965106],[-123.1774470312575,49.272108395584382],[-123.17771415342631,49.272138493497707],[-123.17858165903307,49.27213847811548],[-123.17884188281569,49.272171834446802],[-123.1790447560534,49.272206692359973],[-123.17928321167918,49.27227166772618],[-123.17947227121151,49.272304768629738],[-123.17972054482117,49.27237141995024],[-123.17998133072099,49.272405122314247],[-123.18021054827186,49.272439318835367],[-123.18097080971458,49.272538254454808],[-123.18118186164486,49.272573308349806],[-123.18141254911735,49.272638239003939],[-123.18252024347737,49.272638389423371],[-123.18278407902692,49.272672198745994],[-123.18298398544252,49.272707185125356],[-123.18318400212857,49.272773097488539],[-123.18336042820988,49.272879841022203],[-123.18348713982107,49.272978997441392],[-123.18361777923673,49.273073351001905],[-123.1837773217521,49.273135047338116],[-123.18397985451156,49.273205529015584],[-123.18444800373095,49.273271401423337],[-123.18471219943866,49.273271353777787],[-123.18501097185343,49.273305631900797],[-123.1855475257568,49.273305774858173],[-123.18581394222805,49.273340187902683],[-123.18571544201349,49.27330345470758],[-123.18570353867078,49.273282241113712],[-123.18556524552612,49.273065092193292],[-123.18557105619054,49.272878783494171],[-123.18558945954067,49.272280295192495],[-123.18560899693729,49.27181647421326],[-123.18562986017056,49.271321194739812],[-123.18564304047202,49.270912019978169],[-123.18565934287552,49.270404217447997],[-123.18567093696866,49.270008178840897],[-123.18568486495489,49.269531212088737],[-123.18569260647726,49.269117528742292],[-123.18570204922725,49.268612896578027],[-123.18574297148292,49.267758303543943],[-123.18576161286673,49.267300201653306],[-123.18577653894047,49.266933202893576],[-123.18579346386858,49.266508477958638],[-123.18581073275445,49.266074001734822],[-123.18582708595042,49.265672300384303],[-123.18584415566764,49.265252487256248],[-123.18586754986212,49.264845016285605],[-123.18589457075956,49.264375601037329],[-123.18590404118878,49.263945325420401],[-123.18591414616925,49.263487102818353],[-123.18592281629046,49.263124229802663],[-123.18592556768223,49.263009595921858],[-123.18593643881417,49.262552798661225],[-123.18593358116364,49.262119236159293],[-123.18593066688381,49.26167440135481],[-123.18591597101231,49.26147233278018],[-123.18590596370902,49.261334192495617],[-123.18587435769047,49.261274579094319],[-123.18581106547823,49.261155206037301],[-123.18529189852715,49.260775747938439],[-123.18515228666996,49.260673687503818],[-123.18464678775015,49.260304198265274],[-123.18424323702898,49.260009197339301],[-123.18401966066413,49.259822309370058],[-123.18399327951809,49.259700251108924],[-123.18396605274467,49.259574113045986],[-123.18398517486507,49.259369776120039],[-123.18402856597791,49.258906506490085],[-123.18402873252049,49.258461273819499],[-123.18402895856684,49.257995008965146],[-123.18208555441615,49.257969490942742],[-123.18180128249506,49.257965406268838],[-123.18071206885848,49.257949703909546],[-123.18000643533763,49.257939519073823],[-123.17812004527411,49.257903567115797],[-123.17810623469232,49.25790330860589],[-123.17617823039086,49.257874311904537],[-123.17616445828813,49.257874098287822],[-123.17488224749378,49.257851956369464],[-123.17429294847942,49.257841750955798],[-123.17423795794025,49.257840800800061],[-123.17301637672028,49.257826302545006],[-123.17229165731989,49.257817683813364],[-123.17047755352377,49.25778910390985],[-123.16838374623781,49.257752197733573],[-123.16752612790782,49.257739992471983],[-123.16651044169423,49.257725499378829],[-123.16550664240997,49.257697313564258],[-123.16494204078745,49.257654607851862],[-123.16446025060013,49.257558102754082],[-123.16401045766139,49.257502188093937],[-123.16349865801755,49.257470711086988],[-123.16267737879035,49.257471801097353],[-123.16267742118083,49.257422097556315],[-123.16031597498842,49.257382316684783],[-123.16030225603747,49.257382111444706],[-123.15792891575113,49.257332530096591],[-123.15604585129265,49.257310608559884],[-123.15596466158425,49.257335409267391],[-123.15555923088546,49.257340106154771],[-123.15359134554602,49.257308938488279],[-123.15290805213175,49.257298109804182],[-123.15248033599876,49.257284118620412],[-123.15175011293701,49.257273343791482],[-123.15078413556566,49.257259114713456],[-123.14838645276868,49.257227294831992],[-123.14599492650814,49.257184798182628],[-123.14599138891509,49.257651839865389],[-123.14598795204374,49.258102393288304],[-123.14597096878443,49.258560088478212],[-123.14595255196964,49.25905720373752],[-123.1459367950083,49.259468961067896],[-123.14591855995855,49.259946205874982],[-123.14590164975155,49.260404811482026],[-123.14588166068795,49.260946794989927],[-123.14586362596067,49.261367375693958],[-123.14584364182123,49.261833012067662],[-123.14582734046922,49.262302931204836],[-123.14581164136091,49.262755397274468],[-123.14579350136231,49.263193608459765],[-123.14577222751451,49.263707399108576],[-123.14576180566178,49.264218873306731],[-123.14575314147076,49.264643612558764],[-123.14573752236075,49.265074233053781],[-123.14572355319157,49.265459813986283],[-123.14567815059965,49.266309801923981],[-123.14567479114717,49.266468108387585],[-123.14566024693454,49.267157824759465],[-123.14565797658025,49.267601273464486],[-123.14565584189418,49.268011504266276],[-123.14563324601835,49.268456156819262],[-123.14561035226281,49.268906602721515],[-123.14559391830343,49.269337601565326],[-123.14557675446137,49.269788403788709],[-123.145539626584,49.270210027748981],[-123.14549894520191,49.270671699622639],[-123.14547974921811,49.271653891826233],[-123.14553175350517,49.272304715543889],[-123.14540854118115,49.272542812734805],[-123.14533496548994,49.272667909567183],[-123.14508023714852,49.272853901119163],[-123.14420674600001,49.273182008870641],[-123.14390771128538,49.273278204362271],[-123.14257937028401,49.273705483269502],[-123.1425614343154,49.273711243174191],[-123.14199991044458,49.273891862356557],[-123.14198213254906,49.273897596629247],[-123.14191587370826,49.2739188904877],[-123.13879955464137,49.27492117708718]]]},"properties":{"CMNTY_HLTH_SERV_AREA_CODE":"3244","CMNTY_HLTH_SERV_AREA_NAME":"Kitsilano","LOCAL_HLTH_AREA_CODE":"324","LOCAL_HLTH_AREA_NAME":"Vancouver - Westside","HLTH_AUTHORITY_CODE":"3","HLTH_AUTHORITY_NAME":"Vancouver Coastal","OBJECTID":1635}},{"type":"Feature","id":1636,"geometry":{"type":"Polygon","coordinates":[[[-123.05813882910404,49.241876123402697],[-123.05917652065133,49.242359311025972],[-123.06182582204292,49.243568308738425],[-123.06378094127291,49.244507015621203],[-123.06518911054744,49.245148916722236],[-123.06654651859981,49.245792003443704],[-123.06718053506194,49.24608526774059],[-123.06785013484452,49.24639500862763],[-123.06856239765162,49.246742071940275],[-123.06880934974366,49.246862415508176],[-123.06903883935593,49.24696871991398],[-123.06996074465789,49.247398211850452],[-123.07130834348912,49.248023903805056],[-123.0720431364341,49.24836617592775],[-123.07232491118305,49.248497400517408],[-123.07336759598191,49.248949927022323],[-123.07595707156194,49.250073161695212],[-123.07613860170987,49.250156439047224],[-123.07737815811126,49.250798969285526],[-123.078025153472,49.251167801568066],[-123.07991055095772,49.252068307180643],[-123.08181342853786,49.252953917448295],[-123.08322622395444,49.253618121927119],[-123.08373351334693,49.253850704143581],[-123.08522514344384,49.254551298768568],[-123.08565206025992,49.254752018445167],[-123.08699498782708,49.255387356694072],[-123.08743283914403,49.255594513417883],[-123.08920162460041,49.256409708087745],[-123.08985005268588,49.256409203805838],[-123.08992934258875,49.255538510590959],[-123.08996803281772,49.254637906574303],[-123.08997684876957,49.253731108059135],[-123.09000760945942,49.252800509250818],[-123.09007492230921,49.251902406721939],[-123.09009363448143,49.251013905780262],[-123.09013322679255,49.250098010544647],[-123.09015572158461,49.249191512725396],[-123.09017071934774,49.248667715959691],[-123.09018162792903,49.247616716638895],[-123.09020963051655,49.246623915644882],[-123.09022624799086,49.24554800657166],[-123.09028605880411,49.244747018515106],[-123.09029012123663,49.244572313041751],[-123.09032070254358,49.243537301692278],[-123.09033542671062,49.242600915432661],[-123.09034914647656,49.241725705357972],[-123.09037621139163,49.240856207518718],[-123.09039273963519,49.240308126148236],[-123.09040684268646,49.238800923558017],[-123.09041131799488,49.238324213510786],[-123.09046021539392,49.237041013937429],[-123.0904630103212,49.236966327436846],[-123.09047823830454,49.236555920574261],[-123.0905101247548,49.235696498956202],[-123.09054461152346,49.234774211646716],[-123.09055482676534,49.233826397305158],[-123.09056452745392,49.232923608369248],[-123.08932372176606,49.232897211297853],[-123.08930990140257,49.23289691751927],[-123.08865450679721,49.232889634222616],[-123.08785189006993,49.232880724897662],[-123.08776944723787,49.232879812653209],[-123.08693245460348,49.232870507658475],[-123.08486503338725,49.232845980014737],[-123.08485121823058,49.232845800205915],[-123.08375961455268,49.232804610620938],[-123.08369563450377,49.232773997999772],[-123.08259081150278,49.232769405091545],[-123.08121913317422,49.232749405913601],[-123.07982242690785,49.232734995473187],[-123.07934915150341,49.232730309226426],[-123.07930401865769,49.232682196484333],[-123.07842613102471,49.232670103438281],[-123.07777517369429,49.232660759060167],[-123.07708192782371,49.232650813053326],[-123.07570361838314,49.232629529723901],[-123.07568980146968,49.232629291040183],[-123.0743070023064,49.232634134611459],[-123.07415191755965,49.232632620113577],[-123.07401205151628,49.23267388315719],[-123.0729211987922,49.232664089728154],[-123.07152953448272,49.23263532279767],[-123.07012711041737,49.232624233709494],[-123.06895685928681,49.232611355483805],[-123.06883968115079,49.232640592129464],[-123.06870109264,49.232639538025261],[-123.06693229967701,49.232625654662691],[-123.06687397598026,49.232630281974487],[-123.0668194162462,49.232634613484329],[-123.06623978993346,49.232680613495624],[-123.06619685762934,49.232684026033446],[-123.06552726172677,49.232808127335545],[-123.06551372145152,49.232809918092109],[-123.06475743814572,49.232911508096024],[-123.06412153938568,49.232935604091644],[-123.0621389042127,49.232917443270701],[-123.06212512613783,49.232917304799273],[-123.06125322553044,49.232919607570409],[-123.06113323955083,49.232862308698927],[-123.06046741740586,49.232861310615526],[-123.05888312200291,49.232838822549866],[-123.05885249173927,49.233378553103655],[-123.05882382914936,49.233883900723946],[-123.05881963119781,49.234386554318732],[-123.05881549952295,49.23488181099723],[-123.05880605898994,49.23539419820851],[-123.05879693488494,49.23589021157246],[-123.05876331026901,49.236896417186202],[-123.05875243587512,49.237381881010997],[-123.05875203642776,49.23739962589233],[-123.0587721169572,49.238014505441498],[-123.05874802433038,49.238915626989183],[-123.0587371763629,49.239360943989062],[-123.05872651029772,49.239796929740237],[-123.05871511541267,49.240224543098925],[-123.05870359755723,49.24065561010547],[-123.05869482880526,49.240859807717776],[-123.05865993924988,49.241129102676176],[-123.05858632528523,49.241315420852111],[-123.05838942496065,49.241624792008039],[-123.05835751124576,49.241674921260625],[-123.05813882910404,49.241876123402697]]]},"properties":{"CMNTY_HLTH_SERV_AREA_CODE":"3251","CMNTY_HLTH_SERV_AREA_NAME":"Kensington","LOCAL_HLTH_AREA_CODE":"325","LOCAL_HLTH_AREA_NAME":"Vancouver - Midtown","HLTH_AUTHORITY_CODE":"3","HLTH_AUTHORITY_NAME":"Vancouver Coastal","OBJECTID":1636}},{"type":"Feature","id":1637,"geometry":{"type":"Polygon","coordinates":[[[-123.09994915552628,49.272861198218564],[-123.10011485974547,49.272890914255235],[-123.10119704298644,49.273055107330684],[-123.10149888510848,49.273053050647469],[-123.10165064115671,49.273052007031438],[-123.10164682386554,49.273018433237127],[-123.10163733166843,49.272935430571714],[-123.10185087659396,49.272994394581808],[-123.10200744235838,49.273037629102404],[-123.10235650060127,49.272870459576694],[-123.1029412381118,49.272702300338956],[-123.10296633844685,49.272485812448586],[-123.10313115753807,49.272369110050441],[-123.10538564711787,49.272250811254899],[-123.10704963245138,49.27227650968041],[-123.10726965019202,49.272185302379],[-123.10752963555584,49.271897622469197],[-123.10773654045097,49.271978817947122],[-123.10771005233394,49.272193905609754],[-123.1078464447217,49.272337694619843],[-123.1084393583901,49.272400418909548],[-123.10977223239469,49.272390419842694],[-123.11004754263055,49.272336316069911],[-123.11043222885522,49.27212840103072],[-123.11052752899747,49.272290715029222],[-123.11073446135885,49.272272208801496],[-123.11128234238468,49.271938917201808],[-123.11146296778355,49.272047213848964],[-123.11197093591636,49.271983117561255],[-123.11214883952729,49.271866301719747],[-123.11169616748509,49.271768014064804],[-123.11184564448752,49.27165131977619],[-123.112450250612,49.271578619303718],[-123.11262942520618,49.271685409720121],[-123.11294593843715,49.271685410750777],[-123.11448403378444,49.271315098525378],[-123.11478994955181,49.271152789392296],[-123.1148354121101,49.269397909415396],[-123.11482073556138,49.268352594576335],[-123.11481546466663,49.26806251548372],[-123.11481350851346,49.267941664807211],[-123.11480923053705,49.267675913000652],[-123.11480526391988,49.267402527573246],[-123.11479542593651,49.266727014600789],[-123.11479182705203,49.266608897628736],[-123.11477629227812,49.266171888998038],[-123.11476531797406,49.265862896792598],[-123.11476275316807,49.265790908849652],[-123.11474832478692,49.265385509113187],[-123.11475012703342,49.265306216696096],[-123.11475843419493,49.264936313737564],[-123.11475857791832,49.264927221922633],[-123.11475945665136,49.264873511857886],[-123.11477127820974,49.26415052272943],[-123.11477312540929,49.264037704935468],[-123.1147733960677,49.26402871468283],[-123.11479443033936,49.263209607915293],[-123.11479515699226,49.263200574898526],[-123.11487236386309,49.262243418875599],[-123.11487268545702,49.262234382221692],[-123.11493745903964,49.260401338603089],[-123.1149523053292,49.259898694735639],[-123.11495855981562,49.259686718407529],[-123.11502586354359,49.259598430791442],[-123.11502822154226,49.2594498825],[-123.11503774910059,49.258743896279789],[-123.11504547350887,49.258289509259285],[-123.11505325711917,49.257832797781525],[-123.1150615690358,49.257344899985377],[-123.11506883787177,49.256918905862406],[-123.11455683736496,49.256913417499035],[-123.11439854161769,49.256901772626101],[-123.11355592852145,49.256839809594624],[-123.11318825275953,49.256833499922493],[-123.11250222993644,49.256820608067443],[-123.11119873909132,49.256797401637854],[-123.1097149399201,49.256759414087583],[-123.1071229396959,49.256693612074791],[-123.10518514659091,49.256645207842908],[-123.1049628180678,49.256641004268303],[-123.10325863025918,49.256612415856353],[-123.10205526803243,49.256595801671601],[-123.1012535371742,49.25658472399563],[-123.10067433729604,49.256578102785831],[-123.09845492322609,49.2565509190051],[-123.09779055098528,49.256540963044245],[-123.09751560339086,49.256536845546471],[-123.09649253240514,49.256521511715583],[-123.09380314394849,49.256476092399872],[-123.09364588373774,49.256473473130242],[-123.0918601108919,49.256443611890226],[-123.09064987952665,49.256422906481646],[-123.08985005268588,49.256409203805838],[-123.0898018152668,49.256696208075148],[-123.0897284366774,49.256836505149629],[-123.08945613179003,49.257169623571592],[-123.08909528573351,49.257155381265044],[-123.08744195333408,49.25709011674671],[-123.08722542016015,49.257081513072649],[-123.08553332185879,49.257013305314835],[-123.08533473533701,49.257004308874144],[-123.08391515933944,49.256947666450301],[-123.08358772719157,49.256934605089711],[-123.08339591978272,49.256926703485384],[-123.08170381530977,49.256858407291226],[-123.0815065382025,49.256850403006354],[-123.07979665246417,49.256781618288962],[-123.07784143868214,49.256702617548001],[-123.07763192534361,49.256692383118342],[-123.07762385238348,49.257349349073337],[-123.07761791992819,49.257829727353311],[-123.07708661087085,49.257826098429],[-123.07693575443906,49.257822025936527],[-123.07694547511466,49.25782842351888],[-123.07715992626062,49.257969506001089],[-123.07739725366908,49.258237114199225],[-123.07749391051995,49.258490209509375],[-123.07749864206873,49.25874250457229],[-123.0774985082944,49.258815849452745],[-123.07749807346029,49.259166428440381],[-123.07749743517194,49.259634199400821],[-123.07749689215068,49.260065959142302],[-123.07749631809875,49.260524204727218],[-123.0774963239828,49.260533270175273],[-123.07749584026219,49.260983495684918],[-123.07749580449524,49.260994966838247],[-123.07749539530521,49.261347055945748],[-123.0774953660741,49.261411413756782],[-123.07749642052917,49.262397785828192],[-123.07749615551462,49.262489633791304],[-123.07756292950754,49.262585126843362],[-123.07755507449949,49.262882092254088],[-123.07754301519061,49.263337622492507],[-123.07750264483489,49.264240024279104],[-123.07748985309588,49.264447339674071],[-123.0774771691429,49.264653422084379],[-123.07744474011066,49.265180601497796],[-123.07743715398369,49.26567888956702],[-123.07743475199521,49.265836010195919],[-123.07743439018593,49.265858761620066],[-123.07743054610413,49.266110709022257],[-123.07742762596214,49.266302503637419],[-123.07742373594716,49.266931114976998],[-123.07739574447756,49.26785541035914],[-123.07739842041032,49.268354051811805],[-123.07740063800209,49.26875990113907],[-123.07738132525859,49.269654722241889],[-123.07846618497967,49.269665325499652],[-123.07883413116434,49.269668910729351],[-123.07985447880918,49.269680215602996],[-123.08007435529223,49.269682646372047],[-123.08028070404801,49.269684936807955],[-123.08073421114601,49.269689943014008],[-123.08142638028123,49.269697569921455],[-123.08167602634055,49.269704312698522],[-123.08177519219728,49.269719673109229],[-123.08180283191659,49.269723945107877],[-123.08238767386139,49.269814524892396],[-123.082512709784,49.269880059399398],[-123.08376107175465,49.270096969530584],[-123.08486408237756,49.270288594802466],[-123.08743652661545,49.2707426234658],[-123.08949891961151,49.271091476062956],[-123.09081683335003,49.2713144097427],[-123.09333455388069,49.271740200352099],[-123.09445695481031,49.271917324694222],[-123.09548311805891,49.272097019316071],[-123.09771713775255,49.272488182058403],[-123.09812180971666,49.272559022330192],[-123.09844511041602,49.272615636104618],[-123.09863233740327,49.272648409201381],[-123.09926820054883,49.27275116030048],[-123.09994915552628,49.272861198218564]]]},"properties":{"CMNTY_HLTH_SERV_AREA_CODE":"3252","CMNTY_HLTH_SERV_AREA_NAME":"Mount Pleasant","LOCAL_HLTH_AREA_CODE":"325","LOCAL_HLTH_AREA_NAME":"Vancouver - Midtown","HLTH_AUTHORITY_CODE":"3","HLTH_AUTHORITY_NAME":"Vancouver Coastal","OBJECTID":1637}},{"type":"Feature","id":1638,"geometry":{"type":"Polygon","coordinates":[[[-123.11506883787177,49.256918905862406],[-123.11601885396253,49.256928105778464],[-123.11814364953732,49.256951610491178],[-123.11940043483648,49.256974431673441],[-123.12014401839104,49.256987910732761],[-123.12012858304681,49.257421567460028],[-123.12011802460545,49.257716812219456],[-123.12206735205655,49.257737306072002],[-123.1243764458651,49.257779901092306],[-123.12705254745823,49.257819691142601],[-123.12719855424538,49.257612807868263],[-123.12722613637473,49.257122598938615],[-123.12724601650217,49.256693105454538],[-123.12726694143734,49.256241894658963],[-123.12727275090953,49.2560817106069],[-123.12730556196728,49.255330514740606],[-123.12734553092507,49.254418227315206],[-123.12736380013571,49.253994726925491],[-123.12738364884288,49.253535613138283],[-123.12740324941382,49.253104150803203],[-123.12742503943878,49.252624203341739],[-123.12744446573345,49.252177927465219],[-123.12746413637508,49.251725412900605],[-123.12748209172571,49.251341313000275],[-123.12750613025212,49.250825812961587],[-123.12751868227819,49.250018697161309],[-123.12752915726031,49.249344614070992],[-123.12752523141546,49.249141906699755],[-123.12755441422951,49.248659840136689],[-123.12758492730541,49.248155317707393],[-123.12761594332504,49.247232011839102],[-123.12767833309275,49.246312209081097],[-123.127665547652,49.245410208234496],[-123.12767496562209,49.244504308921506],[-123.12768425092467,49.244166832471095],[-123.12768923249091,49.243986848206539],[-123.12770035526154,49.243583510852858],[-123.12780872336774,49.242386503689147],[-123.12783962141083,49.241443305107126],[-123.12785404615013,49.241013934701655],[-123.1278712787319,49.240501039697158],[-123.12790485262349,49.239502659421248],[-123.12793708385178,49.238543018154111],[-123.127966928124,49.237654507824772],[-123.12799514357292,49.236755400420925],[-123.12807375269932,49.234465410203498],[-123.12808932444037,49.234012343106059],[-123.1280682099825,49.234011577208229],[-123.12394093214451,49.233867962433749],[-123.12389042328971,49.233866211771137],[-123.12239373981573,49.233825403099807],[-123.12125321855807,49.233788778379484],[-123.12089624127248,49.233777304174389],[-123.11940683584139,49.233728506095467],[-123.11787993282408,49.233666111195596],[-123.11637712311057,49.233614208704857],[-123.11603332106942,49.23360139610697],[-123.11533136854197,49.233572048186048],[-123.11354504070761,49.233497335991217],[-123.11346581348494,49.233494006408009],[-123.11267184066664,49.233457421709922],[-123.11249699911285,49.233398702144775],[-123.11208993520728,49.233387802259152],[-123.11078133825245,49.233347304493776],[-123.1081511267536,49.233255217036252],[-123.10562679838938,49.233160474594072],[-123.10441737694767,49.23313700626867],[-123.10418104739438,49.233183821777097],[-123.10372870379292,49.233172561541835],[-123.1021985668572,49.233137749669595],[-123.10153517430295,49.233122621785924],[-123.10001750953002,49.23308810422278],[-123.09956347950845,49.233082227293352],[-123.09861766537196,49.23305858204229],[-123.09846412041881,49.233055341499274],[-123.09833655268177,49.233009588832701],[-123.09722131481475,49.232994869598585],[-123.09564863915907,49.232963247711702],[-123.0945749436779,49.232941621820807],[-123.09448190343207,49.232939351828428],[-123.09445450683722,49.232938680290687],[-123.09416592904725,49.232931682474124],[-123.09405618466157,49.232929020526626],[-123.09387735134423,49.232924683885663],[-123.09321513926776,49.232908591567679],[-123.09305713998359,49.232954807409662],[-123.09211604576738,49.232943036243775],[-123.09208860906141,49.232942698118102],[-123.09203368550249,49.232942011485541],[-123.09056452745392,49.232923608369248],[-123.09055482676534,49.233826397305158],[-123.09054461152346,49.234774211646716],[-123.0905101247548,49.235696498956202],[-123.09047823830454,49.236555920574261],[-123.0904630103212,49.236966327436846],[-123.09046021539392,49.237041013937429],[-123.09041131799488,49.238324213510786],[-123.09040684268646,49.238800923558017],[-123.09039273963519,49.240308126148236],[-123.09037621139163,49.240856207518718],[-123.09034914647656,49.241725705357972],[-123.09033542671062,49.242600915432661],[-123.09032070254358,49.243537301692278],[-123.09029012123663,49.244572313041751],[-123.09028605880411,49.244747018515106],[-123.09022624799086,49.24554800657166],[-123.09020963051655,49.246623915644882],[-123.09018162792903,49.247616716638895],[-123.09017071934774,49.248667715959691],[-123.09015572158461,49.249191512725396],[-123.09013322679255,49.250098010544647],[-123.09009363448143,49.251013905780262],[-123.09007492230921,49.251902406721939],[-123.09000760945942,49.252800509250818],[-123.08997684876957,49.253731108059135],[-123.08996803281772,49.254637906574303],[-123.08992934258875,49.255538510590959],[-123.08985005268588,49.256409203805838],[-123.09064987952665,49.256422906481646],[-123.0918601108919,49.256443611890226],[-123.09364588373774,49.256473473130242],[-123.09380314394849,49.256476092399872],[-123.09649253240514,49.256521511715583],[-123.09751560339086,49.256536845546471],[-123.09779055098528,49.256540963044245],[-123.09845492322609,49.2565509190051],[-123.10067433729604,49.256578102785831],[-123.1012535371742,49.25658472399563],[-123.10205526803243,49.256595801671601],[-123.10325863025918,49.256612415856353],[-123.1049628180678,49.256641004268303],[-123.10518514659091,49.256645207842908],[-123.1071229396959,49.256693612074791],[-123.1097149399201,49.256759414087583],[-123.11119873909132,49.256797401637854],[-123.11250222993644,49.256820608067443],[-123.11318825275953,49.256833499922493],[-123.11355592852145,49.256839809594624],[-123.11439854161769,49.256901772626101],[-123.11455683736496,49.256913417499035],[-123.11506883787177,49.256918905862406]]]},"properties":{"CMNTY_HLTH_SERV_AREA_CODE":"3253","CMNTY_HLTH_SERV_AREA_NAME":"South Cambie/Riley Park","LOCAL_HLTH_AREA_CODE":"325","LOCAL_HLTH_AREA_NAME":"Vancouver - Midtown","HLTH_AUTHORITY_CODE":"3","HLTH_AUTHORITY_NAME":"Vancouver Coastal","OBJECTID":1638}},{"type":"Feature","id":1639,"geometry":{"type":"Polygon","coordinates":[[[-123.03523500576377,49.234808121541988],[-123.03548520331644,49.234541116113611],[-123.03586862185982,49.234131926368505],[-123.03594562583596,49.234171823509101],[-123.03652681872254,49.233606723080541],[-123.03682961594592,49.23340162590079],[-123.03745561775129,49.233144003517445],[-123.03829310160225,49.23299411540242],[-123.03879245368917,49.232976222473042],[-123.03880632920426,49.232975718009492],[-123.03950672023552,49.232977669113239],[-123.04026691576982,49.232979820390668],[-123.0402807626165,49.232979937418499],[-123.04099036468611,49.232986791657169],[-123.04173231699129,49.23299390717127],[-123.04174607090233,49.232993909759443],[-123.04239134729751,49.232994288645287],[-123.04310792728033,49.232994725432945],[-123.0445287010503,49.232998511613552],[-123.04454253784263,49.232998398109594],[-123.04538441573011,49.232992223290815],[-123.04550101269774,49.232950429365687],[-123.04594903235089,49.23296541718549],[-123.04663037627655,49.232932090824718],[-123.04665832165493,49.23293071947603],[-123.04727480837784,49.232859254794185],[-123.04796532049492,49.232779228622924],[-123.04879963379797,49.232765114592794],[-123.04880562450482,49.232439439443517],[-123.04880731213969,49.232349487656116],[-123.04881311929213,49.232034018953193],[-123.04881826330846,49.231575908054367],[-123.04882281917389,49.23116950488108],[-123.04883030758899,49.23070340692508],[-123.04883580413458,49.230359106295602],[-123.04883570344802,49.230252817546528],[-123.04884165418837,49.229812847514907],[-123.04884835335166,49.229320824779407],[-123.05010642047071,49.229332711193599],[-123.05012850013962,49.228913099248409],[-123.05015291274577,49.228449331310188],[-123.05017666514982,49.228013425456503],[-123.05020254656246,49.227539120517335],[-123.05022343667022,49.227159010272921],[-123.05024690841637,49.226732210449235],[-123.05026904093641,49.226331236402636],[-123.05029172245446,49.225920015833694],[-123.05032007020039,49.225404949652358],[-123.05032145957048,49.225379514999439],[-123.05032728072376,49.225274273972246],[-123.05033469581923,49.225139534829935],[-123.0503371829506,49.225094421914932],[-123.05035441940745,49.224781316549347],[-123.05037792306869,49.224343257549592],[-123.05040652307346,49.2238107056804],[-123.05046511803717,49.222715096208788],[-123.05051403307856,49.221879616178093],[-123.05055523577343,49.221080818582152],[-123.0505766485183,49.220673952556872],[-123.05060222058653,49.220189300532368],[-123.05059453304777,49.219790628097321],[-123.05057820098334,49.2189464020774],[-123.05058001968835,49.218495998155745],[-123.05058170428723,49.218070005620824],[-123.05065242542227,49.21702251883989],[-123.05090290469556,49.216362707885459],[-123.05142310750279,49.21573460895776],[-123.05174023861645,49.215455205318257],[-123.052155326758,49.215089465147571],[-123.05228079867253,49.214978907073622],[-123.05247579256687,49.214808539811187],[-123.05265047267928,49.214655942504542],[-123.05276246285221,49.214558053963209],[-123.05310462725494,49.214259103290374],[-123.05345726568378,49.213955321077883],[-123.05406587187197,49.213431043967283],[-123.05480739664064,49.212792220509634],[-123.05496613349948,49.212713711235125],[-123.05513262172533,49.212706520519369],[-123.05513662997726,49.212427418772563],[-123.05516072389307,49.211830803585897],[-123.05538135455949,49.210211899513205],[-123.05540192200905,49.210060902473607],[-123.05559031989161,49.20949222230702],[-123.0558986978191,49.208934912329063],[-123.05624230363904,49.208493023202308],[-123.05670432709778,49.2079795165875],[-123.05686010218606,49.207578401441843],[-123.05683520936361,49.207148001115399],[-123.05683487164929,49.207137977166575],[-123.05683283490983,49.207077716975412],[-123.05683477384736,49.206448166992487],[-123.05683561444381,49.20616793041814],[-123.05680826425491,49.205830054959733],[-123.05680712288266,49.205815823693435],[-123.05678204455258,49.205700640753989],[-123.05677139624517,49.205682331129019],[-123.05665552960549,49.205448457903572],[-123.05660963208089,49.205335019585874],[-123.05660293304103,49.205299881809424],[-123.05645989826031,49.204665294494809],[-123.05506026078689,49.204576373442599],[-123.05068487881788,49.204576971997518],[-123.04732744061771,49.2046514884861],[-123.04234103621107,49.20416327686447],[-123.03989138194248,49.203780731696931],[-123.02979242789674,49.201295755504695],[-123.02418347834703,49.200022392336287],[-123.02315491671561,49.199750087972973],[-123.02339484199693,49.201144166350417],[-123.02343276721591,49.201364524528046],[-123.02344300365711,49.201479621828767],[-123.02340109122227,49.202240604309893],[-123.02326873415291,49.202443311698559],[-123.02295193556583,49.202612906162457],[-123.02321957862515,49.202996865577241],[-123.02339212297962,49.203451170296816],[-123.02341718281305,49.203938327137969],[-123.02344103712407,49.20429394407617],[-123.02345020554124,49.204429316037249],[-123.02339798318093,49.204537769668526],[-123.02339891378881,49.205336879417032],[-123.02340149390938,49.205488364981996],[-123.02340179051589,49.205506326571701],[-123.02335691785879,49.206892415031824],[-123.02336363954738,49.206959530533624],[-123.02342801720184,49.207601518670437],[-123.02355271584619,49.208183304367161],[-123.02363854976772,49.208731757851801],[-123.02371531860302,49.209222016022501],[-123.02371826924445,49.209230834075605],[-123.02372573476318,49.209252905085322],[-123.02368253946318,49.21204083456292],[-123.02364571160673,49.212449713580654],[-123.02364673594091,49.212819525157734],[-123.02364683796525,49.212856756821211],[-123.02364892017971,49.213595000121302],[-123.02364951715815,49.213809247496705],[-123.02364960197499,49.213838588928944],[-123.02364970608251,49.21387456750093],[-123.02365229601175,49.214800227671383],[-123.02365232202527,49.214809222526199],[-123.02365236590654,49.214834470199172],[-123.02365471045105,49.215736442397521],[-123.02365699659725,49.21661763357951],[-123.02365724091925,49.216707614767941],[-123.02365922584312,49.21747941226365],[-123.02365994137675,49.21775326825243],[-123.02366015196402,49.217843261866328],[-123.02366143538165,49.218333682487042],[-123.02366150929799,49.218360988395368],[-123.02366168103373,49.218423664377568],[-123.02366383132726,49.219258901302716],[-123.02366397291559,49.219312903895087],[-123.02366602243606,49.220092495145288],[-123.02366616407707,49.220155298051537],[-123.02366830473875,49.220984132892802],[-123.02362760828578,49.221931840539938],[-123.02362651532341,49.221956728644187],[-123.02351622822674,49.22273560965661],[-123.02352522945114,49.223065612124323],[-123.02351085316218,49.223248847671123],[-123.02351013082585,49.22325801723229],[-123.02349959049391,49.224643214880615],[-123.02349656169721,49.225035117059583],[-123.02349521466483,49.225204303746906],[-123.02353911035289,49.226382028027103],[-123.02352641793306,49.227949650386527],[-123.02352521078245,49.228098625406822],[-123.02352750433371,49.229240012023816],[-123.02353040102568,49.229451633310326],[-123.02353360974364,49.229685496643327],[-123.02354610813029,49.230599008155529],[-123.02351380491682,49.230757064869778],[-123.02351020819798,49.230774726410459],[-123.02349210824218,49.230863220969717],[-123.02349192948368,49.232291083617426],[-123.02349190576525,49.232300125505816],[-123.0236158004361,49.232294514616569],[-123.02362961987637,49.23229394389606],[-123.0248589195177,49.232243234317131],[-123.02509301120368,49.232231634067652],[-123.02594681151886,49.232191211358924],[-123.02649742012086,49.232168624759673],[-123.02815871513413,49.232103626083443],[-123.02928260954269,49.232047207403554],[-123.0306175162342,49.231976730352386],[-123.03126682896122,49.232021608024439],[-123.03176122316512,49.232125312156143],[-123.03178659276506,49.232132857701359],[-123.03213172649228,49.232235509529858],[-123.03251192679484,49.232409026661898],[-123.03211569202274,49.23281089794385],[-123.03162812360875,49.233305427527554],[-123.03233397869802,49.233599512091423],[-123.03523500576377,49.234808121541988]]]},"properties":{"CMNTY_HLTH_SERV_AREA_CODE":"3261","CMNTY_HLTH_SERV_AREA_NAME":"Killarney","LOCAL_HLTH_AREA_CODE":"326","LOCAL_HLTH_AREA_NAME":"Vancouver - South","HLTH_AUTHORITY_CODE":"3","HLTH_AUTHORITY_NAME":"Vancouver Coastal","OBJECTID":1639}},{"type":"Feature","id":1640,"geometry":{"type":"Polygon","coordinates":[[[-123.12889024215004,49.233924110917719],[-123.13039767699983,49.233981937260424],[-123.13054142719592,49.23398844674842],[-123.13069359156664,49.234036630772998],[-123.13186756603957,49.23407868766445],[-123.13257313095382,49.234101903712535],[-123.13337183665435,49.234130406030737],[-123.1340844717638,49.234154574761718],[-123.1348404380483,49.234180199915947],[-123.13564898009888,49.234208180990954],[-123.1364063447247,49.234234412363328],[-123.13721875095793,49.234262309485381],[-123.13800932510252,49.234287793388098],[-123.13876788225549,49.234316331313821],[-123.13963935236229,49.23434910737469],[-123.13960813269742,49.232471913258642],[-123.13967855846502,49.230637109810978],[-123.13971734599816,49.229696800226392],[-123.1397517451899,49.228780813644363],[-123.13978942793017,49.227902616703574],[-123.1398064904847,49.227470602966015],[-123.13982613925188,49.226972201807605],[-123.13991742859756,49.224752474982473],[-123.13994483266248,49.224086501645751],[-123.13996325196128,49.223521303904263],[-123.14000502173712,49.222618994558921],[-123.14003086684437,49.22170984885873],[-123.14007471416252,49.220819240254826],[-123.14012013334779,49.219903436626957],[-123.14014538423363,49.219337513107462],[-123.1408566286305,49.219355497543219],[-123.14382193862053,49.219430494523394],[-123.1453211371003,49.21942330308871],[-123.14681861623335,49.219442302278182],[-123.14751523024356,49.219449854967721],[-123.14826564298424,49.219458010225807],[-123.14827909671644,49.219031997315078],[-123.14829343846426,49.218580501010671],[-123.14831048100366,49.21818610455243],[-123.14832923166148,49.217751817619977],[-123.14832742232532,49.217323317233351],[-123.14832688980405,49.217188393279983],[-123.14832573843886,49.216914900224495],[-123.14829703410207,49.216555606896719],[-123.14825500112642,49.216478125249154],[-123.14840493847178,49.216384816683146],[-123.14851222635052,49.216068602169123],[-123.14849317261481,49.216014647179662],[-123.1484093519818,49.215777604231455],[-123.14843272639477,49.215083700038036],[-123.14845139639681,49.214597379341555],[-123.14846935016408,49.214129891989522],[-123.14849404823654,49.213280203080551],[-123.14855164594427,49.211961986464857],[-123.14857273766943,49.21150591318122],[-123.14859427445954,49.211027517959096],[-123.14861035784845,49.210671006156495],[-123.14861673661758,49.210542088244758],[-123.14865654887318,49.209738994693225],[-123.14872741566259,49.209477799975268],[-123.14827473236298,49.209052387769574],[-123.14875804495225,49.208814847043321],[-123.14888874959821,49.208750594565686],[-123.1489739550174,49.208466865988711],[-123.14902487999018,49.208297257861553],[-123.14912939081206,49.207949320926033],[-123.14924222077704,49.207573611470259],[-123.14935684104773,49.207494701225798],[-123.14927097344216,49.207427255299876],[-123.14948672345288,49.20632901816353],[-123.14954376258075,49.206038661959099],[-123.14966267387166,49.205433328331175],[-123.14972712756794,49.205105210697837],[-123.14743837188719,49.204546207043151],[-123.14208208981938,49.202346433233721],[-123.13924275893447,49.200428354667096],[-123.13664495675221,49.199140489279536],[-123.13243831671994,49.19854050165268],[-123.12682750385393,49.199353693716724],[-123.12584656367791,49.200130324233136],[-123.12580160247327,49.200149749249469],[-123.1173375252061,49.203805909587317],[-123.11657880655895,49.203982749214141],[-123.115985694446,49.204094755306734],[-123.11352147958607,49.204766566126409],[-123.10157586527353,49.204090102466118],[-123.10228948559812,49.204757754960276],[-123.10247339675909,49.204929816141053],[-123.10248571091471,49.205179016846671],[-123.10244234130211,49.206975009962541],[-123.10243751894822,49.207127323152832],[-123.10243394067348,49.207241413574636],[-123.10501719347081,49.207023223271179],[-123.10686731257621,49.206866906114115],[-123.10673811692909,49.20944690376151],[-123.10659120953899,49.21228960260283],[-123.1065887328737,49.212341847324268],[-123.10658634556962,49.212391203726668],[-123.10655016982545,49.21290000785315],[-123.10651971690169,49.213328109128014],[-123.10644782882802,49.214218019897316],[-123.10639402835912,49.215081300643632],[-123.10624851397377,49.215940414741382],[-123.10619622815976,49.216823607582128],[-123.10613692841198,49.217731799347668],[-123.10613346890814,49.218242152428786],[-123.10613121801372,49.218572115089344],[-123.10613188257605,49.218746076804308],[-123.10613424301641,49.219359510451113],[-123.10609322154565,49.220237599972599],[-123.10611192931712,49.221149700821783],[-123.10605492183036,49.221812718528035],[-123.10603714104495,49.222019592275025],[-123.10602031227056,49.222631561045311],[-123.10601235003425,49.222923405783497],[-123.10599003057406,49.223431773098859],[-123.10597821307195,49.223701671416528],[-123.10597322282511,49.223815012047581],[-123.10595064617878,49.224331080818835],[-123.10594316713991,49.22450183447723],[-123.10593102593546,49.22477951557817],[-123.10592220304997,49.225294383616607],[-123.10591434591436,49.225751119953124],[-123.10588223631272,49.226750994564448],[-123.10584252585652,49.227673198982778],[-123.10585396826647,49.228119825977913],[-123.10586533484491,49.228563796891962],[-123.10580987920461,49.229015633075619],[-123.105756520227,49.229450026450976],[-123.10573603546153,49.229943705642881],[-123.10571822982267,49.230372295014561],[-123.10569092176345,49.23098590977613],[-123.10567895175159,49.231289108548474],[-123.10566902892778,49.231712198552017],[-123.1056559331857,49.232202009159607],[-123.10565562756467,49.232212702316545],[-123.10563933503565,49.232629304444039],[-123.10562679838938,49.233160474594072],[-123.1081511267536,49.233255217036252],[-123.11078133825245,49.233347304493776],[-123.11208993520728,49.233387802259152],[-123.11249699911285,49.233398702144775],[-123.11267184066664,49.233457421709922],[-123.11346581348494,49.233494006408009],[-123.11354504070761,49.233497335991217],[-123.11533136854197,49.233572048186048],[-123.11603332106942,49.23360139610697],[-123.11637712311057,49.233614208704857],[-123.11787993282408,49.233666111195596],[-123.11940683584139,49.233728506095467],[-123.12089624127248,49.233777304174389],[-123.12125321855807,49.233788778379484],[-123.12239373981573,49.233825403099807],[-123.12389042328971,49.233866211771137],[-123.12394093214451,49.233867962433749],[-123.1280682099825,49.234011577208229],[-123.12808932444037,49.234012343106059],[-123.1280913067497,49.233961482360499],[-123.12809391816252,49.233893573203012],[-123.12889024215004,49.233924110917719]]]},"properties":{"CMNTY_HLTH_SERV_AREA_CODE":"3262","CMNTY_HLTH_SERV_AREA_NAME":"Oakridge/Marpole","LOCAL_HLTH_AREA_CODE":"326","LOCAL_HLTH_AREA_NAME":"Vancouver - South","HLTH_AUTHORITY_CODE":"3","HLTH_AUTHORITY_NAME":"Vancouver Coastal","OBJECTID":1640}}]}